{
  "type": "FeatureCollection",
  "features": [
    {
      "type": "Feature",
      "geometry": {
        "type": "Point",
        "coordinates": [
          141.935,
          45.52
        ]
      },
      "properties": {
        "amedas_code": "11001",
        "name": "宗谷岬",
        "name_kana": "ソウヤミサキ",
        "name_en": "Cape Soya",
        "altitude_m": 26.0,
        "record_value": 5.7,
        "record_date": "1989-07-02",
        "record_status": "success",
        "prec_no": "11",
        "block_no": "1284",
        "station_class": "a",
        "record_rank_url": "https://www.data.jma.go.jp/stats/etrn/view/rank_a.php?prec_no=11&block_no=1284&year=&month=07&day=&view=p1"
      }
    },
    {
      "type": "Feature",
      "geometry": {
        "type": "Point",
        "coordinates": [
          141.678333,
          45.415
        ]
      },
      "properties": {
        "amedas_code": "11016",
        "name": "稚内",
        "name_kana": "ワッカナイ",
        "name_en": "Wakkanai",
        "altitude_m": 3.0,
        "record_value": 6.4,
        "record_date": "1986-07-04",
        "record_status": "success",
        "prec_no": "11",
        "block_no": "47401",
        "station_class": "s",
        "record_rank_url": "https://www.data.jma.go.jp/stats/etrn/view/rank_s.php?prec_no=11&block_no=47401&year=&month=07&day=&view=p1"
      }
    },
    {
      "type": "Feature",
      "geometry": {
        "type": "Point",
        "coordinates": [
          141.045,
          45.305
        ]
      },
      "properties": {
        "amedas_code": "11046",
        "name": "礼文",
        "name_kana": "レブン",
        "name_en": "Rebun",
        "altitude_m": 65.0,
        "record_value": 8.1,
        "record_date": "2015-07-08",
        "record_status": "success",
        "prec_no": "11",
        "block_no": "1546",
        "station_class": "a",
        "record_rank_url": "https://www.data.jma.go.jp/stats/etrn/view/rank_a.php?prec_no=11&block_no=1546&year=&month=07&day=&view=p1"
      }
    },
    {
      "type": "Feature",
      "geometry": {
        "type": "Point",
        "coordinates": [
          141.801667,
          45.403333
        ]
      },
      "properties": {
        "amedas_code": "11061",
        "name": "声問",
        "name_kana": "コエトイ：稚内空港",
        "name_en": "Koetoi",
        "altitude_m": 8.0,
        "record_value": 3.9,
        "record_date": "2015-07-09",
        "record_status": "success",
        "prec_no": "11",
        "block_no": "1528",
        "station_class": "a",
        "record_rank_url": "https://www.data.jma.go.jp/stats/etrn/view/rank_a.php?prec_no=11&block_no=1528&year=&month=07&day=&view=p1"
      }
    },
    {
      "type": "Feature",
      "geometry": {
        "type": "Point",
        "coordinates": [
          142.17,
          45.335
        ]
      },
      "properties": {
        "amedas_code": "11076",
        "name": "浜鬼志別",
        "name_kana": "ハマオニシベツ",
        "name_en": "Hamaoni-Shibetsu",
        "altitude_m": 13.0,
        "record_value": 1.7,
        "record_date": "1993-07-01",
        "record_status": "success",
        "prec_no": "11",
        "block_no": "1285",
        "station_class": "a",
        "record_rank_url": "https://www.data.jma.go.jp/stats/etrn/view/rank_a.php?prec_no=11&block_no=1285&year=&month=07&day=&view=p1"
      }
    },
    {
      "type": "Feature",
      "geometry": {
        "type": "Point",
        "coordinates": [
          141.186667,
          45.241667
        ]
      },
      "properties": {
        "amedas_code": "11091",
        "name": "本泊",
        "name_kana": "モトドマリ：利尻空港",
        "name_en": "Motodomari",
        "altitude_m": 30.0,
        "record_value": 7.0,
        "record_date": "2026-07-03",
        "record_status": "success",
        "prec_no": "11",
        "block_no": "1512",
        "station_class": "a",
        "record_rank_url": "https://www.data.jma.go.jp/stats/etrn/view/rank_a.php?prec_no=11&block_no=1512&year=&month=07&day=&view=p1"
      }
    },
    {
      "type": "Feature",
      "geometry": {
        "type": "Point",
        "coordinates": [
          141.851667,
          45.248333
        ]
      },
      "properties": {
        "amedas_code": "11121",
        "name": "沼川",
        "name_kana": "ヌマカワ",
        "name_en": "Numakawa",
        "altitude_m": 23.0,
        "record_value": 1.0,
        "record_date": "1983-07-09",
        "record_status": "success",
        "prec_no": "11",
        "block_no": "1203",
        "station_class": "a",
        "record_rank_url": "https://www.data.jma.go.jp/stats/etrn/view/rank_a.php?prec_no=11&block_no=1203&year=&month=07&day=&view=p1"
      }
    },
    {
      "type": "Feature",
      "geometry": {
        "type": "Point",
        "coordinates": [
          141.138333,
          45.178333
        ]
      },
      "properties": {
        "amedas_code": "11151",
        "name": "沓形",
        "name_kana": "クツガタ",
        "name_en": "Kutsugata",
        "altitude_m": 14.0,
        "record_value": 5.5,
        "record_date": "1989-07-02",
        "record_status": "success",
        "prec_no": "11",
        "block_no": "0002",
        "station_class": "a",
        "record_rank_url": "https://www.data.jma.go.jp/stats/etrn/view/rank_a.php?prec_no=11&block_no=0002&year=&month=07&day=&view=p1"
      }
    },
    {
      "type": "Feature",
      "geometry": {
        "type": "Point",
        "coordinates": [
          141.78,
          45.101667
        ]
      },
      "properties": {
        "amedas_code": "11176",
        "name": "豊富",
        "name_kana": "トヨトミ",
        "name_en": "Toyotomi",
        "altitude_m": 14.0,
        "record_value": 2.9,
        "record_date": "1993-07-01",
        "record_status": "success",
        "prec_no": "11",
        "block_no": "1054",
        "station_class": "a",
        "record_rank_url": "https://www.data.jma.go.jp/stats/etrn/view/rank_a.php?prec_no=11&block_no=1054&year=&month=07&day=&view=p1"
      }
    },
    {
      "type": "Feature",
      "geometry": {
        "type": "Point",
        "coordinates": [
          142.35,
          45.125
        ]
      },
      "properties": {
        "amedas_code": "11206",
        "name": "浜頓別",
        "name_kana": "ハマトンベツ",
        "name_en": "Hamatonbetsu",
        "altitude_m": 18.0,
        "record_value": 1.0,
        "record_date": "1983-07-09",
        "record_status": "success",
        "prec_no": "11",
        "block_no": "0003",
        "station_class": "a",
        "record_rank_url": "https://www.data.jma.go.jp/stats/etrn/view/rank_a.php?prec_no=11&block_no=0003&year=&month=07&day=&view=p1"
      }
    },
    {
      "type": "Feature",
      "geometry": {
        "type": "Point",
        "coordinates": [
          142.28,
          44.965
        ]
      },
      "properties": {
        "amedas_code": "11276",
        "name": "中頓別",
        "name_kana": "ナカトンベツ",
        "name_en": "Nakatonbetsu",
        "altitude_m": 25.0,
        "record_value": 1.9,
        "record_date": "1983-07-09",
        "record_status": "success",
        "prec_no": "11",
        "block_no": "1051",
        "station_class": "a",
        "record_rank_url": "https://www.data.jma.go.jp/stats/etrn/view/rank_a.php?prec_no=11&block_no=1051&year=&month=07&day=&view=p1"
      }
    },
    {
      "type": "Feature",
      "geometry": {
        "type": "Point",
        "coordinates": [
          142.585,
          44.94
        ]
      },
      "properties": {
        "amedas_code": "11291",
        "name": "北見枝幸",
        "name_kana": "キタミエサシ",
        "name_en": "Kitami-Esashi",
        "altitude_m": 7.0,
        "record_value": 4.2,
        "record_date": "1983-07-10",
        "record_status": "success",
        "prec_no": "11",
        "block_no": "47402",
        "station_class": "s",
        "record_rank_url": "https://www.data.jma.go.jp/stats/etrn/view/rank_s.php?prec_no=11&block_no=47402&year=&month=07&day=&view=p1"
      }
    },
    {
      "type": "Feature",
      "geometry": {
        "type": "Point",
        "coordinates": [
          142.48,
          44.841667
        ]
      },
      "properties": {
        "amedas_code": "11316",
        "name": "歌登",
        "name_kana": "ウタノボリ",
        "name_en": "Utanobori",
        "altitude_m": 14.0,
        "record_value": 2.7,
        "record_date": "1983-07-09",
        "record_status": "success",
        "prec_no": "11",
        "block_no": "0005",
        "station_class": "a",
        "record_rank_url": "https://www.data.jma.go.jp/stats/etrn/view/rank_a.php?prec_no=11&block_no=0005&year=&month=07&day=&view=p1"
      }
    },
    {
      "type": "Feature",
      "geometry": {
        "type": "Point",
        "coordinates": [
          142.076667,
          44.828333
        ]
      },
      "properties": {
        "amedas_code": "12011",
        "name": "中川",
        "name_kana": "ナカガワ",
        "name_en": "Nakagawa",
        "altitude_m": 22.0,
        "record_value": 2.7,
        "record_date": "1983-07-08",
        "record_status": "success",
        "prec_no": "12",
        "block_no": "1201",
        "station_class": "a",
        "record_rank_url": "https://www.data.jma.go.jp/stats/etrn/view/rank_a.php?prec_no=12&block_no=1201&year=&month=07&day=&view=p1"
      }
    },
    {
      "type": "Feature",
      "geometry": {
        "type": "Point",
        "coordinates": [
          142.265,
          44.726667
        ]
      },
      "properties": {
        "amedas_code": "12041",
        "name": "音威子府",
        "name_kana": "オトイネップ",
        "name_en": "Otoineppu",
        "altitude_m": 40.0,
        "record_value": 4.6,
        "record_date": "1979-07-18",
        "record_status": "success",
        "prec_no": "12",
        "block_no": "1197",
        "station_class": "a",
        "record_rank_url": "https://www.data.jma.go.jp/stats/etrn/view/rank_a.php?prec_no=12&block_no=1197&year=&month=07&day=&view=p1"
      }
    },
    {
      "type": "Feature",
      "geometry": {
        "type": "Point",
        "coordinates": [
          142.341667,
          44.48
        ]
      },
      "properties": {
        "amedas_code": "12141",
        "name": "美深",
        "name_kana": "ビフカ",
        "name_en": "Bifuka",
        "altitude_m": 77.0,
        "record_value": 3.3,
        "record_date": "1979-07-18",
        "record_status": "success",
        "prec_no": "12",
        "block_no": "0006",
        "station_class": "a",
        "record_rank_url": "https://www.data.jma.go.jp/stats/etrn/view/rank_a.php?prec_no=12&block_no=0006&year=&month=07&day=&view=p1"
      }
    },
    {
      "type": "Feature",
      "geometry": {
        "type": "Point",
        "coordinates": [
          142.456667,
          44.37
        ]
      },
      "properties": {
        "amedas_code": "12181",
        "name": "名寄",
        "name_kana": "ナヨロ",
        "name_en": "Nayoro",
        "altitude_m": 89.0,
        "record_value": 3.4,
        "record_date": "1976-07-02",
        "record_status": "success",
        "prec_no": "12",
        "block_no": "0008",
        "station_class": "a",
        "record_rank_url": "https://www.data.jma.go.jp/stats/etrn/view/rank_a.php?prec_no=12&block_no=0008&year=&month=07&day=&view=p1"
      }
    },
    {
      "type": "Feature",
      "geometry": {
        "type": "Point",
        "coordinates": [
          142.636667,
          44.295
        ]
      },
      "properties": {
        "amedas_code": "12231",
        "name": "下川",
        "name_kana": "シモカワ",
        "name_en": "Shimokawa",
        "altitude_m": 143.0,
        "record_value": 1.5,
        "record_date": "1979-07-18",
        "record_status": "success",
        "prec_no": "12",
        "block_no": "0010",
        "station_class": "a",
        "record_rank_url": "https://www.data.jma.go.jp/stats/etrn/view/rank_a.php?prec_no=12&block_no=0010&year=&month=07&day=&view=p1"
      }
    },
    {
      "type": "Feature",
      "geometry": {
        "type": "Point",
        "coordinates": [
          142.416667,
          44.186667
        ]
      },
      "properties": {
        "amedas_code": "12261",
        "name": "士別",
        "name_kana": "シベツ",
        "name_en": "Shibetsu",
        "altitude_m": 135.0,
        "record_value": 4.6,
        "record_date": "1983-07-08",
        "record_status": "success",
        "prec_no": "12",
        "block_no": "0011",
        "station_class": "a",
        "record_rank_url": "https://www.data.jma.go.jp/stats/etrn/view/rank_a.php?prec_no=12&block_no=0011&year=&month=07&day=&view=p1"
      }
    },
    {
      "type": "Feature",
      "geometry": {
        "type": "Point",
        "coordinates": [
          142.595,
          44.118333
        ]
      },
      "properties": {
        "amedas_code": "12266",
        "name": "朝日",
        "name_kana": "アサヒ",
        "name_en": "Asahi",
        "altitude_m": 225.0,
        "record_value": 3.5,
        "record_date": "1979-07-18",
        "record_status": "success",
        "prec_no": "12",
        "block_no": "1047",
        "station_class": "a",
        "record_rank_url": "https://www.data.jma.go.jp/stats/etrn/view/rank_a.php?prec_no=12&block_no=1047&year=&month=07&day=&view=p1"
      }
    },
    {
      "type": "Feature",
      "geometry": {
        "type": "Point",
        "coordinates": [
          142.41,
          44.028333
        ]
      },
      "properties": {
        "amedas_code": "12301",
        "name": "和寒",
        "name_kana": "ワッサム",
        "name_en": "Wassamu",
        "altitude_m": 150.0,
        "record_value": 4.5,
        "record_date": "1979-07-18",
        "record_status": "success",
        "prec_no": "12",
        "block_no": "1055",
        "station_class": "a",
        "record_rank_url": "https://www.data.jma.go.jp/stats/etrn/view/rank_a.php?prec_no=12&block_no=1055&year=&month=07&day=&view=p1"
      }
    },
    {
      "type": "Feature",
      "geometry": {
        "type": "Point",
        "coordinates": [
          142.26,
          43.87
        ]
      },
      "properties": {
        "amedas_code": "12386",
        "name": "江丹別",
        "name_kana": "エタンベツ",
        "name_en": "Etanbetsu",
        "altitude_m": 140.0,
        "record_value": 2.5,
        "record_date": "1979-07-18",
        "record_status": "success",
        "prec_no": "12",
        "block_no": "1191",
        "station_class": "a",
        "record_rank_url": "https://www.data.jma.go.jp/stats/etrn/view/rank_a.php?prec_no=12&block_no=1191&year=&month=07&day=&view=p1"
      }
    },
    {
      "type": "Feature",
      "geometry": {
        "type": "Point",
        "coordinates": [
          142.47,
          43.87
        ]
      },
      "properties": {
        "amedas_code": "12396",
        "name": "比布",
        "name_kana": "ピップ",
        "name_en": "Pippu",
        "altitude_m": 164.0,
        "record_value": 5.5,
        "record_date": "1979-07-18",
        "record_status": "success",
        "prec_no": "12",
        "block_no": "1048",
        "station_class": "a",
        "record_rank_url": "https://www.data.jma.go.jp/stats/etrn/view/rank_a.php?prec_no=12&block_no=1048&year=&month=07&day=&view=p1"
      }
    },
    {
      "type": "Feature",
      "geometry": {
        "type": "Point",
        "coordinates": [
          142.753333,
          43.846667
        ]
      },
      "properties": {
        "amedas_code": "12411",
        "name": "上川",
        "name_kana": "カミカワ",
        "name_en": "Kamikawa",
        "altitude_m": 324.0,
        "record_value": 2.3,
        "record_date": "1979-07-18",
        "record_status": "success",
        "prec_no": "12",
        "block_no": "0015",
        "station_class": "a",
        "record_rank_url": "https://www.data.jma.go.jp/stats/etrn/view/rank_a.php?prec_no=12&block_no=0015&year=&month=07&day=&view=p1"
      }
    },
    {
      "type": "Feature",
      "geometry": {
        "type": "Point",
        "coordinates": [
          142.371667,
          43.756667
        ]
      },
      "properties": {
        "amedas_code": "12442",
        "name": "旭川",
        "name_kana": "アサヒカワ",
        "name_en": "Asahikawa",
        "altitude_m": 120.0,
        "record_value": 1.0,
        "record_date": "1890-07-07",
        "record_status": "success",
        "prec_no": "12",
        "block_no": "47407",
        "station_class": "s",
        "record_rank_url": "https://www.data.jma.go.jp/stats/etrn/view/rank_s.php?prec_no=12&block_no=47407&year=&month=07&day=&view=p1"
      }
    },
    {
      "type": "Feature",
      "geometry": {
        "type": "Point",
        "coordinates": [
          142.508333,
          43.701667
        ]
      },
      "properties": {
        "amedas_code": "12451",
        "name": "東川",
        "name_kana": "ヒガシカワ",
        "name_en": "Higashikawa",
        "altitude_m": 215.0,
        "record_value": 6.0,
        "record_date": "1979-07-18",
        "record_status": "success",
        "prec_no": "12",
        "block_no": "1184",
        "station_class": "a",
        "record_rank_url": "https://www.data.jma.go.jp/stats/etrn/view/rank_a.php?prec_no=12&block_no=1184&year=&month=07&day=&view=p1"
      }
    },
    {
      "type": "Feature",
      "geometry": {
        "type": "Point",
        "coordinates": [
          142.446667,
          43.67
        ]
      },
      "properties": {
        "amedas_code": "12501",
        "name": "東神楽",
        "name_kana": "ヒガシカグラ：旭川空港",
        "name_en": "Higashi-Kagura",
        "altitude_m": 211.0,
        "record_value": 5.2,
        "record_date": "2015-07-09",
        "record_status": "success",
        "prec_no": "12",
        "block_no": "1458",
        "station_class": "a",
        "record_rank_url": "https://www.data.jma.go.jp/stats/etrn/view/rank_a.php?prec_no=12&block_no=1458&year=&month=07&day=&view=p1"
      }
    },
    {
      "type": "Feature",
      "geometry": {
        "type": "Point",
        "coordinates": [
          142.581667,
          43.643333
        ]
      },
      "properties": {
        "amedas_code": "12512",
        "name": "志比内",
        "name_kana": "シビナイ",
        "name_en": "Shibinai",
        "altitude_m": 310.0,
        "record_value": 6.3,
        "record_date": "2015-07-09",
        "record_status": "success",
        "prec_no": "12",
        "block_no": "1185",
        "station_class": "a",
        "record_rank_url": "https://www.data.jma.go.jp/stats/etrn/view/rank_a.php?prec_no=12&block_no=1185&year=&month=07&day=&view=p1"
      }
    },
    {
      "type": "Feature",
      "geometry": {
        "type": "Point",
        "coordinates": [
          142.493333,
          43.588333
        ]
      },
      "properties": {
        "amedas_code": "12551",
        "name": "美瑛",
        "name_kana": "ビエイ",
        "name_en": "Biei",
        "altitude_m": 250.0,
        "record_value": 3.8,
        "record_date": "1979-07-18",
        "record_status": "success",
        "prec_no": "12",
        "block_no": "1052",
        "station_class": "a",
        "record_rank_url": "https://www.data.jma.go.jp/stats/etrn/view/rank_a.php?prec_no=12&block_no=1052&year=&month=07&day=&view=p1"
      }
    },
    {
      "type": "Feature",
      "geometry": {
        "type": "Point",
        "coordinates": [
          142.465,
          43.455
        ]
      },
      "properties": {
        "amedas_code": "12596",
        "name": "上富良野",
        "name_kana": "カミフラノ",
        "name_en": "Kami-Furano",
        "altitude_m": 220.0,
        "record_value": 5.8,
        "record_date": "1979-07-18",
        "record_status": "success",
        "prec_no": "12",
        "block_no": "1190",
        "station_class": "a",
        "record_rank_url": "https://www.data.jma.go.jp/stats/etrn/view/rank_a.php?prec_no=12&block_no=1190&year=&month=07&day=&view=p1"
      }
    },
    {
      "type": "Feature",
      "geometry": {
        "type": "Point",
        "coordinates": [
          142.4,
          43.333333
        ]
      },
      "properties": {
        "amedas_code": "12626",
        "name": "富良野",
        "name_kana": "フラノ",
        "name_en": "Furano",
        "altitude_m": 174.0,
        "record_value": 6.3,
        "record_date": "1976-07-01",
        "record_status": "success",
        "prec_no": "12",
        "block_no": "0021",
        "station_class": "a",
        "record_rank_url": "https://www.data.jma.go.jp/stats/etrn/view/rank_a.php?prec_no=12&block_no=0021&year=&month=07&day=&view=p1"
      }
    },
    {
      "type": "Feature",
      "geometry": {
        "type": "Point",
        "coordinates": [
          142.521667,
          43.301667
        ]
      },
      "properties": {
        "amedas_code": "12632",
        "name": "麓郷",
        "name_kana": "ロクゴウ",
        "name_en": "Rokugo",
        "altitude_m": 315.0,
        "record_value": 3.6,
        "record_date": "1979-07-18",
        "record_status": "success",
        "prec_no": "12",
        "block_no": "1280",
        "station_class": "a",
        "record_rank_url": "https://www.data.jma.go.jp/stats/etrn/view/rank_a.php?prec_no=12&block_no=1280&year=&month=07&day=&view=p1"
      }
    },
    {
      "type": "Feature",
      "geometry": {
        "type": "Point",
        "coordinates": [
          142.568333,
          43.168333
        ]
      },
      "properties": {
        "amedas_code": "12691",
        "name": "幾寅",
        "name_kana": "イクトラ",
        "name_en": "Ikutora",
        "altitude_m": 350.0,
        "record_value": 3.2,
        "record_date": "1979-07-18",
        "record_status": "success",
        "prec_no": "12",
        "block_no": "1188",
        "station_class": "a",
        "record_rank_url": "https://www.data.jma.go.jp/stats/etrn/view/rank_a.php?prec_no=12&block_no=1188&year=&month=07&day=&view=p1"
      }
    },
    {
      "type": "Feature",
      "geometry": {
        "type": "Point",
        "coordinates": [
          142.395,
          42.978333
        ]
      },
      "properties": {
        "amedas_code": "12746",
        "name": "占冠",
        "name_kana": "シムカップ",
        "name_en": "Shimukappu",
        "altitude_m": 332.0,
        "record_value": 4.1,
        "record_date": "1979-07-06",
        "record_status": "success",
        "prec_no": "12",
        "block_no": "1189",
        "station_class": "a",
        "record_rank_url": "https://www.data.jma.go.jp/stats/etrn/view/rank_a.php?prec_no=12&block_no=1189&year=&month=07&day=&view=p1"
      }
    },
    {
      "type": "Feature",
      "geometry": {
        "type": "Point",
        "coordinates": [
          141.761667,
          44.893333
        ]
      },
      "properties": {
        "amedas_code": "13061",
        "name": "天塩",
        "name_kana": "テシオ",
        "name_en": "Teshio",
        "altitude_m": 9.0,
        "record_value": 2.0,
        "record_date": "1993-07-01",
        "record_status": "success",
        "prec_no": "13",
        "block_no": "0024",
        "station_class": "a",
        "record_rank_url": "https://www.data.jma.go.jp/stats/etrn/view/rank_a.php?prec_no=13&block_no=0024&year=&month=07&day=&view=p1"
      }
    },
    {
      "type": "Feature",
      "geometry": {
        "type": "Point",
        "coordinates": [
          141.806667,
          44.718333
        ]
      },
      "properties": {
        "amedas_code": "13086",
        "name": "遠別",
        "name_kana": "エンベツ",
        "name_en": "Enbetsu",
        "altitude_m": 7.0,
        "record_value": 5.7,
        "record_date": "2015-07-08",
        "record_status": "success",
        "prec_no": "13",
        "block_no": "0025",
        "station_class": "a",
        "record_rank_url": "https://www.data.jma.go.jp/stats/etrn/view/rank_a.php?prec_no=13&block_no=0025&year=&month=07&day=&view=p1"
      }
    },
    {
      "type": "Feature",
      "geometry": {
        "type": "Point",
        "coordinates": [
          141.77,
          44.523333
        ]
      },
      "properties": {
        "amedas_code": "13121",
        "name": "初山別",
        "name_kana": "ショサンベツ",
        "name_en": "Shosanbetsu",
        "altitude_m": 27.0,
        "record_value": 5.3,
        "record_date": "1983-07-08",
        "record_status": "success",
        "prec_no": "13",
        "block_no": "1216",
        "station_class": "a",
        "record_rank_url": "https://www.data.jma.go.jp/stats/etrn/view/rank_a.php?prec_no=13&block_no=1216&year=&month=07&day=&view=p1"
      }
    },
    {
      "type": "Feature",
      "geometry": {
        "type": "Point",
        "coordinates": [
          141.421667,
          44.428333
        ]
      },
      "properties": {
        "amedas_code": "13146",
        "name": "焼尻",
        "name_kana": "ヤギシリ",
        "name_en": "Yagishiri",
        "altitude_m": 38.0,
        "record_value": 9.2,
        "record_date": "2018-07-06",
        "record_status": "success",
        "prec_no": "13",
        "block_no": "1213",
        "station_class": "a",
        "record_rank_url": "https://www.data.jma.go.jp/stats/etrn/view/rank_a.php?prec_no=13&block_no=1213&year=&month=07&day=&view=p1"
      }
    },
    {
      "type": "Feature",
      "geometry": {
        "type": "Point",
        "coordinates": [
          141.7,
          44.363333
        ]
      },
      "properties": {
        "amedas_code": "13181",
        "name": "羽幌",
        "name_kana": "ハボロ",
        "name_en": "Haboro",
        "altitude_m": 8.0,
        "record_value": 3.7,
        "record_date": "1925-07-13",
        "record_status": "success",
        "prec_no": "13",
        "block_no": "47404",
        "station_class": "s",
        "record_rank_url": "https://www.data.jma.go.jp/stats/etrn/view/rank_s.php?prec_no=13&block_no=47404&year=&month=07&day=&view=p1"
      }
    },
    {
      "type": "Feature",
      "geometry": {
        "type": "Point",
        "coordinates": [
          141.856667,
          44.048333
        ]
      },
      "properties": {
        "amedas_code": "13261",
        "name": "達布",
        "name_kana": "タップ",
        "name_en": "Tappu",
        "altitude_m": 30.0,
        "record_value": 4.9,
        "record_date": "2007-07-01",
        "record_status": "success",
        "prec_no": "13",
        "block_no": "1217",
        "station_class": "a",
        "record_rank_url": "https://www.data.jma.go.jp/stats/etrn/view/rank_a.php?prec_no=13&block_no=1217&year=&month=07&day=&view=p1"
      }
    },
    {
      "type": "Feature",
      "geometry": {
        "type": "Point",
        "coordinates": [
          141.631667,
          43.945
        ]
      },
      "properties": {
        "amedas_code": "13277",
        "name": "留萌",
        "name_kana": "ルモイ",
        "name_en": "Rumoi",
        "altitude_m": 24.0,
        "record_value": 5.0,
        "record_date": "1968-07-04",
        "record_status": "success",
        "prec_no": "13",
        "block_no": "47406",
        "station_class": "s",
        "record_rank_url": "https://www.data.jma.go.jp/stats/etrn/view/rank_s.php?prec_no=13&block_no=47406&year=&month=07&day=&view=p1"
      }
    },
    {
      "type": "Feature",
      "geometry": {
        "type": "Point",
        "coordinates": [
          141.51,
          43.848333
        ]
      },
      "properties": {
        "amedas_code": "13311",
        "name": "増毛",
        "name_kana": "マシケ",
        "name_en": "Mashike",
        "altitude_m": 20.0,
        "record_value": 7.4,
        "record_date": "2018-07-06",
        "record_status": "success",
        "prec_no": "13",
        "block_no": "0028",
        "station_class": "a",
        "record_rank_url": "https://www.data.jma.go.jp/stats/etrn/view/rank_a.php?prec_no=13&block_no=0028&year=&month=07&day=&view=p1"
      }
    },
    {
      "type": "Feature",
      "geometry": {
        "type": "Point",
        "coordinates": [
          141.76,
          43.853333
        ]
      },
      "properties": {
        "amedas_code": "13321",
        "name": "幌糠",
        "name_kana": "ホロヌカ",
        "name_en": "Horonuka",
        "altitude_m": 20.0,
        "record_value": 5.8,
        "record_date": "2007-07-02",
        "record_status": "success",
        "prec_no": "13",
        "block_no": "1218",
        "station_class": "a",
        "record_rank_url": "https://www.data.jma.go.jp/stats/etrn/view/rank_a.php?prec_no=13&block_no=1218&year=&month=07&day=&view=p1"
      }
    },
    {
      "type": "Feature",
      "geometry": {
        "type": "Point",
        "coordinates": [
          141.386667,
          43.581667
        ]
      },
      "properties": {
        "amedas_code": "14026",
        "name": "浜益",
        "name_kana": "ハママス",
        "name_en": "Hamamasu",
        "altitude_m": 3.0,
        "record_value": 6.8,
        "record_date": "1979-07-06",
        "record_status": "success",
        "prec_no": "14",
        "block_no": "1193",
        "station_class": "a",
        "record_rank_url": "https://www.data.jma.go.jp/stats/etrn/view/rank_a.php?prec_no=14&block_no=1193&year=&month=07&day=&view=p1"
      }
    },
    {
      "type": "Feature",
      "geometry": {
        "type": "Point",
        "coordinates": [
          141.436667,
          43.396667
        ]
      },
      "properties": {
        "amedas_code": "14071",
        "name": "厚田",
        "name_kana": "アツタ",
        "name_en": "Atsuta",
        "altitude_m": 5.0,
        "record_value": 5.5,
        "record_date": "1979-07-06",
        "record_status": "success",
        "prec_no": "14",
        "block_no": "1194",
        "station_class": "a",
        "record_rank_url": "https://www.data.jma.go.jp/stats/etrn/view/rank_a.php?prec_no=14&block_no=1194&year=&month=07&day=&view=p1"
      }
    },
    {
      "type": "Feature",
      "geometry": {
        "type": "Point",
        "coordinates": [
          141.645,
          43.22
        ]
      },
      "properties": {
        "amedas_code": "14101",
        "name": "新篠津",
        "name_kana": "シンシノツ",
        "name_en": "Shinshinotsu",
        "altitude_m": 9.0,
        "record_value": 8.0,
        "record_date": "1979-07-06",
        "record_status": "success",
        "prec_no": "14",
        "block_no": "0030",
        "station_class": "a",
        "record_rank_url": "https://www.data.jma.go.jp/stats/etrn/view/rank_a.php?prec_no=14&block_no=0030&year=&month=07&day=&view=p1"
      }
    },
    {
      "type": "Feature",
      "geometry": {
        "type": "Point",
        "coordinates": [
          141.221667,
          43.148333
        ]
      },
      "properties": {
        "amedas_code": "14116",
        "name": "山口",
        "name_kana": "ヤマグチ",
        "name_en": "Yamaguchi",
        "altitude_m": 5.0,
        "record_value": 7.2,
        "record_date": "1979-07-06",
        "record_status": "success",
        "prec_no": "14",
        "block_no": "0031",
        "station_class": "a",
        "record_rank_url": "https://www.data.jma.go.jp/stats/etrn/view/rank_a.php?prec_no=14&block_no=0031&year=&month=07&day=&view=p1"
      }
    },
    {
      "type": "Feature",
      "geometry": {
        "type": "Point",
        "coordinates": [
          141.37,
          43.193333
        ]
      },
      "properties": {
        "amedas_code": "14121",
        "name": "石狩",
        "name_kana": "イシカリ",
        "name_en": "Ishikari",
        "altitude_m": 5.0,
        "record_value": 7.4,
        "record_date": "2004-07-02",
        "record_status": "success",
        "prec_no": "14",
        "block_no": "1085",
        "station_class": "a",
        "record_rank_url": "https://www.data.jma.go.jp/stats/etrn/view/rank_a.php?prec_no=14&block_no=1085&year=&month=07&day=&view=p1"
      }
    },
    {
      "type": "Feature",
      "geometry": {
        "type": "Point",
        "coordinates": [
          141.601667,
          43.11
        ]
      },
      "properties": {
        "amedas_code": "14136",
        "name": "江別",
        "name_kana": "エベツ",
        "name_en": "Ebetsu",
        "altitude_m": 8.0,
        "record_value": 8.0,
        "record_date": "2007-07-02",
        "record_status": "success",
        "prec_no": "14",
        "block_no": "1507",
        "station_class": "a",
        "record_rank_url": "https://www.data.jma.go.jp/stats/etrn/view/rank_a.php?prec_no=14&block_no=1507&year=&month=07&day=&view=p1"
      }
    },
    {
      "type": "Feature",
      "geometry": {
        "type": "Point",
        "coordinates": [
          141.328333,
          43.06
        ]
      },
      "properties": {
        "amedas_code": "14163",
        "name": "札幌",
        "name_kana": "サッポロ",
        "name_en": "Sapporo",
        "altitude_m": 17.0,
        "record_value": 5.2,
        "record_date": "1900-07-08",
        "record_status": "success",
        "prec_no": "14",
        "block_no": "47412",
        "station_class": "s",
        "record_rank_url": "https://www.data.jma.go.jp/stats/etrn/view/rank_s.php?prec_no=14&block_no=47412&year=&month=07&day=&view=p1"
      }
    },
    {
      "type": "Feature",
      "geometry": {
        "type": "Point",
        "coordinates": [
          141.565,
          42.926667
        ]
      },
      "properties": {
        "amedas_code": "14206",
        "name": "恵庭島松",
        "name_kana": "エニワシママツ",
        "name_en": "Eniwa-Shimamatsu",
        "altitude_m": 30.0,
        "record_value": 7.0,
        "record_date": "1988-07-28",
        "record_status": "success",
        "prec_no": "14",
        "block_no": "0035",
        "station_class": "a",
        "record_rank_url": "https://www.data.jma.go.jp/stats/etrn/view/rank_a.php?prec_no=14&block_no=0035&year=&month=07&day=&view=p1"
      }
    },
    {
      "type": "Feature",
      "geometry": {
        "type": "Point",
        "coordinates": [
          141.406667,
          42.771667
        ]
      },
      "properties": {
        "amedas_code": "14286",
        "name": "支笏湖畔",
        "name_kana": "シコツコハン",
        "name_en": "Lake-shore Shikotsu",
        "altitude_m": 290.0,
        "record_value": 7.7,
        "record_date": "1979-07-06",
        "record_status": "success",
        "prec_no": "14",
        "block_no": "0037",
        "station_class": "a",
        "record_rank_url": "https://www.data.jma.go.jp/stats/etrn/view/rank_a.php?prec_no=14&block_no=0037&year=&month=07&day=&view=p1"
      }
    },
    {
      "type": "Feature",
      "geometry": {
        "type": "Point",
        "coordinates": [
          141.691667,
          42.775
        ]
      },
      "properties": {
        "amedas_code": "14296",
        "name": "千歳",
        "name_kana": "チトセ：新千歳空港",
        "name_en": "Chitose",
        "altitude_m": 22.0,
        "record_value": 8.0,
        "record_date": "2003-07-07",
        "record_status": "success",
        "prec_no": "14",
        "block_no": "1459",
        "station_class": "a",
        "record_rank_url": "https://www.data.jma.go.jp/stats/etrn/view/rank_a.php?prec_no=14&block_no=1459&year=&month=07&day=&view=p1"
      }
    },
    {
      "type": "Feature",
      "geometry": {
        "type": "Point",
        "coordinates": [
          142.161667,
          44.281667
        ]
      },
      "properties": {
        "amedas_code": "15041",
        "name": "朱鞠内",
        "name_kana": "シュマリナイ",
        "name_en": "Shumarinai",
        "altitude_m": 255.0,
        "record_value": 1.7,
        "record_date": "1983-07-08",
        "record_status": "success",
        "prec_no": "12",
        "block_no": "1279",
        "station_class": "a",
        "record_rank_url": "https://www.data.jma.go.jp/stats/etrn/view/rank_a.php?prec_no=12&block_no=1279&year=&month=07&day=&view=p1"
      }
    },
    {
      "type": "Feature",
      "geometry": {
        "type": "Point",
        "coordinates": [
          142.16,
          44.01
        ]
      },
      "properties": {
        "amedas_code": "15076",
        "name": "幌加内",
        "name_kana": "ホロカナイ",
        "name_en": "Horokanai",
        "altitude_m": 159.0,
        "record_value": 4.3,
        "record_date": "1979-07-18",
        "record_status": "success",
        "prec_no": "12",
        "block_no": "1053",
        "station_class": "a",
        "record_rank_url": "https://www.data.jma.go.jp/stats/etrn/view/rank_a.php?prec_no=12&block_no=1053&year=&month=07&day=&view=p1"
      }
    },
    {
      "type": "Feature",
      "geometry": {
        "type": "Point",
        "coordinates": [
          141.926667,
          43.815
        ]
      },
      "properties": {
        "amedas_code": "15116",
        "name": "石狩沼田",
        "name_kana": "イシカリヌマタ",
        "name_en": "Ishikari-Numata",
        "altitude_m": 63.0,
        "record_value": 5.7,
        "record_date": "2018-07-06",
        "record_status": "success",
        "prec_no": "15",
        "block_no": "0038",
        "station_class": "a",
        "record_rank_url": "https://www.data.jma.go.jp/stats/etrn/view/rank_a.php?prec_no=15&block_no=0038&year=&month=07&day=&view=p1"
      }
    },
    {
      "type": "Feature",
      "geometry": {
        "type": "Point",
        "coordinates": [
          141.961667,
          43.78
        ]
      },
      "properties": {
        "amedas_code": "15156",
        "name": "秩父別",
        "name_kana": "チップベツ",
        "name_en": "Chippubetsu",
        "altitude_m": 51.0,
        "record_value": 11.6,
        "record_date": "2024-07-03",
        "record_status": "success",
        "prec_no": "15",
        "block_no": "1674",
        "station_class": "a",
        "record_rank_url": "https://www.data.jma.go.jp/stats/etrn/view/rank_a.php?prec_no=15&block_no=1674&year=&month=07&day=&view=p1"
      }
    },
    {
      "type": "Feature",
      "geometry": {
        "type": "Point",
        "coordinates": [
          142.073333,
          43.718333
        ]
      },
      "properties": {
        "amedas_code": "15161",
        "name": "深川",
        "name_kana": "フカガワ",
        "name_en": "Fukagawa",
        "altitude_m": 55.0,
        "record_value": 6.8,
        "record_date": "2018-07-06",
        "record_status": "success",
        "prec_no": "15",
        "block_no": "0039",
        "station_class": "a",
        "record_rank_url": "https://www.data.jma.go.jp/stats/etrn/view/rank_a.php?prec_no=15&block_no=0039&year=&month=07&day=&view=p1"
      }
    },
    {
      "type": "Feature",
      "geometry": {
        "type": "Point",
        "coordinates": [
          141.731667,
          43.595
        ]
      },
      "properties": {
        "amedas_code": "15231",
        "name": "空知吉野",
        "name_kana": "ソラチヨシノ",
        "name_en": "Sorachi-Yoshino",
        "altitude_m": 100.0,
        "record_value": 5.3,
        "record_date": "1979-07-06",
        "record_status": "success",
        "prec_no": "15",
        "block_no": "1287",
        "station_class": "a",
        "record_rank_url": "https://www.data.jma.go.jp/stats/etrn/view/rank_a.php?prec_no=15&block_no=1287&year=&month=07&day=&view=p1"
      }
    },
    {
      "type": "Feature",
      "geometry": {
        "type": "Point",
        "coordinates": [
          141.938333,
          43.57
        ]
      },
      "properties": {
        "amedas_code": "15241",
        "name": "滝川",
        "name_kana": "タキカワ",
        "name_en": "Takikawa",
        "altitude_m": 50.0,
        "record_value": 7.2,
        "record_date": "1976-07-02",
        "record_status": "success",
        "prec_no": "15",
        "block_no": "0041",
        "station_class": "a",
        "record_rank_url": "https://www.data.jma.go.jp/stats/etrn/view/rank_a.php?prec_no=15&block_no=0041&year=&month=07&day=&view=p1"
      }
    },
    {
      "type": "Feature",
      "geometry": {
        "type": "Point",
        "coordinates": [
          142.19,
          43.52
        ]
      },
      "properties": {
        "amedas_code": "15251",
        "name": "芦別",
        "name_kana": "アシベツ",
        "name_en": "Ashibetsu",
        "altitude_m": 91.0,
        "record_value": 8.0,
        "record_date": "2015-07-08",
        "record_status": "success",
        "prec_no": "15",
        "block_no": "0043",
        "station_class": "a",
        "record_rank_url": "https://www.data.jma.go.jp/stats/etrn/view/rank_a.php?prec_no=15&block_no=0043&year=&month=07&day=&view=p1"
      }
    },
    {
      "type": "Feature",
      "geometry": {
        "type": "Point",
        "coordinates": [
          141.616667,
          43.33
        ]
      },
      "properties": {
        "amedas_code": "15311",
        "name": "月形",
        "name_kana": "ツキガタ",
        "name_en": "Tsukigata",
        "altitude_m": 50.0,
        "record_value": 6.1,
        "record_date": "1979-07-06",
        "record_status": "success",
        "prec_no": "15",
        "block_no": "0999",
        "station_class": "a",
        "record_rank_url": "https://www.data.jma.go.jp/stats/etrn/view/rank_a.php?prec_no=15&block_no=0999&year=&month=07&day=&view=p1"
      }
    },
    {
      "type": "Feature",
      "geometry": {
        "type": "Point",
        "coordinates": [
          141.826667,
          43.363333
        ]
      },
      "properties": {
        "amedas_code": "15321",
        "name": "美唄",
        "name_kana": "ビバイ",
        "name_en": "Bibai",
        "altitude_m": 16.0,
        "record_value": 8.0,
        "record_date": "1979-07-06",
        "record_status": "success",
        "prec_no": "15",
        "block_no": "0044",
        "station_class": "a",
        "record_rank_url": "https://www.data.jma.go.jp/stats/etrn/view/rank_a.php?prec_no=15&block_no=0044&year=&month=07&day=&view=p1"
      }
    },
    {
      "type": "Feature",
      "geometry": {
        "type": "Point",
        "coordinates": [
          141.785,
          43.211667
        ]
      },
      "properties": {
        "amedas_code": "15356",
        "name": "岩見沢",
        "name_kana": "イワミザワ",
        "name_en": "Iwamizawa",
        "altitude_m": 42.0,
        "record_value": 5.2,
        "record_date": "1968-07-04",
        "record_status": "success",
        "prec_no": "15",
        "block_no": "47413",
        "station_class": "s",
        "record_rank_url": "https://www.data.jma.go.jp/stats/etrn/view/rank_s.php?prec_no=15&block_no=47413&year=&month=07&day=&view=p1"
      }
    },
    {
      "type": "Feature",
      "geometry": {
        "type": "Point",
        "coordinates": [
          141.693333,
          43.011667
        ]
      },
      "properties": {
        "amedas_code": "15431",
        "name": "長沼",
        "name_kana": "ナガヌマ",
        "name_en": "Naganuma",
        "altitude_m": 13.0,
        "record_value": 8.3,
        "record_date": "1979-07-06",
        "record_status": "success",
        "prec_no": "15",
        "block_no": "0047",
        "station_class": "a",
        "record_rank_url": "https://www.data.jma.go.jp/stats/etrn/view/rank_a.php?prec_no=15&block_no=0047&year=&month=07&day=&view=p1"
      }
    },
    {
      "type": "Feature",
      "geometry": {
        "type": "Point",
        "coordinates": [
          141.956667,
          43.038333
        ]
      },
      "properties": {
        "amedas_code": "15442",
        "name": "夕張",
        "name_kana": "ユウバリ",
        "name_en": "Yubari",
        "altitude_m": 293.0,
        "record_value": 5.1,
        "record_date": "1979-07-06",
        "record_status": "success",
        "prec_no": "15",
        "block_no": "0049",
        "station_class": "a",
        "record_rank_url": "https://www.data.jma.go.jp/stats/etrn/view/rank_a.php?prec_no=15&block_no=0049&year=&month=07&day=&view=p1"
      }
    },
    {
      "type": "Feature",
      "geometry": {
        "type": "Point",
        "coordinates": [
          140.563333,
          43.271667
        ]
      },
      "properties": {
        "amedas_code": "16026",
        "name": "美国",
        "name_kana": "ビクニ",
        "name_en": "Bikuni",
        "altitude_m": 75.0,
        "record_value": 5.9,
        "record_date": "2004-07-02",
        "record_status": "success",
        "prec_no": "16",
        "block_no": "0051",
        "station_class": "a",
        "record_rank_url": "https://www.data.jma.go.jp/stats/etrn/view/rank_a.php?prec_no=16&block_no=0051&year=&month=07&day=&view=p1"
      }
    },
    {
      "type": "Feature",
      "geometry": {
        "type": "Point",
        "coordinates": [
          140.423333,
          43.145
        ]
      },
      "properties": {
        "amedas_code": "16061",
        "name": "神恵内",
        "name_kana": "カモエナイ",
        "name_en": "Kamoenai",
        "altitude_m": 50.0,
        "record_value": 9.8,
        "record_date": "2015-07-08",
        "record_status": "success",
        "prec_no": "16",
        "block_no": "1208",
        "station_class": "a",
        "record_rank_url": "https://www.data.jma.go.jp/stats/etrn/view/rank_a.php?prec_no=16&block_no=1208&year=&month=07&day=&view=p1"
      }
    },
    {
      "type": "Feature",
      "geometry": {
        "type": "Point",
        "coordinates": [
          140.758333,
          43.181667
        ]
      },
      "properties": {
        "amedas_code": "16076",
        "name": "余市",
        "name_kana": "ヨイチ",
        "name_en": "Yoichi",
        "altitude_m": 20.0,
        "record_value": 6.5,
        "record_date": "1983-07-02",
        "record_status": "success",
        "prec_no": "16",
        "block_no": "0052",
        "station_class": "a",
        "record_rank_url": "https://www.data.jma.go.jp/stats/etrn/view/rank_a.php?prec_no=16&block_no=0052&year=&month=07&day=&view=p1"
      }
    },
    {
      "type": "Feature",
      "geometry": {
        "type": "Point",
        "coordinates": [
          141.015,
          43.181667
        ]
      },
      "properties": {
        "amedas_code": "16091",
        "name": "小樽",
        "name_kana": "オタル",
        "name_en": "Otaru",
        "altitude_m": 25.0,
        "record_value": 9.0,
        "record_date": "1951-07-05",
        "record_status": "success",
        "prec_no": "16",
        "block_no": "47411",
        "station_class": "s",
        "record_rank_url": "https://www.data.jma.go.jp/stats/etrn/view/rank_s.php?prec_no=16&block_no=47411&year=&month=07&day=&view=p1"
      }
    },
    {
      "type": "Feature",
      "geometry": {
        "type": "Point",
        "coordinates": [
          140.603333,
          42.98
        ]
      },
      "properties": {
        "amedas_code": "16156",
        "name": "共和",
        "name_kana": "キョウワ",
        "name_en": "Kyowa",
        "altitude_m": 15.0,
        "record_value": 7.6,
        "record_date": "2015-07-08",
        "record_status": "success",
        "prec_no": "16",
        "block_no": "0054",
        "station_class": "a",
        "record_rank_url": "https://www.data.jma.go.jp/stats/etrn/view/rank_a.php?prec_no=16&block_no=0054&year=&month=07&day=&view=p1"
      }
    },
    {
      "type": "Feature",
      "geometry": {
        "type": "Point",
        "coordinates": [
          140.541667,
          42.81
        ]
      },
      "properties": {
        "amedas_code": "16206",
        "name": "蘭越",
        "name_kana": "ランコシ",
        "name_en": "Rankoshi",
        "altitude_m": 39.0,
        "record_value": 5.5,
        "record_date": "1979-07-06",
        "record_status": "success",
        "prec_no": "16",
        "block_no": "0055",
        "station_class": "a",
        "record_rank_url": "https://www.data.jma.go.jp/stats/etrn/view/rank_a.php?prec_no=16&block_no=0055&year=&month=07&day=&view=p1"
      }
    },
    {
      "type": "Feature",
      "geometry": {
        "type": "Point",
        "coordinates": [
          140.756667,
          42.9
        ]
      },
      "properties": {
        "amedas_code": "16217",
        "name": "倶知安",
        "name_kana": "クッチャン",
        "name_en": "Kutchan",
        "altitude_m": 176.0,
        "record_value": 4.6,
        "record_date": "1951-07-05",
        "record_status": "success",
        "prec_no": "16",
        "block_no": "47433",
        "station_class": "s",
        "record_rank_url": "https://www.data.jma.go.jp/stats/etrn/view/rank_s.php?prec_no=16&block_no=47433&year=&month=07&day=&view=p1"
      }
    },
    {
      "type": "Feature",
      "geometry": {
        "type": "Point",
        "coordinates": [
          140.223333,
          42.795
        ]
      },
      "properties": {
        "amedas_code": "16252",
        "name": "寿都",
        "name_kana": "スッツ",
        "name_en": "Suttsu",
        "altitude_m": 33.0,
        "record_value": 7.1,
        "record_date": "1887-07-03",
        "record_status": "success",
        "prec_no": "16",
        "block_no": "47421",
        "station_class": "s",
        "record_rank_url": "https://www.data.jma.go.jp/stats/etrn/view/rank_s.php?prec_no=16&block_no=47421&year=&month=07&day=&view=p1"
      }
    },
    {
      "type": "Feature",
      "geometry": {
        "type": "Point",
        "coordinates": [
          140.88,
          42.775
        ]
      },
      "properties": {
        "amedas_code": "16281",
        "name": "真狩",
        "name_kana": "マッカリ",
        "name_en": "Makkari",
        "altitude_m": 440.0,
        "record_value": 5.9,
        "record_date": "2004-07-02",
        "record_status": "success",
        "prec_no": "16",
        "block_no": "1072",
        "station_class": "a",
        "record_rank_url": "https://www.data.jma.go.jp/stats/etrn/view/rank_a.php?prec_no=16&block_no=1072&year=&month=07&day=&view=p1"
      }
    },
    {
      "type": "Feature",
      "geometry": {
        "type": "Point",
        "coordinates": [
          140.948333,
          42.793333
        ]
      },
      "properties": {
        "amedas_code": "16286",
        "name": "喜茂別",
        "name_kana": "キモベツ",
        "name_en": "Kimobetsu",
        "altitude_m": 264.0,
        "record_value": 2.4,
        "record_date": "1979-07-06",
        "record_status": "success",
        "prec_no": "16",
        "block_no": "0060",
        "station_class": "a",
        "record_rank_url": "https://www.data.jma.go.jp/stats/etrn/view/rank_a.php?prec_no=16&block_no=0060&year=&month=07&day=&view=p1"
      }
    },
    {
      "type": "Feature",
      "geometry": {
        "type": "Point",
        "coordinates": [
          140.31,
          42.663333
        ]
      },
      "properties": {
        "amedas_code": "16321",
        "name": "黒松内",
        "name_kana": "クロマツナイ",
        "name_en": "Kuromatsunai",
        "altitude_m": 27.0,
        "record_value": 4.3,
        "record_date": "1979-07-06",
        "record_status": "success",
        "prec_no": "16",
        "block_no": "0061",
        "station_class": "a",
        "record_rank_url": "https://www.data.jma.go.jp/stats/etrn/view/rank_a.php?prec_no=16&block_no=0061&year=&month=07&day=&view=p1"
      }
    },
    {
      "type": "Feature",
      "geometry": {
        "type": "Point",
        "coordinates": [
          142.963333,
          44.58
        ]
      },
      "properties": {
        "amedas_code": "17036",
        "name": "雄武",
        "name_kana": "オウム",
        "name_en": "Omu",
        "altitude_m": 14.0,
        "record_value": 1.5,
        "record_date": "1983-07-10",
        "record_status": "success",
        "prec_no": "17",
        "block_no": "47405",
        "station_class": "s",
        "record_rank_url": "https://www.data.jma.go.jp/stats/etrn/view/rank_s.php?prec_no=17&block_no=47405&year=&month=07&day=&view=p1"
      }
    },
    {
      "type": "Feature",
      "geometry": {
        "type": "Point",
        "coordinates": [
          143.108333,
          44.47
        ]
      },
      "properties": {
        "amedas_code": "17076",
        "name": "興部",
        "name_kana": "オコッペ",
        "name_en": "Okoppe",
        "altitude_m": 8.0,
        "record_value": 0.7,
        "record_date": "1983-07-10",
        "record_status": "success",
        "prec_no": "17",
        "block_no": "0063",
        "station_class": "a",
        "record_rank_url": "https://www.data.jma.go.jp/stats/etrn/view/rank_a.php?prec_no=17&block_no=0063&year=&month=07&day=&view=p1"
      }
    },
    {
      "type": "Feature",
      "geometry": {
        "type": "Point",
        "coordinates": [
          142.935,
          44.331667
        ]
      },
      "properties": {
        "amedas_code": "17091",
        "name": "西興部",
        "name_kana": "ニシオコッペ",
        "name_en": "Nishi-Okoppe",
        "altitude_m": 120.0,
        "record_value": 2.5,
        "record_date": "1983-07-02",
        "record_status": "success",
        "prec_no": "17",
        "block_no": "1073",
        "station_class": "a",
        "record_rank_url": "https://www.data.jma.go.jp/stats/etrn/view/rank_a.php?prec_no=17&block_no=1073&year=&month=07&day=&view=p1"
      }
    },
    {
      "type": "Feature",
      "geometry": {
        "type": "Point",
        "coordinates": [
          143.355,
          44.345
        ]
      },
      "properties": {
        "amedas_code": "17112",
        "name": "紋別",
        "name_kana": "モンベツ",
        "name_en": "Mombetsu",
        "altitude_m": 16.0,
        "record_value": 4.3,
        "record_date": "1983-07-10",
        "record_status": "success",
        "prec_no": "17",
        "block_no": "47435",
        "station_class": "s",
        "record_rank_url": "https://www.data.jma.go.jp/stats/etrn/view/rank_s.php?prec_no=17&block_no=47435&year=&month=07&day=&view=p1"
      }
    },
    {
      "type": "Feature",
      "geometry": {
        "type": "Point",
        "coordinates": [
          143.403333,
          44.303333
        ]
      },
      "properties": {
        "amedas_code": "17116",
        "name": "紋別小向",
        "name_kana": "モンベツコムカイ：紋別空港",
        "name_en": "Mombetsu-Komukai",
        "altitude_m": 18.0,
        "record_value": 6.5,
        "record_date": "2007-07-02",
        "record_status": "success",
        "prec_no": "17",
        "block_no": "1487",
        "station_class": "a",
        "record_rank_url": "https://www.data.jma.go.jp/stats/etrn/view/rank_a.php?prec_no=17&block_no=1487&year=&month=07&day=&view=p1"
      }
    },
    {
      "type": "Feature",
      "geometry": {
        "type": "Point",
        "coordinates": [
          143.618333,
          44.213333
        ]
      },
      "properties": {
        "amedas_code": "17166",
        "name": "湧別",
        "name_kana": "ユウベツ",
        "name_en": "Yubetsu",
        "altitude_m": 5.0,
        "record_value": 3.8,
        "record_date": "1983-07-09",
        "record_status": "success",
        "prec_no": "17",
        "block_no": "0065",
        "station_class": "a",
        "record_rank_url": "https://www.data.jma.go.jp/stats/etrn/view/rank_a.php?prec_no=17&block_no=0065&year=&month=07&day=&view=p1"
      }
    },
    {
      "type": "Feature",
      "geometry": {
        "type": "Point",
        "coordinates": [
          143.061667,
          44.176667
        ]
      },
      "properties": {
        "amedas_code": "17196",
        "name": "滝上",
        "name_kana": "タキノウエ",
        "name_en": "Takinoue",
        "altitude_m": 165.0,
        "record_value": 2.3,
        "record_date": "2015-07-09",
        "record_status": "success",
        "prec_no": "17",
        "block_no": "0066",
        "station_class": "a",
        "record_rank_url": "https://www.data.jma.go.jp/stats/etrn/view/rank_a.php?prec_no=17&block_no=0066&year=&month=07&day=&view=p1"
      }
    },
    {
      "type": "Feature",
      "geometry": {
        "type": "Point",
        "coordinates": [
          144.036667,
          44.115
        ]
      },
      "properties": {
        "amedas_code": "17246",
        "name": "常呂",
        "name_kana": "トコロ",
        "name_en": "Tokoro",
        "altitude_m": 3.0,
        "record_value": 3.8,
        "record_date": "1983-07-10",
        "record_status": "success",
        "prec_no": "17",
        "block_no": "0068",
        "station_class": "a",
        "record_rank_url": "https://www.data.jma.go.jp/stats/etrn/view/rank_a.php?prec_no=17&block_no=0068&year=&month=07&day=&view=p1"
      }
    },
    {
      "type": "Feature",
      "geometry": {
        "type": "Point",
        "coordinates": [
          143.54,
          44.053333
        ]
      },
      "properties": {
        "amedas_code": "17306",
        "name": "遠軽",
        "name_kana": "エンガル",
        "name_en": "Engaru",
        "altitude_m": 80.0,
        "record_value": 3.7,
        "record_date": "1983-07-10",
        "record_status": "success",
        "prec_no": "17",
        "block_no": "0069",
        "station_class": "a",
        "record_rank_url": "https://www.data.jma.go.jp/stats/etrn/view/rank_a.php?prec_no=17&block_no=0069&year=&month=07&day=&view=p1"
      }
    },
    {
      "type": "Feature",
      "geometry": {
        "type": "Point",
        "coordinates": [
          143.76,
          44.018333
        ]
      },
      "properties": {
        "amedas_code": "17316",
        "name": "佐呂間",
        "name_kana": "サロマ",
        "name_en": "Saroma",
        "altitude_m": 54.0,
        "record_value": 3.5,
        "record_date": "2015-07-09",
        "record_status": "success",
        "prec_no": "17",
        "block_no": "0070",
        "station_class": "a",
        "record_rank_url": "https://www.data.jma.go.jp/stats/etrn/view/rank_a.php?prec_no=17&block_no=0070&year=&month=07&day=&view=p1"
      }
    },
    {
      "type": "Feature",
      "geometry": {
        "type": "Point",
        "coordinates": [
          144.278333,
          44.016667
        ]
      },
      "properties": {
        "amedas_code": "17341",
        "name": "網走",
        "name_kana": "アバシリ",
        "name_en": "Abashiri",
        "altitude_m": 38.0,
        "record_value": 2.8,
        "record_date": "1895-07-02",
        "record_status": "success",
        "prec_no": "17",
        "block_no": "47409",
        "station_class": "s",
        "record_rank_url": "https://www.data.jma.go.jp/stats/etrn/view/rank_s.php?prec_no=17&block_no=47409&year=&month=07&day=&view=p1"
      }
    },
    {
      "type": "Feature",
      "geometry": {
        "type": "Point",
        "coordinates": [
          144.981667,
          44.051667
        ]
      },
      "properties": {
        "amedas_code": "17351",
        "name": "宇登呂",
        "name_kana": "ウトロ",
        "name_en": "Utoro",
        "altitude_m": 144.0,
        "record_value": 3.5,
        "record_date": "1983-07-10",
        "record_status": "success",
        "prec_no": "17",
        "block_no": "0981",
        "station_class": "a",
        "record_rank_url": "https://www.data.jma.go.jp/stats/etrn/view/rank_a.php?prec_no=17&block_no=0981&year=&month=07&day=&view=p1"
      }
    },
    {
      "type": "Feature",
      "geometry": {
        "type": "Point",
        "coordinates": [
          143.153333,
          43.865
        ]
      },
      "properties": {
        "amedas_code": "17482",
        "name": "白滝",
        "name_kana": "シラタキ",
        "name_en": "Shirataki",
        "altitude_m": 475.0,
        "record_value": 5.1,
        "record_date": "2018-07-07",
        "record_status": "success",
        "prec_no": "17",
        "block_no": "1092",
        "station_class": "a",
        "record_rank_url": "https://www.data.jma.go.jp/stats/etrn/view/rank_a.php?prec_no=17&block_no=1092&year=&month=07&day=&view=p1"
      }
    },
    {
      "type": "Feature",
      "geometry": {
        "type": "Point",
        "coordinates": [
          143.531667,
          43.916667
        ]
      },
      "properties": {
        "amedas_code": "17501",
        "name": "生田原",
        "name_kana": "イクタハラ",
        "name_en": "Ikutahara",
        "altitude_m": 199.0,
        "record_value": 2.1,
        "record_date": "1979-07-06",
        "record_status": "success",
        "prec_no": "17",
        "block_no": "0072",
        "station_class": "a",
        "record_rank_url": "https://www.data.jma.go.jp/stats/etrn/view/rank_a.php?prec_no=17&block_no=0072&year=&month=07&day=&view=p1"
      }
    },
    {
      "type": "Feature",
      "geometry": {
        "type": "Point",
        "coordinates": [
          143.841667,
          43.776667
        ]
      },
      "properties": {
        "amedas_code": "17521",
        "name": "北見",
        "name_kana": "キタミ",
        "name_en": "Kitami",
        "altitude_m": 104.0,
        "record_value": 3.4,
        "record_date": "1976-07-02",
        "record_status": "success",
        "prec_no": "17",
        "block_no": "0074",
        "station_class": "a",
        "record_rank_url": "https://www.data.jma.go.jp/stats/etrn/view/rank_a.php?prec_no=17&block_no=0074&year=&month=07&day=&view=p1"
      }
    },
    {
      "type": "Feature",
      "geometry": {
        "type": "Point",
        "coordinates": [
          144.163333,
          43.88
        ]
      },
      "properties": {
        "amedas_code": "17531",
        "name": "女満別",
        "name_kana": "メマンベツ：女満別空港",
        "name_en": "Memanbetsu",
        "altitude_m": 33.0,
        "record_value": 6.3,
        "record_date": "2005-07-01",
        "record_status": "success",
        "prec_no": "17",
        "block_no": "1460",
        "station_class": "a",
        "record_rank_url": "https://www.data.jma.go.jp/stats/etrn/view/rank_a.php?prec_no=17&block_no=1460&year=&month=07&day=&view=p1"
      }
    },
    {
      "type": "Feature",
      "geometry": {
        "type": "Point",
        "coordinates": [
          144.485,
          43.841667
        ]
      },
      "properties": {
        "amedas_code": "17546",
        "name": "小清水",
        "name_kana": "コシミズ",
        "name_en": "Koshimizu",
        "altitude_m": 52.0,
        "record_value": 2.9,
        "record_date": "1983-07-10",
        "record_status": "success",
        "prec_no": "17",
        "block_no": "0075",
        "station_class": "a",
        "record_rank_url": "https://www.data.jma.go.jp/stats/etrn/view/rank_a.php?prec_no=17&block_no=0075&year=&month=07&day=&view=p1"
      }
    },
    {
      "type": "Feature",
      "geometry": {
        "type": "Point",
        "coordinates": [
          144.7,
          43.885
        ]
      },
      "properties": {
        "amedas_code": "17561",
        "name": "斜里",
        "name_kana": "シャリ",
        "name_en": "Shari",
        "altitude_m": 15.0,
        "record_value": 2.6,
        "record_date": "1993-07-01",
        "record_status": "success",
        "prec_no": "17",
        "block_no": "0076",
        "station_class": "a",
        "record_rank_url": "https://www.data.jma.go.jp/stats/etrn/view/rank_a.php?prec_no=17&block_no=0076&year=&month=07&day=&view=p1"
      }
    },
    {
      "type": "Feature",
      "geometry": {
        "type": "Point",
        "coordinates": [
          143.45,
          43.741667
        ]
      },
      "properties": {
        "amedas_code": "17596",
        "name": "留辺蘂",
        "name_kana": "ルベシベ",
        "name_en": "Rubeshibe",
        "altitude_m": 325.0,
        "record_value": 3.5,
        "record_date": "1979-07-06",
        "record_status": "success",
        "prec_no": "17",
        "block_no": "0077",
        "station_class": "a",
        "record_rank_url": "https://www.data.jma.go.jp/stats/etrn/view/rank_a.php?prec_no=17&block_no=0077&year=&month=07&day=&view=p1"
      }
    },
    {
      "type": "Feature",
      "geometry": {
        "type": "Point",
        "coordinates": [
          143.643333,
          43.706667
        ]
      },
      "properties": {
        "amedas_code": "17607",
        "name": "境野",
        "name_kana": "サカイノ",
        "name_en": "Sakaino",
        "altitude_m": 184.0,
        "record_value": 3.1,
        "record_date": "1993-07-01",
        "record_status": "success",
        "prec_no": "17",
        "block_no": "1209",
        "station_class": "a",
        "record_rank_url": "https://www.data.jma.go.jp/stats/etrn/view/rank_a.php?prec_no=17&block_no=1209&year=&month=07&day=&view=p1"
      }
    },
    {
      "type": "Feature",
      "geometry": {
        "type": "Point",
        "coordinates": [
          144.171667,
          43.77
        ]
      },
      "properties": {
        "amedas_code": "17631",
        "name": "美幌",
        "name_kana": "ビホロ",
        "name_en": "Bihoro",
        "altitude_m": 60.0,
        "record_value": 2.4,
        "record_date": "1983-07-10",
        "record_status": "success",
        "prec_no": "17",
        "block_no": "0079",
        "station_class": "a",
        "record_rank_url": "https://www.data.jma.go.jp/stats/etrn/view/rank_a.php?prec_no=17&block_no=0079&year=&month=07&day=&view=p1"
      }
    },
    {
      "type": "Feature",
      "geometry": {
        "type": "Point",
        "coordinates": [
          144.033333,
          43.701667
        ]
      },
      "properties": {
        "amedas_code": "17717",
        "name": "津別",
        "name_kana": "ツベツ",
        "name_en": "Tsubetsu",
        "altitude_m": 100.0,
        "record_value": 4.1,
        "record_date": "1993-07-01",
        "record_status": "success",
        "prec_no": "17",
        "block_no": "0082",
        "station_class": "a",
        "record_rank_url": "https://www.data.jma.go.jp/stats/etrn/view/rank_a.php?prec_no=17&block_no=0082&year=&month=07&day=&view=p1"
      }
    },
    {
      "type": "Feature",
      "geometry": {
        "type": "Point",
        "coordinates": [
          145.186667,
          44.023333
        ]
      },
      "properties": {
        "amedas_code": "18038",
        "name": "羅臼",
        "name_kana": "ラウス",
        "name_en": "Rausu",
        "altitude_m": 15.0,
        "record_value": 5.7,
        "record_date": "2015-07-09",
        "record_status": "success",
        "prec_no": "18",
        "block_no": "0084",
        "station_class": "a",
        "record_rank_url": "https://www.data.jma.go.jp/stats/etrn/view/rank_a.php?prec_no=18&block_no=0084&year=&month=07&day=&view=p1"
      }
    },
    {
      "type": "Feature",
      "geometry": {
        "type": "Point",
        "coordinates": [
          145.131667,
          43.661667
        ]
      },
      "properties": {
        "amedas_code": "18136",
        "name": "標津",
        "name_kana": "シベツ",
        "name_en": "Shibetsu",
        "altitude_m": 3.0,
        "record_value": 3.0,
        "record_date": "1983-07-02",
        "record_status": "success",
        "prec_no": "18",
        "block_no": "0085",
        "station_class": "a",
        "record_rank_url": "https://www.data.jma.go.jp/stats/etrn/view/rank_a.php?prec_no=18&block_no=0085&year=&month=07&day=&view=p1"
      }
    },
    {
      "type": "Feature",
      "geometry": {
        "type": "Point",
        "coordinates": [
          144.746667,
          43.52
        ]
      },
      "properties": {
        "amedas_code": "18161",
        "name": "上標津",
        "name_kana": "カミシベツ",
        "name_en": "Kami-shibetsu",
        "altitude_m": 160.0,
        "record_value": 4.1,
        "record_date": "2004-07-12",
        "record_status": "success",
        "prec_no": "18",
        "block_no": "1547",
        "station_class": "a",
        "record_rank_url": "https://www.data.jma.go.jp/stats/etrn/view/rank_a.php?prec_no=18&block_no=1547&year=&month=07&day=&view=p1"
      }
    },
    {
      "type": "Feature",
      "geometry": {
        "type": "Point",
        "coordinates": [
          144.978333,
          43.543333
        ]
      },
      "properties": {
        "amedas_code": "18171",
        "name": "中標津",
        "name_kana": "ナカシベツ",
        "name_en": "Naka-shibetsu",
        "altitude_m": 50.0,
        "record_value": 1.4,
        "record_date": "1979-07-18",
        "record_status": "success",
        "prec_no": "18",
        "block_no": "0086",
        "station_class": "a",
        "record_rank_url": "https://www.data.jma.go.jp/stats/etrn/view/rank_a.php?prec_no=18&block_no=0086&year=&month=07&day=&view=p1"
      }
    },
    {
      "type": "Feature",
      "geometry": {
        "type": "Point",
        "coordinates": [
          144.96,
          43.576667
        ]
      },
      "properties": {
        "amedas_code": "18174",
        "name": "根室中標津",
        "name_kana": "ネムロナカシベツ：中標津空港",
        "name_en": "Nemuro-Nakashibetsu",
        "altitude_m": 65.0,
        "record_value": 2.9,
        "record_date": "2007-07-02",
        "record_status": "success",
        "prec_no": "18",
        "block_no": "1489",
        "station_class": "a",
        "record_rank_url": "https://www.data.jma.go.jp/stats/etrn/view/rank_a.php?prec_no=18&block_no=1489&year=&month=07&day=&view=p1"
      }
    },
    {
      "type": "Feature",
      "geometry": {
        "type": "Point",
        "coordinates": [
          145.118333,
          43.381667
        ]
      },
      "properties": {
        "amedas_code": "18256",
        "name": "別海",
        "name_kana": "ベツカイ",
        "name_en": "Betsukai",
        "altitude_m": 23.0,
        "record_value": 1.8,
        "record_date": "1983-07-02",
        "record_status": "success",
        "prec_no": "18",
        "block_no": "0088",
        "station_class": "a",
        "record_rank_url": "https://www.data.jma.go.jp/stats/etrn/view/rank_a.php?prec_no=18&block_no=0088&year=&month=07&day=&view=p1"
      }
    },
    {
      "type": "Feature",
      "geometry": {
        "type": "Point",
        "coordinates": [
          145.585,
          43.33
        ]
      },
      "properties": {
        "amedas_code": "18273",
        "name": "根室",
        "name_kana": "ネムロ",
        "name_en": "Nemuro",
        "altitude_m": 25.0,
        "record_value": 0.4,
        "record_date": "1883-07-07",
        "record_status": "success",
        "prec_no": "18",
        "block_no": "47420",
        "station_class": "s",
        "record_rank_url": "https://www.data.jma.go.jp/stats/etrn/view/rank_s.php?prec_no=18&block_no=47420&year=&month=07&day=&view=p1"
      }
    },
    {
      "type": "Feature",
      "geometry": {
        "type": "Point",
        "coordinates": [
          145.758333,
          43.393333
        ]
      },
      "properties": {
        "amedas_code": "18281",
        "name": "納沙布",
        "name_kana": "ノサップ",
        "name_en": "Nosappu",
        "altitude_m": 12.0,
        "record_value": 3.8,
        "record_date": "1988-07-14",
        "record_status": "success",
        "prec_no": "18",
        "block_no": "1056",
        "station_class": "a",
        "record_rank_url": "https://www.data.jma.go.jp/stats/etrn/view/rank_a.php?prec_no=18&block_no=1056&year=&month=07&day=&view=p1"
      }
    },
    {
      "type": "Feature",
      "geometry": {
        "type": "Point",
        "coordinates": [
          145.226667,
          43.22
        ]
      },
      "properties": {
        "amedas_code": "18311",
        "name": "厚床",
        "name_kana": "アットコ",
        "name_en": "Attoko",
        "altitude_m": 41.0,
        "record_value": 1.8,
        "record_date": "2003-07-06",
        "record_status": "success",
        "prec_no": "18",
        "block_no": "1196",
        "station_class": "a",
        "record_rank_url": "https://www.data.jma.go.jp/stats/etrn/view/rank_a.php?prec_no=18&block_no=1196&year=&month=07&day=&view=p1"
      }
    },
    {
      "type": "Feature",
      "geometry": {
        "type": "Point",
        "coordinates": [
          144.456667,
          43.616667
        ]
      },
      "properties": {
        "amedas_code": "19021",
        "name": "川湯",
        "name_kana": "カワユ",
        "name_en": "Kawayu",
        "altitude_m": 158.0,
        "record_value": 1.9,
        "record_date": "2015-07-09",
        "record_status": "success",
        "prec_no": "19",
        "block_no": "0090",
        "station_class": "a",
        "record_rank_url": "https://www.data.jma.go.jp/stats/etrn/view/rank_a.php?prec_no=19&block_no=0090&year=&month=07&day=&view=p1"
      }
    },
    {
      "type": "Feature",
      "geometry": {
        "type": "Point",
        "coordinates": [
          144.466667,
          43.51
        ]
      },
      "properties": {
        "amedas_code": "19051",
        "name": "弟子屈",
        "name_kana": "テシカガ",
        "name_en": "Teshikaga",
        "altitude_m": 170.0,
        "record_value": 2.0,
        "record_date": "1985-07-09",
        "record_status": "success",
        "prec_no": "19",
        "block_no": "1187",
        "station_class": "a",
        "record_rank_url": "https://www.data.jma.go.jp/stats/etrn/view/rank_a.php?prec_no=19&block_no=1187&year=&month=07&day=&view=p1"
      }
    },
    {
      "type": "Feature",
      "geometry": {
        "type": "Point",
        "coordinates": [
          144.083333,
          43.436667
        ]
      },
      "properties": {
        "amedas_code": "19076",
        "name": "阿寒湖畔",
        "name_kana": "アカンコハン",
        "name_en": "Lake-Shore Akan",
        "altitude_m": 426.0,
        "record_value": 1.8,
        "record_date": "1985-07-10",
        "record_status": "success",
        "prec_no": "19",
        "block_no": "0091",
        "station_class": "a",
        "record_rank_url": "https://www.data.jma.go.jp/stats/etrn/view/rank_a.php?prec_no=19&block_no=0091&year=&month=07&day=&view=p1"
      }
    },
    {
      "type": "Feature",
      "geometry": {
        "type": "Point",
        "coordinates": [
          144.586667,
          43.291667
        ]
      },
      "properties": {
        "amedas_code": "19151",
        "name": "標茶",
        "name_kana": "シベチャ",
        "name_en": "Shibecha",
        "altitude_m": 20.0,
        "record_value": 2.6,
        "record_date": "1989-07-02",
        "record_status": "success",
        "prec_no": "19",
        "block_no": "0093",
        "station_class": "a",
        "record_rank_url": "https://www.data.jma.go.jp/stats/etrn/view/rank_a.php?prec_no=19&block_no=0093&year=&month=07&day=&view=p1"
      }
    },
    {
      "type": "Feature",
      "geometry": {
        "type": "Point",
        "coordinates": [
          144.325,
          43.231667
        ]
      },
      "properties": {
        "amedas_code": "19191",
        "name": "鶴居",
        "name_kana": "ツルイ",
        "name_en": "Tsurui",
        "altitude_m": 38.0,
        "record_value": 0.9,
        "record_date": "1989-07-02",
        "record_status": "success",
        "prec_no": "19",
        "block_no": "1186",
        "station_class": "a",
        "record_rank_url": "https://www.data.jma.go.jp/stats/etrn/view/rank_a.php?prec_no=19&block_no=1186&year=&month=07&day=&view=p1"
      }
    },
    {
      "type": "Feature",
      "geometry": {
        "type": "Point",
        "coordinates": [
          144.141667,
          43.198333
        ]
      },
      "properties": {
        "amedas_code": "19261",
        "name": "中徹別",
        "name_kana": "ナカテシベツ",
        "name_en": "Nakateshibetsu",
        "altitude_m": 80.0,
        "record_value": 1.2,
        "record_date": "1979-07-18",
        "record_status": "success",
        "prec_no": "19",
        "block_no": "0095",
        "station_class": "a",
        "record_rank_url": "https://www.data.jma.go.jp/stats/etrn/view/rank_a.php?prec_no=19&block_no=0095&year=&month=07&day=&view=p1"
      }
    },
    {
      "type": "Feature",
      "geometry": {
        "type": "Point",
        "coordinates": [
          145.11,
          43.12
        ]
      },
      "properties": {
        "amedas_code": "19311",
        "name": "榊町",
        "name_kana": "サカキマチ",
        "name_en": "Sakakimachi",
        "altitude_m": 2.0,
        "record_value": 2.5,
        "record_date": "1983-07-10",
        "record_status": "success",
        "prec_no": "19",
        "block_no": "1195",
        "station_class": "a",
        "record_rank_url": "https://www.data.jma.go.jp/stats/etrn/view/rank_a.php?prec_no=19&block_no=1195&year=&month=07&day=&view=p1"
      }
    },
    {
      "type": "Feature",
      "geometry": {
        "type": "Point",
        "coordinates": [
          144.191667,
          43.04
        ]
      },
      "properties": {
        "amedas_code": "19347",
        "name": "鶴丘",
        "name_kana": "ツルオカ：釧路空港",
        "name_en": "Tsuruoka",
        "altitude_m": 95.0,
        "record_value": 5.9,
        "record_date": "2018-07-06",
        "record_status": "success",
        "prec_no": "19",
        "block_no": "1461",
        "station_class": "a",
        "record_rank_url": "https://www.data.jma.go.jp/stats/etrn/view/rank_a.php?prec_no=19&block_no=1461&year=&month=07&day=&view=p1"
      }
    },
    {
      "type": "Feature",
      "geometry": {
        "type": "Point",
        "coordinates": [
          144.778333,
          43.09
        ]
      },
      "properties": {
        "amedas_code": "19376",
        "name": "太田",
        "name_kana": "オオタ",
        "name_en": "Ota",
        "altitude_m": 85.0,
        "record_value": 4.4,
        "record_date": "2003-07-06",
        "record_status": "success",
        "prec_no": "19",
        "block_no": "1192",
        "station_class": "a",
        "record_rank_url": "https://www.data.jma.go.jp/stats/etrn/view/rank_a.php?prec_no=19&block_no=1192&year=&month=07&day=&view=p1"
      }
    },
    {
      "type": "Feature",
      "geometry": {
        "type": "Point",
        "coordinates": [
          144.061667,
          42.97
        ]
      },
      "properties": {
        "amedas_code": "19416",
        "name": "白糠",
        "name_kana": "シラヌカ",
        "name_en": "Shiranuka",
        "altitude_m": 9.0,
        "record_value": 2.9,
        "record_date": "1979-07-18",
        "record_status": "success",
        "prec_no": "19",
        "block_no": "0098",
        "station_class": "a",
        "record_rank_url": "https://www.data.jma.go.jp/stats/etrn/view/rank_a.php?prec_no=19&block_no=0098&year=&month=07&day=&view=p1"
      }
    },
    {
      "type": "Feature",
      "geometry": {
        "type": "Point",
        "coordinates": [
          144.376667,
          42.985
        ]
      },
      "properties": {
        "amedas_code": "19432",
        "name": "釧路",
        "name_kana": "クシロ",
        "name_en": "Kushiro",
        "altitude_m": 5.0,
        "record_value": 3.3,
        "record_date": "1945-07-25",
        "record_status": "success",
        "prec_no": "19",
        "block_no": "47418",
        "station_class": "s",
        "record_rank_url": "https://www.data.jma.go.jp/stats/etrn/view/rank_s.php?prec_no=19&block_no=47418&year=&month=07&day=&view=p1"
      }
    },
    {
      "type": "Feature",
      "geometry": {
        "type": "Point",
        "coordinates": [
          144.735,
          42.938333
        ]
      },
      "properties": {
        "amedas_code": "19451",
        "name": "知方学",
        "name_kana": "チッポマナイ",
        "name_en": "Chippomanai",
        "altitude_m": 149.0,
        "record_value": 4.2,
        "record_date": "1983-07-03",
        "record_status": "success",
        "prec_no": "19",
        "block_no": "1283",
        "station_class": "a",
        "record_rank_url": "https://www.data.jma.go.jp/stats/etrn/view/rank_a.php?prec_no=19&block_no=1283&year=&month=07&day=&view=p1"
      }
    },
    {
      "type": "Feature",
      "geometry": {
        "type": "Point",
        "coordinates": [
          143.753333,
          43.471667
        ]
      },
      "properties": {
        "amedas_code": "20146",
        "name": "陸別",
        "name_kana": "リクベツ",
        "name_en": "Rikubetsu",
        "altitude_m": 210.0,
        "record_value": 2.1,
        "record_date": "1993-07-01",
        "record_status": "success",
        "prec_no": "20",
        "block_no": "0101",
        "station_class": "a",
        "record_rank_url": "https://www.data.jma.go.jp/stats/etrn/view/rank_a.php?prec_no=20&block_no=0101&year=&month=07&day=&view=p1"
      }
    },
    {
      "type": "Feature",
      "geometry": {
        "type": "Point",
        "coordinates": [
          143.191667,
          43.366667
        ]
      },
      "properties": {
        "amedas_code": "20186",
        "name": "ぬかびら源泉郷",
        "name_kana": "ヌカビラゲンセンキョウ",
        "name_en": "Nukabiragensenkyo",
        "altitude_m": 540.0,
        "record_value": 2.0,
        "record_date": "1976-07-02",
        "record_status": "success",
        "prec_no": "20",
        "block_no": "0103",
        "station_class": "a",
        "record_rank_url": "https://www.data.jma.go.jp/stats/etrn/view/rank_a.php?prec_no=20&block_no=0103&year=&month=07&day=&view=p1"
      }
    },
    {
      "type": "Feature",
      "geometry": {
        "type": "Point",
        "coordinates": [
          143.295,
          43.241667
        ]
      },
      "properties": {
        "amedas_code": "20266",
        "name": "上士幌",
        "name_kana": "カミシホロ",
        "name_en": "Kamishihoro",
        "altitude_m": 287.0,
        "record_value": 4.7,
        "record_date": "2003-07-08",
        "record_status": "success",
        "prec_no": "20",
        "block_no": "0107",
        "station_class": "a",
        "record_rank_url": "https://www.data.jma.go.jp/stats/etrn/view/rank_a.php?prec_no=20&block_no=0107&year=&month=07&day=&view=p1"
      }
    },
    {
      "type": "Feature",
      "geometry": {
        "type": "Point",
        "coordinates": [
          143.553333,
          43.243333
        ]
      },
      "properties": {
        "amedas_code": "20276",
        "name": "足寄",
        "name_kana": "アショロ",
        "name_en": "Ashoro",
        "altitude_m": 90.0,
        "record_value": 5.1,
        "record_date": "1990-07-03",
        "record_status": "success",
        "prec_no": "20",
        "block_no": "0109",
        "station_class": "a",
        "record_rank_url": "https://www.data.jma.go.jp/stats/etrn/view/rank_a.php?prec_no=20&block_no=0109&year=&month=07&day=&view=p1"
      }
    },
    {
      "type": "Feature",
      "geometry": {
        "type": "Point",
        "coordinates": [
          143.6,
          43.131667
        ]
      },
      "properties": {
        "amedas_code": "20341",
        "name": "本別",
        "name_kana": "ホンベツ",
        "name_en": "Honbetsu",
        "altitude_m": 67.0,
        "record_value": 4.9,
        "record_date": "1976-07-02",
        "record_status": "success",
        "prec_no": "20",
        "block_no": "0112",
        "station_class": "a",
        "record_rank_url": "https://www.data.jma.go.jp/stats/etrn/view/rank_a.php?prec_no=20&block_no=0112&year=&month=07&day=&view=p1"
      }
    },
    {
      "type": "Feature",
      "geometry": {
        "type": "Point",
        "coordinates": [
          142.84,
          43.076667
        ]
      },
      "properties": {
        "amedas_code": "20356",
        "name": "新得",
        "name_kana": "シントク",
        "name_en": "Shintoku",
        "altitude_m": 178.0,
        "record_value": 4.9,
        "record_date": "1979-07-18",
        "record_status": "success",
        "prec_no": "20",
        "block_no": "0113",
        "station_class": "a",
        "record_rank_url": "https://www.data.jma.go.jp/stats/etrn/view/rank_a.php?prec_no=20&block_no=0113&year=&month=07&day=&view=p1"
      }
    },
    {
      "type": "Feature",
      "geometry": {
        "type": "Point",
        "coordinates": [
          142.995,
          43.103333
        ]
      },
      "properties": {
        "amedas_code": "20361",
        "name": "鹿追",
        "name_kana": "シカオイ",
        "name_en": "Shikaoi",
        "altitude_m": 206.0,
        "record_value": 4.6,
        "record_date": "1979-07-18",
        "record_status": "success",
        "prec_no": "20",
        "block_no": "0114",
        "station_class": "a",
        "record_rank_url": "https://www.data.jma.go.jp/stats/etrn/view/rank_a.php?prec_no=20&block_no=0114&year=&month=07&day=&view=p1"
      }
    },
    {
      "type": "Feature",
      "geometry": {
        "type": "Point",
        "coordinates": [
          143.183333,
          43.05
        ]
      },
      "properties": {
        "amedas_code": "20371",
        "name": "駒場",
        "name_kana": "コマバ",
        "name_en": "Komaba",
        "altitude_m": 112.0,
        "record_value": 1.9,
        "record_date": "2015-07-08",
        "record_status": "success",
        "prec_no": "20",
        "block_no": "1204",
        "station_class": "a",
        "record_rank_url": "https://www.data.jma.go.jp/stats/etrn/view/rank_a.php?prec_no=20&block_no=1204&year=&month=07&day=&view=p1"
      }
    },
    {
      "type": "Feature",
      "geometry": {
        "type": "Point",
        "coordinates": [
          143.043333,
          42.9
        ]
      },
      "properties": {
        "amedas_code": "20421",
        "name": "芽室",
        "name_kana": "メムロ",
        "name_en": "Memuro",
        "altitude_m": 90.0,
        "record_value": 4.5,
        "record_date": "2015-07-08",
        "record_status": "success",
        "prec_no": "20",
        "block_no": "0115",
        "station_class": "a",
        "record_rank_url": "https://www.data.jma.go.jp/stats/etrn/view/rank_a.php?prec_no=20&block_no=0115&year=&month=07&day=&view=p1"
      }
    },
    {
      "type": "Feature",
      "geometry": {
        "type": "Point",
        "coordinates": [
          143.211667,
          42.921667
        ]
      },
      "properties": {
        "amedas_code": "20432",
        "name": "帯広",
        "name_kana": "オビヒロ",
        "name_en": "Obihiro",
        "altitude_m": 38.0,
        "record_value": 1.8,
        "record_date": "1901-07-06",
        "record_status": "success",
        "prec_no": "20",
        "block_no": "47417",
        "station_class": "s",
        "record_rank_url": "https://www.data.jma.go.jp/stats/etrn/view/rank_s.php?prec_no=20&block_no=47417&year=&month=07&day=&view=p1"
      }
    },
    {
      "type": "Feature",
      "geometry": {
        "type": "Point",
        "coordinates": [
          143.458333,
          42.92
        ]
      },
      "properties": {
        "amedas_code": "20441",
        "name": "池田",
        "name_kana": "イケダ",
        "name_en": "Ikeda",
        "altitude_m": 42.0,
        "record_value": 5.0,
        "record_date": "1993-07-01",
        "record_status": "success",
        "prec_no": "20",
        "block_no": "0117",
        "station_class": "a",
        "record_rank_url": "https://www.data.jma.go.jp/stats/etrn/view/rank_a.php?prec_no=20&block_no=0117&year=&month=07&day=&view=p1"
      }
    },
    {
      "type": "Feature",
      "geometry": {
        "type": "Point",
        "coordinates": [
          143.656667,
          42.808333
        ]
      },
      "properties": {
        "amedas_code": "20506",
        "name": "浦幌",
        "name_kana": "ウラホロ",
        "name_en": "Urahoro",
        "altitude_m": 20.0,
        "record_value": 6.0,
        "record_date": "1993-07-01",
        "record_status": "success",
        "prec_no": "20",
        "block_no": "0118",
        "station_class": "a",
        "record_rank_url": "https://www.data.jma.go.jp/stats/etrn/view/rank_a.php?prec_no=20&block_no=0118&year=&month=07&day=&view=p1"
      }
    },
    {
      "type": "Feature",
      "geometry": {
        "type": "Point",
        "coordinates": [
          143.216667,
          42.733333
        ]
      },
      "properties": {
        "amedas_code": "20551",
        "name": "帯広泉",
        "name_kana": "オビヒロイズミ：帯広空港",
        "name_en": "Obihiroizumi",
        "altitude_m": 149.0,
        "record_value": 4.7,
        "record_date": "2015-07-08",
        "record_status": "success",
        "prec_no": "20",
        "block_no": "1510",
        "station_class": "a",
        "record_rank_url": "https://www.data.jma.go.jp/stats/etrn/view/rank_a.php?prec_no=20&block_no=1510&year=&month=07&day=&view=p1"
      }
    },
    {
      "type": "Feature",
      "geometry": {
        "type": "Point",
        "coordinates": [
          143.328333,
          42.786667
        ]
      },
      "properties": {
        "amedas_code": "20556",
        "name": "糠内",
        "name_kana": "ヌカナイ",
        "name_en": "Nukanai",
        "altitude_m": 70.0,
        "record_value": 2.8,
        "record_date": "2015-07-08",
        "record_status": "success",
        "prec_no": "20",
        "block_no": "1286",
        "station_class": "a",
        "record_rank_url": "https://www.data.jma.go.jp/stats/etrn/view/rank_a.php?prec_no=20&block_no=1286&year=&month=07&day=&view=p1"
      }
    },
    {
      "type": "Feature",
      "geometry": {
        "type": "Point",
        "coordinates": [
          143.096667,
          42.641667
        ]
      },
      "properties": {
        "amedas_code": "20601",
        "name": "上札内",
        "name_kana": "カミサツナイ",
        "name_en": "Kami-satsunai",
        "altitude_m": 251.0,
        "record_value": 4.2,
        "record_date": "2015-07-08",
        "record_status": "success",
        "prec_no": "20",
        "block_no": "1210",
        "station_class": "a",
        "record_rank_url": "https://www.data.jma.go.jp/stats/etrn/view/rank_a.php?prec_no=20&block_no=1210&year=&month=07&day=&view=p1"
      }
    },
    {
      "type": "Feature",
      "geometry": {
        "type": "Point",
        "coordinates": [
          143.195,
          42.651667
        ]
      },
      "properties": {
        "amedas_code": "20606",
        "name": "更別",
        "name_kana": "サラベツ",
        "name_en": "Sarabetsu",
        "altitude_m": 185.0,
        "record_value": 6.0,
        "record_date": "2015-07-08",
        "record_status": "success",
        "prec_no": "20",
        "block_no": "1211",
        "station_class": "a",
        "record_rank_url": "https://www.data.jma.go.jp/stats/etrn/view/rank_a.php?prec_no=20&block_no=1211&year=&month=07&day=&view=p1"
      }
    },
    {
      "type": "Feature",
      "geometry": {
        "type": "Point",
        "coordinates": [
          143.646667,
          42.686667
        ]
      },
      "properties": {
        "amedas_code": "20631",
        "name": "大津",
        "name_kana": "オオツ",
        "name_en": "Otsu",
        "altitude_m": 4.0,
        "record_value": 6.4,
        "record_date": "2003-07-05",
        "record_status": "success",
        "prec_no": "20",
        "block_no": "1214",
        "station_class": "a",
        "record_rank_url": "https://www.data.jma.go.jp/stats/etrn/view/rank_a.php?prec_no=20&block_no=1214&year=&month=07&day=&view=p1"
      }
    },
    {
      "type": "Feature",
      "geometry": {
        "type": "Point",
        "coordinates": [
          143.273333,
          42.5
        ]
      },
      "properties": {
        "amedas_code": "20696",
        "name": "大樹",
        "name_kana": "タイキ",
        "name_en": "Taiki",
        "altitude_m": 87.0,
        "record_value": 4.5,
        "record_date": "2015-07-08",
        "record_status": "success",
        "prec_no": "20",
        "block_no": "0121",
        "station_class": "a",
        "record_rank_url": "https://www.data.jma.go.jp/stats/etrn/view/rank_a.php?prec_no=20&block_no=0121&year=&month=07&day=&view=p1"
      }
    },
    {
      "type": "Feature",
      "geometry": {
        "type": "Point",
        "coordinates": [
          143.316667,
          42.293333
        ]
      },
      "properties": {
        "amedas_code": "20751",
        "name": "広尾",
        "name_kana": "ヒロオ",
        "name_en": "Hiroo",
        "altitude_m": 32.0,
        "record_value": 4.0,
        "record_date": "1976-07-04",
        "record_status": "success",
        "prec_no": "20",
        "block_no": "47440",
        "station_class": "s",
        "record_rank_url": "https://www.data.jma.go.jp/stats/etrn/view/rank_s.php?prec_no=20&block_no=47440&year=&month=07&day=&view=p1"
      }
    },
    {
      "type": "Feature",
      "geometry": {
        "type": "Point",
        "coordinates": [
          141.888333,
          42.73
        ]
      },
      "properties": {
        "amedas_code": "21111",
        "name": "厚真",
        "name_kana": "アツマ",
        "name_en": "Atsuma",
        "altitude_m": 20.0,
        "record_value": 6.8,
        "record_date": "1979-07-06",
        "record_status": "success",
        "prec_no": "21",
        "block_no": "0124",
        "station_class": "a",
        "record_rank_url": "https://www.data.jma.go.jp/stats/etrn/view/rank_a.php?prec_no=21&block_no=0124&year=&month=07&day=&view=p1"
      }
    },
    {
      "type": "Feature",
      "geometry": {
        "type": "Point",
        "coordinates": [
          142.143333,
          42.761667
        ]
      },
      "properties": {
        "amedas_code": "21126",
        "name": "穂別",
        "name_kana": "ホベツ",
        "name_en": "Hobetsu",
        "altitude_m": 56.0,
        "record_value": 5.6,
        "record_date": "1979-07-06",
        "record_status": "success",
        "prec_no": "21",
        "block_no": "0125",
        "station_class": "a",
        "record_rank_url": "https://www.data.jma.go.jp/stats/etrn/view/rank_a.php?prec_no=21&block_no=0125&year=&month=07&day=&view=p1"
      }
    },
    {
      "type": "Feature",
      "geometry": {
        "type": "Point",
        "coordinates": [
          141.078333,
          42.67
        ]
      },
      "properties": {
        "amedas_code": "21161",
        "name": "大滝",
        "name_kana": "オオタキ",
        "name_en": "Otaki",
        "altitude_m": 390.0,
        "record_value": 2.4,
        "record_date": "1979-07-06",
        "record_status": "success",
        "prec_no": "21",
        "block_no": "1067",
        "station_class": "a",
        "record_rank_url": "https://www.data.jma.go.jp/stats/etrn/view/rank_a.php?prec_no=21&block_no=1067&year=&month=07&day=&view=p1"
      }
    },
    {
      "type": "Feature",
      "geometry": {
        "type": "Point",
        "coordinates": [
          141.246667,
          42.63
        ]
      },
      "properties": {
        "amedas_code": "21171",
        "name": "森野",
        "name_kana": "モリノ",
        "name_en": "Morino",
        "altitude_m": 170.0,
        "record_value": 5.3,
        "record_date": "1979-07-06",
        "record_status": "success",
        "prec_no": "21",
        "block_no": "0126",
        "station_class": "a",
        "record_rank_url": "https://www.data.jma.go.jp/stats/etrn/view/rank_a.php?prec_no=21&block_no=0126&year=&month=07&day=&view=p1"
      }
    },
    {
      "type": "Feature",
      "geometry": {
        "type": "Point",
        "coordinates": [
          141.546667,
          42.623333
        ]
      },
      "properties": {
        "amedas_code": "21187",
        "name": "苫小牧",
        "name_kana": "トマコマイ",
        "name_en": "Tomakomai",
        "altitude_m": 6.0,
        "record_value": 6.5,
        "record_date": "1968-07-05",
        "record_status": "success",
        "prec_no": "21",
        "block_no": "47424",
        "station_class": "s",
        "record_rank_url": "https://www.data.jma.go.jp/stats/etrn/view/rank_s.php?prec_no=21&block_no=47424&year=&month=07&day=&view=p1"
      }
    },
    {
      "type": "Feature",
      "geometry": {
        "type": "Point",
        "coordinates": [
          140.643333,
          42.59
        ]
      },
      "properties": {
        "amedas_code": "21226",
        "name": "大岸",
        "name_kana": "オオキシ",
        "name_en": "Okishi",
        "altitude_m": 4.0,
        "record_value": 6.7,
        "record_date": "1979-07-06",
        "record_status": "success",
        "prec_no": "21",
        "block_no": "0128",
        "station_class": "a",
        "record_rank_url": "https://www.data.jma.go.jp/stats/etrn/view/rank_a.php?prec_no=21&block_no=0128&year=&month=07&day=&view=p1"
      }
    },
    {
      "type": "Feature",
      "geometry": {
        "type": "Point",
        "coordinates": [
          141.351667,
          42.543333
        ]
      },
      "properties": {
        "amedas_code": "21261",
        "name": "白老",
        "name_kana": "シラオイ",
        "name_en": "Shiraoi",
        "altitude_m": 6.0,
        "record_value": 5.6,
        "record_date": "1979-07-06",
        "record_status": "success",
        "prec_no": "21",
        "block_no": "0130",
        "station_class": "a",
        "record_rank_url": "https://www.data.jma.go.jp/stats/etrn/view/rank_a.php?prec_no=21&block_no=0130&year=&month=07&day=&view=p1"
      }
    },
    {
      "type": "Feature",
      "geometry": {
        "type": "Point",
        "coordinates": [
          141.933333,
          42.59
        ]
      },
      "properties": {
        "amedas_code": "21276",
        "name": "鵡川",
        "name_kana": "ムカワ",
        "name_en": "Mukawa",
        "altitude_m": 10.0,
        "record_value": 7.2,
        "record_date": "2015-07-08",
        "record_status": "success",
        "prec_no": "21",
        "block_no": "0131",
        "station_class": "a",
        "record_rank_url": "https://www.data.jma.go.jp/stats/etrn/view/rank_a.php?prec_no=21&block_no=0131&year=&month=07&day=&view=p1"
      }
    },
    {
      "type": "Feature",
      "geometry": {
        "type": "Point",
        "coordinates": [
          140.848333,
          42.475
        ]
      },
      "properties": {
        "amedas_code": "21297",
        "name": "伊達",
        "name_kana": "ダテ",
        "name_en": "Date",
        "altitude_m": 3.0,
        "record_value": 9.9,
        "record_date": "2019-07-09",
        "record_status": "success",
        "prec_no": "21",
        "block_no": "0132",
        "station_class": "a",
        "record_rank_url": "https://www.data.jma.go.jp/stats/etrn/view/rank_a.php?prec_no=21&block_no=0132&year=&month=07&day=&view=p1"
      }
    },
    {
      "type": "Feature",
      "geometry": {
        "type": "Point",
        "coordinates": [
          141.118333,
          42.458333
        ]
      },
      "properties": {
        "amedas_code": "21312",
        "name": "登別",
        "name_kana": "ノボリベツ",
        "name_en": "Noboribetsu",
        "altitude_m": 197.0,
        "record_value": 6.7,
        "record_date": "1979-07-06",
        "record_status": "success",
        "prec_no": "21",
        "block_no": "0134",
        "station_class": "a",
        "record_rank_url": "https://www.data.jma.go.jp/stats/etrn/view/rank_a.php?prec_no=21&block_no=0134&year=&month=07&day=&view=p1"
      }
    },
    {
      "type": "Feature",
      "geometry": {
        "type": "Point",
        "coordinates": [
          140.975,
          42.311667
        ]
      },
      "properties": {
        "amedas_code": "21323",
        "name": "室蘭",
        "name_kana": "ムロラン",
        "name_en": "Muroran",
        "altitude_m": 40.0,
        "record_value": 8.5,
        "record_date": "1989-07-03",
        "record_status": "success",
        "prec_no": "21",
        "block_no": "47423",
        "station_class": "s",
        "record_rank_url": "https://www.data.jma.go.jp/stats/etrn/view/rank_s.php?prec_no=21&block_no=47423&year=&month=07&day=&view=p1"
      }
    },
    {
      "type": "Feature",
      "geometry": {
        "type": "Point",
        "coordinates": [
          142.441667,
          42.876667
        ]
      },
      "properties": {
        "amedas_code": "22036",
        "name": "日高",
        "name_kana": "ヒダカ",
        "name_en": "Hidaka",
        "altitude_m": 280.0,
        "record_value": 5.5,
        "record_date": "1979-07-06",
        "record_status": "success",
        "prec_no": "22",
        "block_no": "1202",
        "station_class": "a",
        "record_rank_url": "https://www.data.jma.go.jp/stats/etrn/view/rank_a.php?prec_no=22&block_no=1202&year=&month=07&day=&view=p1"
      }
    },
    {
      "type": "Feature",
      "geometry": {
        "type": "Point",
        "coordinates": [
          142.053333,
          42.496667
        ]
      },
      "properties": {
        "amedas_code": "22141",
        "name": "日高門別",
        "name_kana": "ヒダカモンベツ",
        "name_en": "Hidaka-Monbetsu",
        "altitude_m": 47.0,
        "record_value": 6.8,
        "record_date": "1976-07-04",
        "record_status": "success",
        "prec_no": "22",
        "block_no": "0136",
        "station_class": "a",
        "record_rank_url": "https://www.data.jma.go.jp/stats/etrn/view/rank_a.php?prec_no=22&block_no=0136&year=&month=07&day=&view=p1"
      }
    },
    {
      "type": "Feature",
      "geometry": {
        "type": "Point",
        "coordinates": [
          142.333333,
          42.543333
        ]
      },
      "properties": {
        "amedas_code": "22156",
        "name": "新和",
        "name_kana": "シンワ",
        "name_en": "Shinwa",
        "altitude_m": 60.0,
        "record_value": 4.9,
        "record_date": "1979-07-06",
        "record_status": "success",
        "prec_no": "22",
        "block_no": "0137",
        "station_class": "a",
        "record_rank_url": "https://www.data.jma.go.jp/stats/etrn/view/rank_a.php?prec_no=22&block_no=0137&year=&month=07&day=&view=p1"
      }
    },
    {
      "type": "Feature",
      "geometry": {
        "type": "Point",
        "coordinates": [
          142.361667,
          42.343333
        ]
      },
      "properties": {
        "amedas_code": "22241",
        "name": "静内",
        "name_kana": "シズナイ",
        "name_en": "Shizunai",
        "altitude_m": 10.0,
        "record_value": 8.1,
        "record_date": "1989-07-03",
        "record_status": "success",
        "prec_no": "22",
        "block_no": "0140",
        "station_class": "a",
        "record_rank_url": "https://www.data.jma.go.jp/stats/etrn/view/rank_a.php?prec_no=22&block_no=0140&year=&month=07&day=&view=p1"
      }
    },
    {
      "type": "Feature",
      "geometry": {
        "type": "Point",
        "coordinates": [
          142.661667,
          42.245
        ]
      },
      "properties": {
        "amedas_code": "22291",
        "name": "三石",
        "name_kana": "ミツイシ",
        "name_en": "Mitsuishi",
        "altitude_m": 10.0,
        "record_value": 5.4,
        "record_date": "2015-07-08",
        "record_status": "success",
        "prec_no": "22",
        "block_no": "1198",
        "station_class": "a",
        "record_rank_url": "https://www.data.jma.go.jp/stats/etrn/view/rank_a.php?prec_no=22&block_no=1198&year=&month=07&day=&view=p1"
      }
    },
    {
      "type": "Feature",
      "geometry": {
        "type": "Point",
        "coordinates": [
          142.948333,
          42.223333
        ]
      },
      "properties": {
        "amedas_code": "22306",
        "name": "中杵臼",
        "name_kana": "ナカキネウス",
        "name_en": "Nakakineusu",
        "altitude_m": 98.0,
        "record_value": 4.6,
        "record_date": "2015-07-08",
        "record_status": "success",
        "prec_no": "22",
        "block_no": "1288",
        "station_class": "a",
        "record_rank_url": "https://www.data.jma.go.jp/stats/etrn/view/rank_a.php?prec_no=22&block_no=1288&year=&month=07&day=&view=p1"
      }
    },
    {
      "type": "Feature",
      "geometry": {
        "type": "Point",
        "coordinates": [
          142.776667,
          42.161667
        ]
      },
      "properties": {
        "amedas_code": "22327",
        "name": "浦河",
        "name_kana": "ウラカワ",
        "name_en": "Urakawa",
        "altitude_m": 37.0,
        "record_value": 6.5,
        "record_date": "1931-07-12",
        "record_status": "success",
        "prec_no": "22",
        "block_no": "47426",
        "station_class": "s",
        "record_rank_url": "https://www.data.jma.go.jp/stats/etrn/view/rank_s.php?prec_no=22&block_no=47426&year=&month=07&day=&view=p1"
      }
    },
    {
      "type": "Feature",
      "geometry": {
        "type": "Point",
        "coordinates": [
          143.243333,
          41.925
        ]
      },
      "properties": {
        "amedas_code": "22391",
        "name": "えりも岬",
        "name_kana": "エリモミサキ",
        "name_en": "Cape Erimo",
        "altitude_m": 63.0,
        "record_value": 6.0,
        "record_date": "1989-07-03",
        "record_status": "success",
        "prec_no": "22",
        "block_no": "1340",
        "station_class": "a",
        "record_rank_url": "https://www.data.jma.go.jp/stats/etrn/view/rank_a.php?prec_no=22&block_no=1340&year=&month=07&day=&view=p1"
      }
    },
    {
      "type": "Feature",
      "geometry": {
        "type": "Point",
        "coordinates": [
          140.373333,
          42.516667
        ]
      },
      "properties": {
        "amedas_code": "23031",
        "name": "長万部",
        "name_kana": "オシャマンベ",
        "name_en": "Oshamanbe",
        "altitude_m": 6.0,
        "record_value": 5.2,
        "record_date": "1979-07-06",
        "record_status": "success",
        "prec_no": "23",
        "block_no": "0143",
        "station_class": "a",
        "record_rank_url": "https://www.data.jma.go.jp/stats/etrn/view/rank_a.php?prec_no=23&block_no=0143&year=&month=07&day=&view=p1"
      }
    },
    {
      "type": "Feature",
      "geometry": {
        "type": "Point",
        "coordinates": [
          140.271667,
          42.251667
        ]
      },
      "properties": {
        "amedas_code": "23086",
        "name": "八雲",
        "name_kana": "ヤクモ",
        "name_en": "Yakumo",
        "altitude_m": 8.0,
        "record_value": 6.7,
        "record_date": "1979-07-06",
        "record_status": "success",
        "prec_no": "23",
        "block_no": "0144",
        "station_class": "a",
        "record_rank_url": "https://www.data.jma.go.jp/stats/etrn/view/rank_a.php?prec_no=23&block_no=0144&year=&month=07&day=&view=p1"
      }
    },
    {
      "type": "Feature",
      "geometry": {
        "type": "Point",
        "coordinates": [
          140.588333,
          42.066667
        ]
      },
      "properties": {
        "amedas_code": "23166",
        "name": "森",
        "name_kana": "モリ",
        "name_en": "Mori",
        "altitude_m": 125.0,
        "record_value": 7.9,
        "record_date": "2015-07-08",
        "record_status": "success",
        "prec_no": "23",
        "block_no": "0145",
        "station_class": "a",
        "record_rank_url": "https://www.data.jma.go.jp/stats/etrn/view/rank_a.php?prec_no=23&block_no=0145&year=&month=07&day=&view=p1"
      }
    },
    {
      "type": "Feature",
      "geometry": {
        "type": "Point",
        "coordinates": [
          140.97,
          41.906667
        ]
      },
      "properties": {
        "amedas_code": "23206",
        "name": "川汲",
        "name_kana": "カックミ",
        "name_en": "Kakkumi",
        "altitude_m": 31.0,
        "record_value": 8.5,
        "record_date": "1993-07-01",
        "record_status": "success",
        "prec_no": "23",
        "block_no": "0147",
        "station_class": "a",
        "record_rank_url": "https://www.data.jma.go.jp/stats/etrn/view/rank_a.php?prec_no=23&block_no=0147&year=&month=07&day=&view=p1"
      }
    },
    {
      "type": "Feature",
      "geometry": {
        "type": "Point",
        "coordinates": [
          140.653333,
          41.886667
        ]
      },
      "properties": {
        "amedas_code": "23226",
        "name": "北斗",
        "name_kana": "ホクト",
        "name_en": "Hokuto",
        "altitude_m": 25.0,
        "record_value": 8.4,
        "record_date": "1993-07-01",
        "record_status": "success",
        "prec_no": "23",
        "block_no": "0148",
        "station_class": "a",
        "record_rank_url": "https://www.data.jma.go.jp/stats/etrn/view/rank_a.php?prec_no=23&block_no=0148&year=&month=07&day=&view=p1"
      }
    },
    {
      "type": "Feature",
      "geometry": {
        "type": "Point",
        "coordinates": [
          140.753333,
          41.816667
        ]
      },
      "properties": {
        "amedas_code": "23232",
        "name": "函館",
        "name_kana": "ハコダテ",
        "name_en": "Hakodate",
        "altitude_m": 35.0,
        "record_value": 6.3,
        "record_date": "1890-07-09",
        "record_status": "success",
        "prec_no": "23",
        "block_no": "47430",
        "station_class": "s",
        "record_rank_url": "https://www.data.jma.go.jp/stats/etrn/view/rank_s.php?prec_no=23&block_no=47430&year=&month=07&day=&view=p1"
      }
    },
    {
      "type": "Feature",
      "geometry": {
        "type": "Point",
        "coordinates": [
          140.821667,
          41.77
        ]
      },
      "properties": {
        "amedas_code": "23281",
        "name": "高松",
        "name_kana": "タカマツ：函館空港",
        "name_en": "Takamatsu",
        "altitude_m": 34.0,
        "record_value": 9.0,
        "record_date": "2008-07-01",
        "record_status": "success",
        "prec_no": "23",
        "block_no": "1462",
        "station_class": "a",
        "record_rank_url": "https://www.data.jma.go.jp/stats/etrn/view/rank_a.php?prec_no=23&block_no=1462&year=&month=07&day=&view=p1"
      }
    },
    {
      "type": "Feature",
      "geometry": {
        "type": "Point",
        "coordinates": [
          140.436667,
          41.68
        ]
      },
      "properties": {
        "amedas_code": "23326",
        "name": "木古内",
        "name_kana": "キコナイ",
        "name_en": "Kikonai",
        "altitude_m": 10.0,
        "record_value": 7.6,
        "record_date": "1993-07-01",
        "record_status": "success",
        "prec_no": "23",
        "block_no": "0917",
        "station_class": "a",
        "record_rank_url": "https://www.data.jma.go.jp/stats/etrn/view/rank_a.php?prec_no=23&block_no=0917&year=&month=07&day=&view=p1"
      }
    },
    {
      "type": "Feature",
      "geometry": {
        "type": "Point",
        "coordinates": [
          140.086667,
          41.423333
        ]
      },
      "properties": {
        "amedas_code": "23376",
        "name": "松前",
        "name_kana": "マツマエ",
        "name_en": "Matsumae",
        "altitude_m": 30.0,
        "record_value": 10.6,
        "record_date": "2015-07-08",
        "record_status": "success",
        "prec_no": "23",
        "block_no": "0152",
        "station_class": "a",
        "record_rank_url": "https://www.data.jma.go.jp/stats/etrn/view/rank_a.php?prec_no=23&block_no=0152&year=&month=07&day=&view=p1"
      }
    },
    {
      "type": "Feature",
      "geometry": {
        "type": "Point",
        "coordinates": [
          139.851667,
          42.45
        ]
      },
      "properties": {
        "amedas_code": "24041",
        "name": "せたな",
        "name_kana": "セタナ",
        "name_en": "Setana",
        "altitude_m": 10.0,
        "record_value": 6.9,
        "record_date": "1979-07-06",
        "record_status": "success",
        "prec_no": "24",
        "block_no": "0153",
        "station_class": "a",
        "record_rank_url": "https://www.data.jma.go.jp/stats/etrn/view/rank_a.php?prec_no=24&block_no=0153&year=&month=07&day=&view=p1"
      }
    },
    {
      "type": "Feature",
      "geometry": {
        "type": "Point",
        "coordinates": [
          140.008333,
          42.428333
        ]
      },
      "properties": {
        "amedas_code": "24051",
        "name": "今金",
        "name_kana": "イマカネ",
        "name_en": "Imakane",
        "altitude_m": 19.0,
        "record_value": 6.0,
        "record_date": "1979-07-06",
        "record_status": "success",
        "prec_no": "24",
        "block_no": "0154",
        "station_class": "a",
        "record_rank_url": "https://www.data.jma.go.jp/stats/etrn/view/rank_a.php?prec_no=24&block_no=0154&year=&month=07&day=&view=p1"
      }
    },
    {
      "type": "Feature",
      "geometry": {
        "type": "Point",
        "coordinates": [
          139.556667,
          42.248333
        ]
      },
      "properties": {
        "amedas_code": "24101",
        "name": "奥尻",
        "name_kana": "オクシリ",
        "name_en": "Okushiri",
        "altitude_m": 5.0,
        "record_value": 12.4,
        "record_date": "2015-07-04",
        "record_status": "success",
        "prec_no": "24",
        "block_no": "1199",
        "station_class": "a",
        "record_rank_url": "https://www.data.jma.go.jp/stats/etrn/view/rank_a.php?prec_no=24&block_no=1199&year=&month=07&day=&view=p1"
      }
    },
    {
      "type": "Feature",
      "geometry": {
        "type": "Point",
        "coordinates": [
          139.985,
          42.128333
        ]
      },
      "properties": {
        "amedas_code": "24141",
        "name": "熊石",
        "name_kana": "クマイシ",
        "name_en": "Kumaishi",
        "altitude_m": 12.0,
        "record_value": 9.6,
        "record_date": "1993-07-01",
        "record_status": "success",
        "prec_no": "23",
        "block_no": "0155",
        "station_class": "a",
        "record_rank_url": "https://www.data.jma.go.jp/stats/etrn/view/rank_a.php?prec_no=23&block_no=0155&year=&month=07&day=&view=p1"
      }
    },
    {
      "type": "Feature",
      "geometry": {
        "type": "Point",
        "coordinates": [
          139.431667,
          42.071667
        ]
      },
      "properties": {
        "amedas_code": "24156",
        "name": "米岡",
        "name_kana": "ヨネオカ：奥尻空港",
        "name_en": "Yoneoka",
        "altitude_m": 49.0,
        "record_value": 10.4,
        "record_date": "2015-07-08",
        "record_status": "success",
        "prec_no": "24",
        "block_no": "1513",
        "station_class": "a",
        "record_rank_url": "https://www.data.jma.go.jp/stats/etrn/view/rank_a.php?prec_no=24&block_no=1513&year=&month=07&day=&view=p1"
      }
    },
    {
      "type": "Feature",
      "geometry": {
        "type": "Point",
        "coordinates": [
          140.311667,
          41.93
        ]
      },
      "properties": {
        "amedas_code": "24201",
        "name": "鶉",
        "name_kana": "ウズラ",
        "name_en": "Uzura",
        "altitude_m": 53.0,
        "record_value": 6.6,
        "record_date": "1979-07-06",
        "record_status": "success",
        "prec_no": "24",
        "block_no": "1200",
        "station_class": "a",
        "record_rank_url": "https://www.data.jma.go.jp/stats/etrn/view/rank_a.php?prec_no=24&block_no=1200&year=&month=07&day=&view=p1"
      }
    },
    {
      "type": "Feature",
      "geometry": {
        "type": "Point",
        "coordinates": [
          140.123333,
          41.866667
        ]
      },
      "properties": {
        "amedas_code": "24217",
        "name": "江差",
        "name_kana": "エサシ",
        "name_en": "Esashi",
        "altitude_m": 4.0,
        "record_value": 9.0,
        "record_date": "1968-07-04",
        "record_status": "success",
        "prec_no": "24",
        "block_no": "47428",
        "station_class": "s",
        "record_rank_url": "https://www.data.jma.go.jp/stats/etrn/view/rank_s.php?prec_no=24&block_no=47428&year=&month=07&day=&view=p1"
      }
    },
    {
      "type": "Feature",
      "geometry": {
        "type": "Point",
        "coordinates": [
          140.911667,
          41.526667
        ]
      },
      "properties": {
        "amedas_code": "31001",
        "name": "大間",
        "name_kana": "オオマ",
        "name_en": "Oma",
        "altitude_m": 14.0,
        "record_value": 8.5,
        "record_date": "1993-07-01",
        "record_status": "success",
        "prec_no": "31",
        "block_no": "1041",
        "station_class": "a",
        "record_rank_url": "https://www.data.jma.go.jp/stats/etrn/view/rank_a.php?prec_no=31&block_no=1041&year=&month=07&day=&view=p1"
      }
    },
    {
      "type": "Feature",
      "geometry": {
        "type": "Point",
        "coordinates": [
          141.21,
          41.283333
        ]
      },
      "properties": {
        "amedas_code": "31111",
        "name": "むつ",
        "name_kana": "ムツ",
        "name_en": "Mutsu",
        "altitude_m": 3.0,
        "record_value": 6.1,
        "record_date": "1976-07-01",
        "record_status": "success",
        "prec_no": "31",
        "block_no": "47576",
        "station_class": "s",
        "record_rank_url": "https://www.data.jma.go.jp/stats/etrn/view/rank_s.php?prec_no=31&block_no=47576&year=&month=07&day=&view=p1"
      }
    },
    {
      "type": "Feature",
      "geometry": {
        "type": "Point",
        "coordinates": [
          141.396667,
          41.235
        ]
      },
      "properties": {
        "amedas_code": "31121",
        "name": "小田野沢",
        "name_kana": "オダノサワ",
        "name_en": "Odanosawa",
        "altitude_m": 6.0,
        "record_value": 6.0,
        "record_date": "1993-07-01",
        "record_status": "success",
        "prec_no": "31",
        "block_no": "1122",
        "station_class": "a",
        "record_rank_url": "https://www.data.jma.go.jp/stats/etrn/view/rank_a.php?prec_no=31&block_no=1122&year=&month=07&day=&view=p1"
      }
    },
    {
      "type": "Feature",
      "geometry": {
        "type": "Point",
        "coordinates": [
          140.481667,
          41.18
        ]
      },
      "properties": {
        "amedas_code": "31136",
        "name": "今別",
        "name_kana": "イマベツ",
        "name_en": "Imabetsu",
        "altitude_m": 30.0,
        "record_value": 9.4,
        "record_date": "1979-07-06",
        "record_status": "success",
        "prec_no": "31",
        "block_no": "1026",
        "station_class": "a",
        "record_rank_url": "https://www.data.jma.go.jp/stats/etrn/view/rank_a.php?prec_no=31&block_no=1026&year=&month=07&day=&view=p1"
      }
    },
    {
      "type": "Feature",
      "geometry": {
        "type": "Point",
        "coordinates": [
          140.821667,
          41.145
        ]
      },
      "properties": {
        "amedas_code": "31156",
        "name": "脇野沢",
        "name_kana": "ワキノサワ",
        "name_en": "Wakinosawa",
        "altitude_m": 15.0,
        "record_value": 6.8,
        "record_date": "1993-07-01",
        "record_status": "success",
        "prec_no": "31",
        "block_no": "1124",
        "station_class": "a",
        "record_rank_url": "https://www.data.jma.go.jp/stats/etrn/view/rank_a.php?prec_no=31&block_no=1124&year=&month=07&day=&view=p1"
      }
    },
    {
      "type": "Feature",
      "geometry": {
        "type": "Point",
        "coordinates": [
          140.346667,
          41.056667
        ]
      },
      "properties": {
        "amedas_code": "31186",
        "name": "市浦",
        "name_kana": "シウラ",
        "name_en": "Shiura",
        "altitude_m": 20.0,
        "record_value": 8.1,
        "record_date": "1979-07-06",
        "record_status": "success",
        "prec_no": "31",
        "block_no": "1119",
        "station_class": "a",
        "record_rank_url": "https://www.data.jma.go.jp/stats/etrn/view/rank_a.php?prec_no=31&block_no=1119&year=&month=07&day=&view=p1"
      }
    },
    {
      "type": "Feature",
      "geometry": {
        "type": "Point",
        "coordinates": [
          140.633333,
          41.045
        ]
      },
      "properties": {
        "amedas_code": "31201",
        "name": "蟹田",
        "name_kana": "カニタ",
        "name_en": "Kanita",
        "altitude_m": 5.0,
        "record_value": 8.8,
        "record_date": "1979-07-06",
        "record_status": "success",
        "prec_no": "31",
        "block_no": "0160",
        "station_class": "a",
        "record_rank_url": "https://www.data.jma.go.jp/stats/etrn/view/rank_a.php?prec_no=31&block_no=0160&year=&month=07&day=&view=p1"
      }
    },
    {
      "type": "Feature",
      "geometry": {
        "type": "Point",
        "coordinates": [
          140.458333,
          40.808333
        ]
      },
      "properties": {
        "amedas_code": "31296",
        "name": "五所川原",
        "name_kana": "ゴショガワラ",
        "name_en": "Goshogawara",
        "altitude_m": 9.0,
        "record_value": 9.9,
        "record_date": "1993-07-01",
        "record_status": "success",
        "prec_no": "31",
        "block_no": "0164",
        "station_class": "a",
        "record_rank_url": "https://www.data.jma.go.jp/stats/etrn/view/rank_a.php?prec_no=31&block_no=0164&year=&month=07&day=&view=p1"
      }
    },
    {
      "type": "Feature",
      "geometry": {
        "type": "Point",
        "coordinates": [
          140.768333,
          40.821667
        ]
      },
      "properties": {
        "amedas_code": "31312",
        "name": "青森",
        "name_kana": "アオモリ",
        "name_en": "Aomori",
        "altitude_m": 3.0,
        "record_value": 6.5,
        "record_date": "1976-07-01",
        "record_status": "success",
        "prec_no": "31",
        "block_no": "47575",
        "station_class": "s",
        "record_rank_url": "https://www.data.jma.go.jp/stats/etrn/view/rank_s.php?prec_no=31&block_no=47575&year=&month=07&day=&view=p1"
      }
    },
    {
      "type": "Feature",
      "geometry": {
        "type": "Point",
        "coordinates": [
          141.16,
          40.885
        ]
      },
      "properties": {
        "amedas_code": "31332",
        "name": "野辺地",
        "name_kana": "ノヘジ",
        "name_en": "Noheji",
        "altitude_m": 14.0,
        "record_value": 11.8,
        "record_date": "2015-07-05",
        "record_status": "success",
        "prec_no": "31",
        "block_no": "0162",
        "station_class": "a",
        "record_rank_url": "https://www.data.jma.go.jp/stats/etrn/view/rank_a.php?prec_no=31&block_no=0162&year=&month=07&day=&view=p1"
      }
    },
    {
      "type": "Feature",
      "geometry": {
        "type": "Point",
        "coordinates": [
          141.271667,
          40.885
        ]
      },
      "properties": {
        "amedas_code": "31336",
        "name": "六ケ所",
        "name_kana": "ロッカショ",
        "name_en": "Rokkasho",
        "altitude_m": 80.0,
        "record_value": 8.9,
        "record_date": "2008-07-01",
        "record_status": "success",
        "prec_no": "31",
        "block_no": "1027",
        "station_class": "a",
        "record_rank_url": "https://www.data.jma.go.jp/stats/etrn/view/rank_a.php?prec_no=31&block_no=1027&year=&month=07&day=&view=p1"
      }
    },
    {
      "type": "Feature",
      "geometry": {
        "type": "Point",
        "coordinates": [
          140.205,
          40.776667
        ]
      },
      "properties": {
        "amedas_code": "31366",
        "name": "鰺ケ沢",
        "name_kana": "アジガサワ",
        "name_en": "Ajigasawa",
        "altitude_m": 40.0,
        "record_value": 8.4,
        "record_date": "1993-07-01",
        "record_status": "success",
        "prec_no": "31",
        "block_no": "0163",
        "station_class": "a",
        "record_rank_url": "https://www.data.jma.go.jp/stats/etrn/view/rank_a.php?prec_no=31&block_no=0163&year=&month=07&day=&view=p1"
      }
    },
    {
      "type": "Feature",
      "geometry": {
        "type": "Point",
        "coordinates": [
          140.688333,
          40.733333
        ]
      },
      "properties": {
        "amedas_code": "31386",
        "name": "青森大谷",
        "name_kana": "アオモリオオタニ：青森空港",
        "name_en": "Aomori-Otani",
        "altitude_m": 198.0,
        "record_value": 6.5,
        "record_date": "2019-07-10",
        "record_status": "success",
        "prec_no": "31",
        "block_no": "1495",
        "station_class": "a",
        "record_rank_url": "https://www.data.jma.go.jp/stats/etrn/view/rank_a.php?prec_no=31&block_no=1495&year=&month=07&day=&view=p1"
      }
    },
    {
      "type": "Feature",
      "geometry": {
        "type": "Point",
        "coordinates": [
          139.931667,
          40.645
        ]
      },
      "properties": {
        "amedas_code": "31436",
        "name": "深浦",
        "name_kana": "フカウラ",
        "name_en": "Fukaura",
        "altitude_m": 66.0,
        "record_value": 8.5,
        "record_date": "1976-07-01",
        "record_status": "success",
        "prec_no": "31",
        "block_no": "47574",
        "station_class": "s",
        "record_rank_url": "https://www.data.jma.go.jp/stats/etrn/view/rank_s.php?prec_no=31&block_no=47574&year=&month=07&day=&view=p1"
      }
    },
    {
      "type": "Feature",
      "geometry": {
        "type": "Point",
        "coordinates": [
          140.455,
          40.611667
        ]
      },
      "properties": {
        "amedas_code": "31461",
        "name": "弘前",
        "name_kana": "ヒロサキ",
        "name_en": "Hirosaki",
        "altitude_m": 30.0,
        "record_value": 6.8,
        "record_date": "1976-07-01",
        "record_status": "success",
        "prec_no": "31",
        "block_no": "0166",
        "station_class": "a",
        "record_rank_url": "https://www.data.jma.go.jp/stats/etrn/view/rank_a.php?prec_no=31&block_no=0166&year=&month=07&day=&view=p1"
      }
    },
    {
      "type": "Feature",
      "geometry": {
        "type": "Point",
        "coordinates": [
          140.585,
          40.666667
        ]
      },
      "properties": {
        "amedas_code": "31466",
        "name": "黒石",
        "name_kana": "クロイシ",
        "name_en": "Kuroishi",
        "altitude_m": 30.0,
        "record_value": 10.0,
        "record_date": "1993-07-01",
        "record_status": "success",
        "prec_no": "31",
        "block_no": "0167",
        "station_class": "a",
        "record_rank_url": "https://www.data.jma.go.jp/stats/etrn/view/rank_a.php?prec_no=31&block_no=0167&year=&month=07&day=&view=p1"
      }
    },
    {
      "type": "Feature",
      "geometry": {
        "type": "Point",
        "coordinates": [
          140.848333,
          40.648333
        ]
      },
      "properties": {
        "amedas_code": "31482",
        "name": "酸ケ湯",
        "name_kana": "スカユ",
        "name_en": "Sukayu",
        "altitude_m": 890.0,
        "record_value": 5.0,
        "record_date": "1979-07-06",
        "record_status": "success",
        "prec_no": "31",
        "block_no": "1079",
        "station_class": "a",
        "record_rank_url": "https://www.data.jma.go.jp/stats/etrn/view/rank_a.php?prec_no=31&block_no=1079&year=&month=07&day=&view=p1"
      }
    },
    {
      "type": "Feature",
      "geometry": {
        "type": "Point",
        "coordinates": [
          141.375,
          40.675
        ]
      },
      "properties": {
        "amedas_code": "31506",
        "name": "三沢",
        "name_kana": "ミサワ",
        "name_en": "Misawa",
        "altitude_m": 39.0,
        "record_value": 8.0,
        "record_date": "1990-07-01",
        "record_status": "success",
        "prec_no": "31",
        "block_no": "0169",
        "station_class": "a",
        "record_rank_url": "https://www.data.jma.go.jp/stats/etrn/view/rank_a.php?prec_no=31&block_no=0169&year=&month=07&day=&view=p1"
      }
    },
    {
      "type": "Feature",
      "geometry": {
        "type": "Point",
        "coordinates": [
          141.233333,
          40.606667
        ]
      },
      "properties": {
        "amedas_code": "31586",
        "name": "十和田",
        "name_kana": "トワダ",
        "name_en": "Towada",
        "altitude_m": 55.0,
        "record_value": 6.9,
        "record_date": "1993-07-01",
        "record_status": "success",
        "prec_no": "31",
        "block_no": "0172",
        "station_class": "a",
        "record_rank_url": "https://www.data.jma.go.jp/stats/etrn/view/rank_a.php?prec_no=31&block_no=0172&year=&month=07&day=&view=p1"
      }
    },
    {
      "type": "Feature",
      "geometry": {
        "type": "Point",
        "coordinates": [
          141.521667,
          40.526667
        ]
      },
      "properties": {
        "amedas_code": "31602",
        "name": "八戸",
        "name_kana": "ハチノヘ",
        "name_en": "Hachinohe",
        "altitude_m": 27.0,
        "record_value": 5.0,
        "record_date": "1976-07-01",
        "record_status": "success",
        "prec_no": "31",
        "block_no": "47581",
        "station_class": "s",
        "record_rank_url": "https://www.data.jma.go.jp/stats/etrn/view/rank_s.php?prec_no=31&block_no=47581&year=&month=07&day=&view=p1"
      }
    },
    {
      "type": "Feature",
      "geometry": {
        "type": "Point",
        "coordinates": [
          140.62,
          40.481667
        ]
      },
      "properties": {
        "amedas_code": "31646",
        "name": "碇ケ関",
        "name_kana": "イカリガセキ",
        "name_en": "Ikarigaseki",
        "altitude_m": 135.0,
        "record_value": 7.9,
        "record_date": "1993-07-01",
        "record_status": "success",
        "prec_no": "31",
        "block_no": "0175",
        "station_class": "a",
        "record_rank_url": "https://www.data.jma.go.jp/stats/etrn/view/rank_a.php?prec_no=31&block_no=0175&year=&month=07&day=&view=p1"
      }
    },
    {
      "type": "Feature",
      "geometry": {
        "type": "Point",
        "coordinates": [
          140.898333,
          40.426667
        ]
      },
      "properties": {
        "amedas_code": "31662",
        "name": "休屋",
        "name_kana": "ヤスミヤ",
        "name_en": "Yasumiya",
        "altitude_m": 414.0,
        "record_value": 7.3,
        "record_date": "1993-07-01",
        "record_status": "success",
        "prec_no": "31",
        "block_no": "0177",
        "station_class": "a",
        "record_rank_url": "https://www.data.jma.go.jp/stats/etrn/view/rank_a.php?prec_no=31&block_no=0177&year=&month=07&day=&view=p1"
      }
    },
    {
      "type": "Feature",
      "geometry": {
        "type": "Point",
        "coordinates": [
          141.256667,
          40.383333
        ]
      },
      "properties": {
        "amedas_code": "31721",
        "name": "三戸",
        "name_kana": "サンノヘ",
        "name_en": "Sannohe",
        "altitude_m": 60.0,
        "record_value": 7.6,
        "record_date": "1993-07-01",
        "record_status": "success",
        "prec_no": "31",
        "block_no": "0179",
        "station_class": "a",
        "record_rank_url": "https://www.data.jma.go.jp/stats/etrn/view/rank_a.php?prec_no=31&block_no=0179&year=&month=07&day=&view=p1"
      }
    },
    {
      "type": "Feature",
      "geometry": {
        "type": "Point",
        "coordinates": [
          139.948333,
          40.413333
        ]
      },
      "properties": {
        "amedas_code": "32056",
        "name": "八森",
        "name_kana": "ハチモリ",
        "name_en": "Hachimori",
        "altitude_m": 34.0,
        "record_value": 11.5,
        "record_date": "1979-07-06",
        "record_status": "success",
        "prec_no": "32",
        "block_no": "1043",
        "station_class": "a",
        "record_rank_url": "https://www.data.jma.go.jp/stats/etrn/view/rank_a.php?prec_no=32&block_no=1043&year=&month=07&day=&view=p1"
      }
    },
    {
      "type": "Feature",
      "geometry": {
        "type": "Point",
        "coordinates": [
          140.031667,
          40.198333
        ]
      },
      "properties": {
        "amedas_code": "32111",
        "name": "能代",
        "name_kana": "ノシロ",
        "name_en": "Noshiro",
        "altitude_m": 6.0,
        "record_value": 11.5,
        "record_date": "1979-07-06",
        "record_status": "success",
        "prec_no": "32",
        "block_no": "0183",
        "station_class": "a",
        "record_rank_url": "https://www.data.jma.go.jp/stats/etrn/view/rank_a.php?prec_no=32&block_no=0183&year=&month=07&day=&view=p1"
      }
    },
    {
      "type": "Feature",
      "geometry": {
        "type": "Point",
        "coordinates": [
          140.371667,
          40.226667
        ]
      },
      "properties": {
        "amedas_code": "32126",
        "name": "鷹巣",
        "name_kana": "タカノス",
        "name_en": "Takanosu",
        "altitude_m": 29.0,
        "record_value": 6.7,
        "record_date": "1976-07-01",
        "record_status": "success",
        "prec_no": "32",
        "block_no": "0184",
        "station_class": "a",
        "record_rank_url": "https://www.data.jma.go.jp/stats/etrn/view/rank_a.php?prec_no=32&block_no=0184&year=&month=07&day=&view=p1"
      }
    },
    {
      "type": "Feature",
      "geometry": {
        "type": "Point",
        "coordinates": [
          140.505,
          40.251667
        ]
      },
      "properties": {
        "amedas_code": "32136",
        "name": "大館",
        "name_kana": "オオダテ",
        "name_en": "Odate",
        "altitude_m": 49.0,
        "record_value": 9.4,
        "record_date": "1982-07-01",
        "record_status": "success",
        "prec_no": "32",
        "block_no": "0912",
        "station_class": "a",
        "record_rank_url": "https://www.data.jma.go.jp/stats/etrn/view/rank_a.php?prec_no=32&block_no=0912&year=&month=07&day=&view=p1"
      }
    },
    {
      "type": "Feature",
      "geometry": {
        "type": "Point",
        "coordinates": [
          140.786667,
          40.215
        ]
      },
      "properties": {
        "amedas_code": "32146",
        "name": "鹿角",
        "name_kana": "カヅノ",
        "name_en": "Kazuno",
        "altitude_m": 123.0,
        "record_value": 8.1,
        "record_date": "1982-07-01",
        "record_status": "success",
        "prec_no": "32",
        "block_no": "0185",
        "station_class": "a",
        "record_rank_url": "https://www.data.jma.go.jp/stats/etrn/view/rank_a.php?prec_no=32&block_no=0185&year=&month=07&day=&view=p1"
      }
    },
    {
      "type": "Feature",
      "geometry": {
        "type": "Point",
        "coordinates": [
          140.371667,
          40.191667
        ]
      },
      "properties": {
        "amedas_code": "32181",
        "name": "脇神",
        "name_kana": "ワキガミ：大館能代空港",
        "name_en": "Wakigami",
        "altitude_m": 84.0,
        "record_value": 9.9,
        "record_date": "2015-07-06",
        "record_status": "success",
        "prec_no": "32",
        "block_no": "1463",
        "station_class": "a",
        "record_rank_url": "https://www.data.jma.go.jp/stats/etrn/view/rank_a.php?prec_no=32&block_no=1463&year=&month=07&day=&view=p1"
      }
    },
    {
      "type": "Feature",
      "geometry": {
        "type": "Point",
        "coordinates": [
          140.84,
          40.12
        ]
      },
      "properties": {
        "amedas_code": "32206",
        "name": "湯瀬",
        "name_kana": "ユゼ",
        "name_en": "Yuze",
        "altitude_m": 214.0,
        "record_value": 7.8,
        "record_date": "1982-07-01",
        "record_status": "success",
        "prec_no": "32",
        "block_no": "0186",
        "station_class": "a",
        "record_rank_url": "https://www.data.jma.go.jp/stats/etrn/view/rank_a.php?prec_no=32&block_no=0186&year=&month=07&day=&view=p1"
      }
    },
    {
      "type": "Feature",
      "geometry": {
        "type": "Point",
        "coordinates": [
          140.801667,
          40.013333
        ]
      },
      "properties": {
        "amedas_code": "32266",
        "name": "八幡平",
        "name_kana": "ハチマンタイ",
        "name_en": "Hachimantai",
        "altitude_m": 578.0,
        "record_value": 4.9,
        "record_date": "1990-07-01",
        "record_status": "success",
        "prec_no": "32",
        "block_no": "1289",
        "station_class": "a",
        "record_rank_url": "https://www.data.jma.go.jp/stats/etrn/view/rank_a.php?prec_no=32&block_no=1289&year=&month=07&day=&view=p1"
      }
    },
    {
      "type": "Feature",
      "geometry": {
        "type": "Point",
        "coordinates": [
          139.9,
          39.911667
        ]
      },
      "properties": {
        "amedas_code": "32286",
        "name": "男鹿",
        "name_kana": "オガ",
        "name_en": "Oga",
        "altitude_m": 20.0,
        "record_value": 10.4,
        "record_date": "2015-07-10",
        "record_status": "success",
        "prec_no": "32",
        "block_no": "1036",
        "station_class": "a",
        "record_rank_url": "https://www.data.jma.go.jp/stats/etrn/view/rank_a.php?prec_no=32&block_no=1036&year=&month=07&day=&view=p1"
      }
    },
    {
      "type": "Feature",
      "geometry": {
        "type": "Point",
        "coordinates": [
          139.95,
          40.0
        ]
      },
      "properties": {
        "amedas_code": "32287",
        "name": "大潟",
        "name_kana": "オオガタ",
        "name_en": "Ogata",
        "altitude_m": -3.0,
        "record_value": 10.7,
        "record_date": "1979-07-06",
        "record_status": "success",
        "prec_no": "32",
        "block_no": "1035",
        "station_class": "a",
        "record_rank_url": "https://www.data.jma.go.jp/stats/etrn/view/rank_a.php?prec_no=32&block_no=1035&year=&month=07&day=&view=p1"
      }
    },
    {
      "type": "Feature",
      "geometry": {
        "type": "Point",
        "coordinates": [
          140.115,
          39.938333
        ]
      },
      "properties": {
        "amedas_code": "32296",
        "name": "五城目",
        "name_kana": "ゴジョウメ",
        "name_en": "Gojome",
        "altitude_m": 6.0,
        "record_value": 11.1,
        "record_date": "1979-07-06",
        "record_status": "success",
        "prec_no": "32",
        "block_no": "0188",
        "station_class": "a",
        "record_rank_url": "https://www.data.jma.go.jp/stats/etrn/view/rank_a.php?prec_no=32&block_no=0188&year=&month=07&day=&view=p1"
      }
    },
    {
      "type": "Feature",
      "geometry": {
        "type": "Point",
        "coordinates": [
          140.403333,
          39.993333
        ]
      },
      "properties": {
        "amedas_code": "32311",
        "name": "阿仁合",
        "name_kana": "アニアイ",
        "name_en": "Aniai",
        "altitude_m": 120.0,
        "record_value": 9.5,
        "record_date": "1993-07-02",
        "record_status": "success",
        "prec_no": "32",
        "block_no": "1131",
        "station_class": "a",
        "record_rank_url": "https://www.data.jma.go.jp/stats/etrn/view/rank_a.php?prec_no=32&block_no=1131&year=&month=07&day=&view=p1"
      }
    },
    {
      "type": "Feature",
      "geometry": {
        "type": "Point",
        "coordinates": [
          140.098333,
          39.716667
        ]
      },
      "properties": {
        "amedas_code": "32402",
        "name": "秋田",
        "name_kana": "アキタ",
        "name_en": "Akita",
        "altitude_m": 6.0,
        "record_value": 8.9,
        "record_date": "1976-07-01",
        "record_status": "success",
        "prec_no": "32",
        "block_no": "47582",
        "station_class": "s",
        "record_rank_url": "https://www.data.jma.go.jp/stats/etrn/view/rank_s.php?prec_no=32&block_no=47582&year=&month=07&day=&view=p1"
      }
    },
    {
      "type": "Feature",
      "geometry": {
        "type": "Point",
        "coordinates": [
          140.286667,
          39.706667
        ]
      },
      "properties": {
        "amedas_code": "32407",
        "name": "岩見三内",
        "name_kana": "イワミサンナイ",
        "name_en": "Iwami-Sannai",
        "altitude_m": 41.0,
        "record_value": 9.6,
        "record_date": "2008-07-02",
        "record_status": "success",
        "prec_no": "32",
        "block_no": "0192",
        "station_class": "a",
        "record_rank_url": "https://www.data.jma.go.jp/stats/etrn/view/rank_a.php?prec_no=32&block_no=0192&year=&month=07&day=&view=p1"
      }
    },
    {
      "type": "Feature",
      "geometry": {
        "type": "Point",
        "coordinates": [
          140.218333,
          39.615
        ]
      },
      "properties": {
        "amedas_code": "32451",
        "name": "雄和",
        "name_kana": "ユウワ：秋田空港",
        "name_en": "Yuwa",
        "altitude_m": 93.0,
        "record_value": 13.0,
        "record_date": "2007-07-02",
        "record_status": "success",
        "prec_no": "32",
        "block_no": "1511",
        "station_class": "a",
        "record_rank_url": "https://www.data.jma.go.jp/stats/etrn/view/rank_a.php?prec_no=32&block_no=1511&year=&month=07&day=&view=p1"
      }
    },
    {
      "type": "Feature",
      "geometry": {
        "type": "Point",
        "coordinates": [
          140.556667,
          39.603333
        ]
      },
      "properties": {
        "amedas_code": "32466",
        "name": "角館",
        "name_kana": "カクノダテ",
        "name_en": "Kakunodate",
        "altitude_m": 56.0,
        "record_value": 10.8,
        "record_date": "1983-07-12",
        "record_status": "success",
        "prec_no": "32",
        "block_no": "0193",
        "station_class": "a",
        "record_rank_url": "https://www.data.jma.go.jp/stats/etrn/view/rank_a.php?prec_no=32&block_no=0193&year=&month=07&day=&view=p1"
      }
    },
    {
      "type": "Feature",
      "geometry": {
        "type": "Point",
        "coordinates": [
          140.731667,
          39.698333
        ]
      },
      "properties": {
        "amedas_code": "32476",
        "name": "田沢湖",
        "name_kana": "タザワコ",
        "name_en": "Lake Tazawa",
        "altitude_m": 230.0,
        "record_value": 9.6,
        "record_date": "2008-07-02",
        "record_status": "success",
        "prec_no": "32",
        "block_no": "0194",
        "station_class": "a",
        "record_rank_url": "https://www.data.jma.go.jp/stats/etrn/view/rank_a.php?prec_no=32&block_no=0194&year=&month=07&day=&view=p1"
      }
    },
    {
      "type": "Feature",
      "geometry": {
        "type": "Point",
        "coordinates": [
          140.233333,
          39.526667
        ]
      },
      "properties": {
        "amedas_code": "32496",
        "name": "大正寺",
        "name_kana": "ダイショウジ",
        "name_en": "Daisho-ji",
        "altitude_m": 20.0,
        "record_value": 8.4,
        "record_date": "1983-07-12",
        "record_status": "success",
        "prec_no": "32",
        "block_no": "1050",
        "station_class": "a",
        "record_rank_url": "https://www.data.jma.go.jp/stats/etrn/view/rank_a.php?prec_no=32&block_no=1050&year=&month=07&day=&view=p1"
      }
    },
    {
      "type": "Feature",
      "geometry": {
        "type": "Point",
        "coordinates": [
          140.495,
          39.49
        ]
      },
      "properties": {
        "amedas_code": "32551",
        "name": "大曲",
        "name_kana": "オオマガリ",
        "name_en": "Omagari",
        "altitude_m": 30.0,
        "record_value": 11.7,
        "record_date": "1983-07-12",
        "record_status": "success",
        "prec_no": "32",
        "block_no": "0195",
        "station_class": "a",
        "record_rank_url": "https://www.data.jma.go.jp/stats/etrn/view/rank_a.php?prec_no=32&block_no=0195&year=&month=07&day=&view=p1"
      }
    },
    {
      "type": "Feature",
      "geometry": {
        "type": "Point",
        "coordinates": [
          140.055,
          39.36
        ]
      },
      "properties": {
        "amedas_code": "32571",
        "name": "本荘",
        "name_kana": "ホンジョウ",
        "name_en": "Honjo",
        "altitude_m": 11.0,
        "record_value": 11.4,
        "record_date": "1993-07-02",
        "record_status": "success",
        "prec_no": "32",
        "block_no": "0196",
        "station_class": "a",
        "record_rank_url": "https://www.data.jma.go.jp/stats/etrn/view/rank_a.php?prec_no=32&block_no=0196&year=&month=07&day=&view=p1"
      }
    },
    {
      "type": "Feature",
      "geometry": {
        "type": "Point",
        "coordinates": [
          140.288333,
          39.305
        ]
      },
      "properties": {
        "amedas_code": "32581",
        "name": "東由利",
        "name_kana": "ヒガシユリ",
        "name_en": "Higashiyuri",
        "altitude_m": 117.0,
        "record_value": 8.9,
        "record_date": "1983-07-12",
        "record_status": "success",
        "prec_no": "32",
        "block_no": "1117",
        "station_class": "a",
        "record_rank_url": "https://www.data.jma.go.jp/stats/etrn/view/rank_a.php?prec_no=32&block_no=1117&year=&month=07&day=&view=p1"
      }
    },
    {
      "type": "Feature",
      "geometry": {
        "type": "Point",
        "coordinates": [
          140.555,
          39.32
        ]
      },
      "properties": {
        "amedas_code": "32596",
        "name": "横手",
        "name_kana": "ヨコテ",
        "name_en": "Yokote",
        "altitude_m": 59.0,
        "record_value": 9.3,
        "record_date": "1976-07-01",
        "record_status": "success",
        "prec_no": "32",
        "block_no": "0198",
        "station_class": "a",
        "record_rank_url": "https://www.data.jma.go.jp/stats/etrn/view/rank_a.php?prec_no=32&block_no=0198&year=&month=07&day=&view=p1"
      }
    },
    {
      "type": "Feature",
      "geometry": {
        "type": "Point",
        "coordinates": [
          139.913333,
          39.255
        ]
      },
      "properties": {
        "amedas_code": "32616",
        "name": "にかほ",
        "name_kana": "ニカホ",
        "name_en": "Nikaho",
        "altitude_m": 7.0,
        "record_value": 12.0,
        "record_date": "1993-07-02",
        "record_status": "success",
        "prec_no": "32",
        "block_no": "0199",
        "station_class": "a",
        "record_rank_url": "https://www.data.jma.go.jp/stats/etrn/view/rank_a.php?prec_no=32&block_no=0199&year=&month=07&day=&view=p1"
      }
    },
    {
      "type": "Feature",
      "geometry": {
        "type": "Point",
        "coordinates": [
          140.136667,
          39.235
        ]
      },
      "properties": {
        "amedas_code": "32626",
        "name": "矢島",
        "name_kana": "ヤシマ",
        "name_en": "Yashima",
        "altitude_m": 46.0,
        "record_value": 10.4,
        "record_date": "2008-07-02",
        "record_status": "success",
        "prec_no": "32",
        "block_no": "0200",
        "station_class": "a",
        "record_rank_url": "https://www.data.jma.go.jp/stats/etrn/view/rank_a.php?prec_no=32&block_no=0200&year=&month=07&day=&view=p1"
      }
    },
    {
      "type": "Feature",
      "geometry": {
        "type": "Point",
        "coordinates": [
          140.463333,
          39.186667
        ]
      },
      "properties": {
        "amedas_code": "32691",
        "name": "湯沢",
        "name_kana": "ユザワ",
        "name_en": "Yuzawa",
        "altitude_m": 74.0,
        "record_value": 9.3,
        "record_date": "1983-07-12",
        "record_status": "success",
        "prec_no": "32",
        "block_no": "0202",
        "station_class": "a",
        "record_rank_url": "https://www.data.jma.go.jp/stats/etrn/view/rank_a.php?prec_no=32&block_no=0202&year=&month=07&day=&view=p1"
      }
    },
    {
      "type": "Feature",
      "geometry": {
        "type": "Point",
        "coordinates": [
          140.528333,
          38.96
        ]
      },
      "properties": {
        "amedas_code": "32771",
        "name": "湯の岱",
        "name_kana": "ユノタイ",
        "name_en": "Yunotai",
        "altitude_m": 335.0,
        "record_value": 8.4,
        "record_date": "2008-07-02",
        "record_status": "success",
        "prec_no": "32",
        "block_no": "0204",
        "station_class": "a",
        "record_rank_url": "https://www.data.jma.go.jp/stats/etrn/view/rank_a.php?prec_no=32&block_no=0204&year=&month=07&day=&view=p1"
      }
    },
    {
      "type": "Feature",
      "geometry": {
        "type": "Point",
        "coordinates": [
          141.7,
          40.403333
        ]
      },
      "properties": {
        "amedas_code": "33006",
        "name": "種市",
        "name_kana": "タネイチ",
        "name_en": "Taneichi",
        "altitude_m": 70.0,
        "record_value": 7.3,
        "record_date": "1993-07-06",
        "record_status": "success",
        "prec_no": "33",
        "block_no": "0205",
        "station_class": "a",
        "record_rank_url": "https://www.data.jma.go.jp/stats/etrn/view/rank_a.php?prec_no=33&block_no=0205&year=&month=07&day=&view=p1"
      }
    },
    {
      "type": "Feature",
      "geometry": {
        "type": "Point",
        "coordinates": [
          141.466667,
          40.325
        ]
      },
      "properties": {
        "amedas_code": "33026",
        "name": "軽米",
        "name_kana": "カルマイ",
        "name_en": "Karumai",
        "altitude_m": 148.0,
        "record_value": 6.3,
        "record_date": "1982-07-01",
        "record_status": "success",
        "prec_no": "33",
        "block_no": "0206",
        "station_class": "a",
        "record_rank_url": "https://www.data.jma.go.jp/stats/etrn/view/rank_a.php?prec_no=33&block_no=0206&year=&month=07&day=&view=p1"
      }
    },
    {
      "type": "Feature",
      "geometry": {
        "type": "Point",
        "coordinates": [
          141.298333,
          40.298333
        ]
      },
      "properties": {
        "amedas_code": "33071",
        "name": "二戸",
        "name_kana": "ニノヘ",
        "name_en": "Ninohe",
        "altitude_m": 87.0,
        "record_value": 8.3,
        "record_date": "1998-07-16",
        "record_status": "success",
        "prec_no": "33",
        "block_no": "0207",
        "station_class": "a",
        "record_rank_url": "https://www.data.jma.go.jp/stats/etrn/view/rank_a.php?prec_no=33&block_no=0207&year=&month=07&day=&view=p1"
      }
    },
    {
      "type": "Feature",
      "geometry": {
        "type": "Point",
        "coordinates": [
          141.571667,
          40.148333
        ]
      },
      "properties": {
        "amedas_code": "33136",
        "name": "山形",
        "name_kana": "ヤマガタ",
        "name_en": "Yamagata",
        "altitude_m": 290.0,
        "record_value": 4.9,
        "record_date": "1990-07-01",
        "record_status": "success",
        "prec_no": "33",
        "block_no": "1219",
        "station_class": "a",
        "record_rank_url": "https://www.data.jma.go.jp/stats/etrn/view/rank_a.php?prec_no=33&block_no=1219&year=&month=07&day=&view=p1"
      }
    },
    {
      "type": "Feature",
      "geometry": {
        "type": "Point",
        "coordinates": [
          141.748333,
          40.168333
        ]
      },
      "properties": {
        "amedas_code": "33146",
        "name": "久慈",
        "name_kana": "クジ",
        "name_en": "Kuji",
        "altitude_m": 13.0,
        "record_value": 7.0,
        "record_date": "1979-07-18",
        "record_status": "success",
        "prec_no": "33",
        "block_no": "0209",
        "station_class": "a",
        "record_rank_url": "https://www.data.jma.go.jp/stats/etrn/view/rank_a.php?prec_no=33&block_no=0209&year=&month=07&day=&view=p1"
      }
    },
    {
      "type": "Feature",
      "geometry": {
        "type": "Point",
        "coordinates": [
          141.05,
          40.103333
        ]
      },
      "properties": {
        "amedas_code": "33166",
        "name": "荒屋",
        "name_kana": "アラヤ",
        "name_en": "Araya",
        "altitude_m": 290.0,
        "record_value": 6.7,
        "record_date": "1982-07-01",
        "record_status": "success",
        "prec_no": "33",
        "block_no": "1120",
        "station_class": "a",
        "record_rank_url": "https://www.data.jma.go.jp/stats/etrn/view/rank_a.php?prec_no=33&block_no=1120&year=&month=07&day=&view=p1"
      }
    },
    {
      "type": "Feature",
      "geometry": {
        "type": "Point",
        "coordinates": [
          141.225,
          40.06
        ]
      },
      "properties": {
        "amedas_code": "33176",
        "name": "奥中山",
        "name_kana": "オクナカヤマ",
        "name_en": "Mt. Okunaka",
        "altitude_m": 430.0,
        "record_value": 6.3,
        "record_date": "1982-07-01",
        "record_status": "success",
        "prec_no": "33",
        "block_no": "1215",
        "station_class": "a",
        "record_rank_url": "https://www.data.jma.go.jp/stats/etrn/view/rank_a.php?prec_no=33&block_no=1215&year=&month=07&day=&view=p1"
      }
    },
    {
      "type": "Feature",
      "geometry": {
        "type": "Point",
        "coordinates": [
          141.456667,
          40.04
        ]
      },
      "properties": {
        "amedas_code": "33186",
        "name": "葛巻",
        "name_kana": "クズマキ",
        "name_en": "Kuzumaki",
        "altitude_m": 418.0,
        "record_value": 5.6,
        "record_date": "1990-07-01",
        "record_status": "success",
        "prec_no": "33",
        "block_no": "0211",
        "station_class": "a",
        "record_rank_url": "https://www.data.jma.go.jp/stats/etrn/view/rank_a.php?prec_no=33&block_no=0211&year=&month=07&day=&view=p1"
      }
    },
    {
      "type": "Feature",
      "geometry": {
        "type": "Point",
        "coordinates": [
          141.883333,
          40.003333
        ]
      },
      "properties": {
        "amedas_code": "33206",
        "name": "普代",
        "name_kana": "フダイ",
        "name_en": "Fudai",
        "altitude_m": 8.0,
        "record_value": 5.9,
        "record_date": "1990-07-01",
        "record_status": "success",
        "prec_no": "33",
        "block_no": "1123",
        "station_class": "a",
        "record_rank_url": "https://www.data.jma.go.jp/stats/etrn/view/rank_a.php?prec_no=33&block_no=1123&year=&month=07&day=&view=p1"
      }
    },
    {
      "type": "Feature",
      "geometry": {
        "type": "Point",
        "coordinates": [
          141.065,
          39.951667
        ]
      },
      "properties": {
        "amedas_code": "33226",
        "name": "岩手松尾",
        "name_kana": "イワテマツオ",
        "name_en": "Iwate-Matsuo",
        "altitude_m": 275.0,
        "record_value": 7.7,
        "record_date": "1983-07-12",
        "record_status": "success",
        "prec_no": "33",
        "block_no": "0214",
        "station_class": "a",
        "record_rank_url": "https://www.data.jma.go.jp/stats/etrn/view/rank_a.php?prec_no=33&block_no=0214&year=&month=07&day=&view=p1"
      }
    },
    {
      "type": "Feature",
      "geometry": {
        "type": "Point",
        "coordinates": [
          141.166667,
          39.868333
        ]
      },
      "properties": {
        "amedas_code": "33296",
        "name": "好摩",
        "name_kana": "コウマ",
        "name_en": "Koma",
        "altitude_m": 205.0,
        "record_value": 7.9,
        "record_date": "1983-07-12",
        "record_status": "success",
        "prec_no": "33",
        "block_no": "1032",
        "station_class": "a",
        "record_rank_url": "https://www.data.jma.go.jp/stats/etrn/view/rank_a.php?prec_no=33&block_no=1032&year=&month=07&day=&view=p1"
      }
    },
    {
      "type": "Feature",
      "geometry": {
        "type": "Point",
        "coordinates": [
          141.795,
          39.846667
        ]
      },
      "properties": {
        "amedas_code": "33326",
        "name": "岩泉",
        "name_kana": "イワイズミ",
        "name_en": "Iwaizumi",
        "altitude_m": 105.0,
        "record_value": 6.8,
        "record_date": "1990-07-01",
        "record_status": "success",
        "prec_no": "33",
        "block_no": "0218",
        "station_class": "a",
        "record_rank_url": "https://www.data.jma.go.jp/stats/etrn/view/rank_a.php?prec_no=33&block_no=0218&year=&month=07&day=&view=p1"
      }
    },
    {
      "type": "Feature",
      "geometry": {
        "type": "Point",
        "coordinates": [
          141.963333,
          39.846667
        ]
      },
      "properties": {
        "amedas_code": "33336",
        "name": "小本",
        "name_kana": "オモト",
        "name_en": "Omoto",
        "altitude_m": 3.0,
        "record_value": 8.1,
        "record_date": "1990-07-01",
        "record_status": "success",
        "prec_no": "33",
        "block_no": "1212",
        "station_class": "a",
        "record_rank_url": "https://www.data.jma.go.jp/stats/etrn/view/rank_a.php?prec_no=33&block_no=1212&year=&month=07&day=&view=p1"
      }
    },
    {
      "type": "Feature",
      "geometry": {
        "type": "Point",
        "coordinates": [
          141.328333,
          39.783333
        ]
      },
      "properties": {
        "amedas_code": "33371",
        "name": "薮川",
        "name_kana": "ヤブカワ",
        "name_en": "Yabukawa",
        "altitude_m": 680.0,
        "record_value": 3.1,
        "record_date": "1983-07-12",
        "record_status": "success",
        "prec_no": "33",
        "block_no": "1078",
        "station_class": "a",
        "record_rank_url": "https://www.data.jma.go.jp/stats/etrn/view/rank_a.php?prec_no=33&block_no=1078&year=&month=07&day=&view=p1"
      }
    },
    {
      "type": "Feature",
      "geometry": {
        "type": "Point",
        "coordinates": [
          140.975,
          39.696667
        ]
      },
      "properties": {
        "amedas_code": "33421",
        "name": "雫石",
        "name_kana": "シズクイシ",
        "name_en": "Shizukuishi",
        "altitude_m": 195.0,
        "record_value": 7.6,
        "record_date": "1983-07-12",
        "record_status": "success",
        "prec_no": "33",
        "block_no": "0221",
        "station_class": "a",
        "record_rank_url": "https://www.data.jma.go.jp/stats/etrn/view/rank_a.php?prec_no=33&block_no=0221&year=&month=07&day=&view=p1"
      }
    },
    {
      "type": "Feature",
      "geometry": {
        "type": "Point",
        "coordinates": [
          141.165,
          39.698333
        ]
      },
      "properties": {
        "amedas_code": "33431",
        "name": "盛岡",
        "name_kana": "モリオカ",
        "name_en": "Morioka",
        "altitude_m": 155.0,
        "record_value": 4.3,
        "record_date": "1976-07-01",
        "record_status": "success",
        "prec_no": "33",
        "block_no": "47584",
        "station_class": "s",
        "record_rank_url": "https://www.data.jma.go.jp/stats/etrn/view/rank_s.php?prec_no=33&block_no=47584&year=&month=07&day=&view=p1"
      }
    },
    {
      "type": "Feature",
      "geometry": {
        "type": "Point",
        "coordinates": [
          141.353333,
          39.65
        ]
      },
      "properties": {
        "amedas_code": "33441",
        "name": "区界",
        "name_kana": "クザカイ",
        "name_en": "Kuzakai",
        "altitude_m": 734.0,
        "record_value": 4.7,
        "record_date": "2004-07-02",
        "record_status": "success",
        "prec_no": "33",
        "block_no": "1447",
        "station_class": "a",
        "record_rank_url": "https://www.data.jma.go.jp/stats/etrn/view/rank_a.php?prec_no=33&block_no=1447&year=&month=07&day=&view=p1"
      }
    },
    {
      "type": "Feature",
      "geometry": {
        "type": "Point",
        "coordinates": [
          141.965,
          39.646667
        ]
      },
      "properties": {
        "amedas_code": "33472",
        "name": "宮古",
        "name_kana": "ミヤコ",
        "name_en": "Miyako",
        "altitude_m": 43.0,
        "record_value": 4.9,
        "record_date": "1976-07-01",
        "record_status": "success",
        "prec_no": "33",
        "block_no": "47585",
        "station_class": "s",
        "record_rank_url": "https://www.data.jma.go.jp/stats/etrn/view/rank_s.php?prec_no=33&block_no=47585&year=&month=07&day=&view=p1"
      }
    },
    {
      "type": "Feature",
      "geometry": {
        "type": "Point",
        "coordinates": [
          140.843333,
          39.548333
        ]
      },
      "properties": {
        "amedas_code": "33486",
        "name": "沢内",
        "name_kana": "サワウチ",
        "name_en": "Sawauchi",
        "altitude_m": 407.0,
        "record_value": 10.3,
        "record_date": "2026-07-01",
        "record_status": "success",
        "prec_no": "33",
        "block_no": "1118",
        "station_class": "a",
        "record_rank_url": "https://www.data.jma.go.jp/stats/etrn/view/rank_a.php?prec_no=33&block_no=1118&year=&month=07&day=&view=p1"
      }
    },
    {
      "type": "Feature",
      "geometry": {
        "type": "Point",
        "coordinates": [
          141.126667,
          39.546667
        ]
      },
      "properties": {
        "amedas_code": "33501",
        "name": "紫波",
        "name_kana": "シワ",
        "name_en": "Shiwa",
        "altitude_m": 125.0,
        "record_value": 8.7,
        "record_date": "1983-07-12",
        "record_status": "success",
        "prec_no": "33",
        "block_no": "1128",
        "station_class": "a",
        "record_rank_url": "https://www.data.jma.go.jp/stats/etrn/view/rank_a.php?prec_no=33&block_no=1128&year=&month=07&day=&view=p1"
      }
    },
    {
      "type": "Feature",
      "geometry": {
        "type": "Point",
        "coordinates": [
          141.681667,
          39.598333
        ]
      },
      "properties": {
        "amedas_code": "33526",
        "name": "川井",
        "name_kana": "カワイ",
        "name_en": "Kawai",
        "altitude_m": 192.0,
        "record_value": 8.6,
        "record_date": "1993-07-01",
        "record_status": "success",
        "prec_no": "33",
        "block_no": "1224",
        "station_class": "a",
        "record_rank_url": "https://www.data.jma.go.jp/stats/etrn/view/rank_a.php?prec_no=33&block_no=1224&year=&month=07&day=&view=p1"
      }
    },
    {
      "type": "Feature",
      "geometry": {
        "type": "Point",
        "coordinates": [
          141.135,
          39.428333
        ]
      },
      "properties": {
        "amedas_code": "33576",
        "name": "花巻",
        "name_kana": "ハナマキ：花巻空港",
        "name_en": "Hanamaki",
        "altitude_m": 90.0,
        "record_value": 10.9,
        "record_date": "2011-07-22",
        "record_status": "success",
        "prec_no": "33",
        "block_no": "0227",
        "station_class": "a",
        "record_rank_url": "https://www.data.jma.go.jp/stats/etrn/view/rank_a.php?prec_no=33&block_no=0227&year=&month=07&day=&view=p1"
      }
    },
    {
      "type": "Feature",
      "geometry": {
        "type": "Point",
        "coordinates": [
          141.278333,
          39.47
        ]
      },
      "properties": {
        "amedas_code": "33581",
        "name": "大迫",
        "name_kana": "オオハサマ",
        "name_en": "Ohasama",
        "altitude_m": 150.0,
        "record_value": 7.5,
        "record_date": "1983-07-12",
        "record_status": "success",
        "prec_no": "33",
        "block_no": "0228",
        "station_class": "a",
        "record_rank_url": "https://www.data.jma.go.jp/stats/etrn/view/rank_a.php?prec_no=33&block_no=0228&year=&month=07&day=&view=p1"
      }
    },
    {
      "type": "Feature",
      "geometry": {
        "type": "Point",
        "coordinates": [
          141.956667,
          39.45
        ]
      },
      "properties": {
        "amedas_code": "33616",
        "name": "山田",
        "name_kana": "ヤマダ",
        "name_en": "Yamada",
        "altitude_m": 24.0,
        "record_value": 8.1,
        "record_date": "1990-07-01",
        "record_status": "success",
        "prec_no": "33",
        "block_no": "1033",
        "station_class": "a",
        "record_rank_url": "https://www.data.jma.go.jp/stats/etrn/view/rank_a.php?prec_no=33&block_no=1033&year=&month=07&day=&view=p1"
      }
    },
    {
      "type": "Feature",
      "geometry": {
        "type": "Point",
        "coordinates": [
          140.776667,
          39.31
        ]
      },
      "properties": {
        "amedas_code": "33631",
        "name": "湯田",
        "name_kana": "ユダ",
        "name_en": "Yuda",
        "altitude_m": 250.0,
        "record_value": 5.9,
        "record_date": "1976-07-01",
        "record_status": "success",
        "prec_no": "33",
        "block_no": "0229",
        "station_class": "a",
        "record_rank_url": "https://www.data.jma.go.jp/stats/etrn/view/rank_a.php?prec_no=33&block_no=0229&year=&month=07&day=&view=p1"
      }
    },
    {
      "type": "Feature",
      "geometry": {
        "type": "Point",
        "coordinates": [
          141.543333,
          39.338333
        ]
      },
      "properties": {
        "amedas_code": "33671",
        "name": "遠野",
        "name_kana": "トオノ",
        "name_en": "Tono",
        "altitude_m": 275.0,
        "record_value": 6.6,
        "record_date": "1983-07-12",
        "record_status": "success",
        "prec_no": "33",
        "block_no": "0231",
        "station_class": "a",
        "record_rank_url": "https://www.data.jma.go.jp/stats/etrn/view/rank_a.php?prec_no=33&block_no=0231&year=&month=07&day=&view=p1"
      }
    },
    {
      "type": "Feature",
      "geometry": {
        "type": "Point",
        "coordinates": [
          141.11,
          39.288333
        ]
      },
      "properties": {
        "amedas_code": "33716",
        "name": "北上",
        "name_kana": "キタカミ",
        "name_en": "Kitakami",
        "altitude_m": 61.0,
        "record_value": 9.3,
        "record_date": "1983-07-14",
        "record_status": "success",
        "prec_no": "33",
        "block_no": "0230",
        "station_class": "a",
        "record_rank_url": "https://www.data.jma.go.jp/stats/etrn/view/rank_a.php?prec_no=33&block_no=0230&year=&month=07&day=&view=p1"
      }
    },
    {
      "type": "Feature",
      "geometry": {
        "type": "Point",
        "coordinates": [
          141.878333,
          39.27
        ]
      },
      "properties": {
        "amedas_code": "33751",
        "name": "釜石",
        "name_kana": "カマイシ",
        "name_en": "Kamaishi",
        "altitude_m": 5.0,
        "record_value": 8.3,
        "record_date": "1982-07-01",
        "record_status": "success",
        "prec_no": "33",
        "block_no": "0233",
        "station_class": "a",
        "record_rank_url": "https://www.data.jma.go.jp/stats/etrn/view/rank_a.php?prec_no=33&block_no=0233&year=&month=07&day=&view=p1"
      }
    },
    {
      "type": "Feature",
      "geometry": {
        "type": "Point",
        "coordinates": [
          141.063333,
          39.14
        ]
      },
      "properties": {
        "amedas_code": "33776",
        "name": "若柳",
        "name_kana": "ワカヤナギ",
        "name_en": "Wakayanagi",
        "altitude_m": 97.0,
        "record_value": 9.0,
        "record_date": "1983-07-14",
        "record_status": "success",
        "prec_no": "33",
        "block_no": "0235",
        "station_class": "a",
        "record_rank_url": "https://www.data.jma.go.jp/stats/etrn/view/rank_a.php?prec_no=33&block_no=0235&year=&month=07&day=&view=p1"
      }
    },
    {
      "type": "Feature",
      "geometry": {
        "type": "Point",
        "coordinates": [
          141.161667,
          39.183333
        ]
      },
      "properties": {
        "amedas_code": "33781",
        "name": "江刺",
        "name_kana": "エサシ",
        "name_en": "Esashi",
        "altitude_m": 42.0,
        "record_value": 8.9,
        "record_date": "1983-07-14",
        "record_status": "success",
        "prec_no": "33",
        "block_no": "0236",
        "station_class": "a",
        "record_rank_url": "https://www.data.jma.go.jp/stats/etrn/view/rank_a.php?prec_no=33&block_no=0236&year=&month=07&day=&view=p1"
      }
    },
    {
      "type": "Feature",
      "geometry": {
        "type": "Point",
        "coordinates": [
          141.573333,
          39.141667
        ]
      },
      "properties": {
        "amedas_code": "33801",
        "name": "住田",
        "name_kana": "スミタ",
        "name_en": "Sumita",
        "altitude_m": 80.0,
        "record_value": 8.0,
        "record_date": "1983-07-12",
        "record_status": "success",
        "prec_no": "33",
        "block_no": "1206",
        "station_class": "a",
        "record_rank_url": "https://www.data.jma.go.jp/stats/etrn/view/rank_a.php?prec_no=33&block_no=1206&year=&month=07&day=&view=p1"
      }
    },
    {
      "type": "Feature",
      "geometry": {
        "type": "Point",
        "coordinates": [
          141.713333,
          39.063333
        ]
      },
      "properties": {
        "amedas_code": "33877",
        "name": "大船渡",
        "name_kana": "オオフナト",
        "name_en": "Ofunato",
        "altitude_m": 37.0,
        "record_value": 4.9,
        "record_date": "1976-07-01",
        "record_status": "success",
        "prec_no": "33",
        "block_no": "47512",
        "station_class": "s",
        "record_rank_url": "https://www.data.jma.go.jp/stats/etrn/view/rank_s.php?prec_no=33&block_no=47512&year=&month=07&day=&view=p1"
      }
    },
    {
      "type": "Feature",
      "geometry": {
        "type": "Point",
        "coordinates": [
          141.125,
          38.933333
        ]
      },
      "properties": {
        "amedas_code": "33911",
        "name": "一関",
        "name_kana": "イチノセキ",
        "name_en": "Ichinoseki",
        "altitude_m": 32.0,
        "record_value": 6.3,
        "record_date": "1976-07-01",
        "record_status": "success",
        "prec_no": "33",
        "block_no": "0238",
        "station_class": "a",
        "record_rank_url": "https://www.data.jma.go.jp/stats/etrn/view/rank_a.php?prec_no=33&block_no=0238&year=&month=07&day=&view=p1"
      }
    },
    {
      "type": "Feature",
      "geometry": {
        "type": "Point",
        "coordinates": [
          141.33,
          38.921667
        ]
      },
      "properties": {
        "amedas_code": "33921",
        "name": "千厩",
        "name_kana": "センマヤ",
        "name_en": "Senmaya",
        "altitude_m": 120.0,
        "record_value": 8.4,
        "record_date": "1983-07-12",
        "record_status": "success",
        "prec_no": "33",
        "block_no": "0239",
        "station_class": "a",
        "record_rank_url": "https://www.data.jma.go.jp/stats/etrn/view/rank_a.php?prec_no=33&block_no=0239&year=&month=07&day=&view=p1"
      }
    },
    {
      "type": "Feature",
      "geometry": {
        "type": "Point",
        "coordinates": [
          140.828333,
          38.913333
        ]
      },
      "properties": {
        "amedas_code": "34012",
        "name": "駒ノ湯",
        "name_kana": "コマノユ",
        "name_en": "Komanoyu",
        "altitude_m": 532.0,
        "record_value": 6.3,
        "record_date": "1983-07-12",
        "record_status": "success",
        "prec_no": "34",
        "block_no": "1126",
        "station_class": "a",
        "record_rank_url": "https://www.data.jma.go.jp/stats/etrn/view/rank_a.php?prec_no=34&block_no=1126&year=&month=07&day=&view=p1"
      }
    },
    {
      "type": "Feature",
      "geometry": {
        "type": "Point",
        "coordinates": [
          141.556667,
          38.906667
        ]
      },
      "properties": {
        "amedas_code": "34026",
        "name": "気仙沼",
        "name_kana": "ケセンヌマ",
        "name_en": "Kesennuma",
        "altitude_m": 62.0,
        "record_value": 9.9,
        "record_date": "1982-07-03",
        "record_status": "success",
        "prec_no": "34",
        "block_no": "0242",
        "station_class": "a",
        "record_rank_url": "https://www.data.jma.go.jp/stats/etrn/view/rank_a.php?prec_no=34&block_no=0242&year=&month=07&day=&view=p1"
      }
    },
    {
      "type": "Feature",
      "geometry": {
        "type": "Point",
        "coordinates": [
          140.76,
          38.743333
        ]
      },
      "properties": {
        "amedas_code": "34096",
        "name": "川渡",
        "name_kana": "カワタビ",
        "name_en": "Kawatabi",
        "altitude_m": 170.0,
        "record_value": 7.9,
        "record_date": "1983-07-12",
        "record_status": "success",
        "prec_no": "34",
        "block_no": "0243",
        "station_class": "a",
        "record_rank_url": "https://www.data.jma.go.jp/stats/etrn/view/rank_a.php?prec_no=34&block_no=0243&year=&month=07&day=&view=p1"
      }
    },
    {
      "type": "Feature",
      "geometry": {
        "type": "Point",
        "coordinates": [
          141.005,
          38.735
        ]
      },
      "properties": {
        "amedas_code": "34111",
        "name": "築館",
        "name_kana": "ツキダテ",
        "name_en": "Tsukidate",
        "altitude_m": 25.0,
        "record_value": 6.2,
        "record_date": "1976-07-01",
        "record_status": "success",
        "prec_no": "34",
        "block_no": "0244",
        "station_class": "a",
        "record_rank_url": "https://www.data.jma.go.jp/stats/etrn/view/rank_a.php?prec_no=34&block_no=0244&year=&month=07&day=&view=p1"
      }
    },
    {
      "type": "Feature",
      "geometry": {
        "type": "Point",
        "coordinates": [
          141.186667,
          38.625
        ]
      },
      "properties": {
        "amedas_code": "34171",
        "name": "米山",
        "name_kana": "ヨネヤマ",
        "name_en": "Yoneyama",
        "altitude_m": 4.0,
        "record_value": 11.3,
        "record_date": "1993-07-06",
        "record_status": "success",
        "prec_no": "34",
        "block_no": "1029",
        "station_class": "a",
        "record_rank_url": "https://www.data.jma.go.jp/stats/etrn/view/rank_a.php?prec_no=34&block_no=1029&year=&month=07&day=&view=p1"
      }
    },
    {
      "type": "Feature",
      "geometry": {
        "type": "Point",
        "coordinates": [
          141.448333,
          38.681667
        ]
      },
      "properties": {
        "amedas_code": "34186",
        "name": "志津川",
        "name_kana": "シヅガワ",
        "name_en": "Shizugawa",
        "altitude_m": 39.0,
        "record_value": 9.5,
        "record_date": "1982-07-03",
        "record_status": "success",
        "prec_no": "34",
        "block_no": "0246",
        "station_class": "a",
        "record_rank_url": "https://www.data.jma.go.jp/stats/etrn/view/rank_a.php?prec_no=34&block_no=0246&year=&month=07&day=&view=p1"
      }
    },
    {
      "type": "Feature",
      "geometry": {
        "type": "Point",
        "coordinates": [
          140.911667,
          38.598333
        ]
      },
      "properties": {
        "amedas_code": "34216",
        "name": "古川",
        "name_kana": "フルカワ",
        "name_en": "Furukawa",
        "altitude_m": 28.0,
        "record_value": 11.5,
        "record_date": "1993-07-06",
        "record_status": "success",
        "prec_no": "34",
        "block_no": "0247",
        "station_class": "a",
        "record_rank_url": "https://www.data.jma.go.jp/stats/etrn/view/rank_a.php?prec_no=34&block_no=0247&year=&month=07&day=&view=p1"
      }
    },
    {
      "type": "Feature",
      "geometry": {
        "type": "Point",
        "coordinates": [
          140.888333,
          38.473333
        ]
      },
      "properties": {
        "amedas_code": "34266",
        "name": "大衡",
        "name_kana": "オオヒラ",
        "name_en": "Ohira",
        "altitude_m": 57.0,
        "record_value": 10.3,
        "record_date": "1993-07-06",
        "record_status": "success",
        "prec_no": "34",
        "block_no": "0248",
        "station_class": "a",
        "record_rank_url": "https://www.data.jma.go.jp/stats/etrn/view/rank_a.php?prec_no=34&block_no=0248&year=&month=07&day=&view=p1"
      }
    },
    {
      "type": "Feature",
      "geometry": {
        "type": "Point",
        "coordinates": [
          141.091667,
          38.46
        ]
      },
      "properties": {
        "amedas_code": "34276",
        "name": "鹿島台",
        "name_kana": "カシマダイ",
        "name_en": "Kashimadai",
        "altitude_m": 3.0,
        "record_value": 11.2,
        "record_date": "1990-07-01",
        "record_status": "success",
        "prec_no": "34",
        "block_no": "0249",
        "station_class": "a",
        "record_rank_url": "https://www.data.jma.go.jp/stats/etrn/view/rank_a.php?prec_no=34&block_no=0249&year=&month=07&day=&view=p1"
      }
    },
    {
      "type": "Feature",
      "geometry": {
        "type": "Point",
        "coordinates": [
          141.298333,
          38.426667
        ]
      },
      "properties": {
        "amedas_code": "34292",
        "name": "石巻",
        "name_kana": "イシノマキ",
        "name_en": "Ishinomaki",
        "altitude_m": 43.0,
        "record_value": 8.3,
        "record_date": "1976-07-01",
        "record_status": "success",
        "prec_no": "34",
        "block_no": "47592",
        "station_class": "s",
        "record_rank_url": "https://www.data.jma.go.jp/stats/etrn/view/rank_s.php?prec_no=34&block_no=47592&year=&month=07&day=&view=p1"
      }
    },
    {
      "type": "Feature",
      "geometry": {
        "type": "Point",
        "coordinates": [
          141.45,
          38.446667
        ]
      },
      "properties": {
        "amedas_code": "34296",
        "name": "女川",
        "name_kana": "オナガワ",
        "name_en": "Onagawa",
        "altitude_m": 38.0,
        "record_value": 13.2,
        "record_date": "2011-07-23",
        "record_status": "success",
        "prec_no": "34",
        "block_no": "1626",
        "station_class": "a",
        "record_rank_url": "https://www.data.jma.go.jp/stats/etrn/view/rank_a.php?prec_no=34&block_no=1626&year=&month=07&day=&view=p1"
      }
    },
    {
      "type": "Feature",
      "geometry": {
        "type": "Point",
        "coordinates": [
          140.636667,
          38.303333
        ]
      },
      "properties": {
        "amedas_code": "34311",
        "name": "新川",
        "name_kana": "ニッカワ",
        "name_en": "Nikkawa",
        "altitude_m": 265.0,
        "record_value": 7.0,
        "record_date": "1983-07-12",
        "record_status": "success",
        "prec_no": "34",
        "block_no": "0251",
        "station_class": "a",
        "record_rank_url": "https://www.data.jma.go.jp/stats/etrn/view/rank_a.php?prec_no=34&block_no=0251&year=&month=07&day=&view=p1"
      }
    },
    {
      "type": "Feature",
      "geometry": {
        "type": "Point",
        "coordinates": [
          141.013333,
          38.338333
        ]
      },
      "properties": {
        "amedas_code": "34331",
        "name": "塩釜",
        "name_kana": "シオガマ",
        "name_en": "Shiogama",
        "altitude_m": 105.0,
        "record_value": 11.1,
        "record_date": "1989-07-03",
        "record_status": "success",
        "prec_no": "34",
        "block_no": "1030",
        "station_class": "a",
        "record_rank_url": "https://www.data.jma.go.jp/stats/etrn/view/rank_a.php?prec_no=34&block_no=1030&year=&month=07&day=&view=p1"
      }
    },
    {
      "type": "Feature",
      "geometry": {
        "type": "Point",
        "coordinates": [
          140.896667,
          38.261667
        ]
      },
      "properties": {
        "amedas_code": "34392",
        "name": "仙台",
        "name_kana": "センダイ",
        "name_en": "Sendai",
        "altitude_m": 39.0,
        "record_value": 9.0,
        "record_date": "1976-07-01",
        "record_status": "success",
        "prec_no": "34",
        "block_no": "47590",
        "station_class": "s",
        "record_rank_url": "https://www.data.jma.go.jp/stats/etrn/view/rank_s.php?prec_no=34&block_no=47590&year=&month=07&day=&view=p1"
      }
    },
    {
      "type": "Feature",
      "geometry": {
        "type": "Point",
        "coordinates": [
          140.916667,
          38.138333
        ]
      },
      "properties": {
        "amedas_code": "34436",
        "name": "名取",
        "name_kana": "ナトリ：仙台空港",
        "name_en": "Natori",
        "altitude_m": 2.0,
        "record_value": 13.9,
        "record_date": "2004-07-03",
        "record_status": "success",
        "prec_no": "34",
        "block_no": "1464",
        "station_class": "a",
        "record_rank_url": "https://www.data.jma.go.jp/stats/etrn/view/rank_a.php?prec_no=34&block_no=1464&year=&month=07&day=&view=p1"
      }
    },
    {
      "type": "Feature",
      "geometry": {
        "type": "Point",
        "coordinates": [
          140.611667,
          38.015
        ]
      },
      "properties": {
        "amedas_code": "34461",
        "name": "白石",
        "name_kana": "シロイシ",
        "name_en": "Shiroishi",
        "altitude_m": 86.0,
        "record_value": 10.4,
        "record_date": "1983-07-12",
        "record_status": "success",
        "prec_no": "34",
        "block_no": "0256",
        "station_class": "a",
        "record_rank_url": "https://www.data.jma.go.jp/stats/etrn/view/rank_a.php?prec_no=34&block_no=0256&year=&month=07&day=&view=p1"
      }
    },
    {
      "type": "Feature",
      "geometry": {
        "type": "Point",
        "coordinates": [
          140.68,
          38.126667
        ]
      },
      "properties": {
        "amedas_code": "34462",
        "name": "蔵王",
        "name_kana": "ザオウ",
        "name_en": "Zao",
        "altitude_m": 112.0,
        "record_value": 11.3,
        "record_date": "2008-07-02",
        "record_status": "success",
        "prec_no": "34",
        "block_no": "1564",
        "station_class": "a",
        "record_rank_url": "https://www.data.jma.go.jp/stats/etrn/view/rank_a.php?prec_no=34&block_no=1564&year=&month=07&day=&view=p1"
      }
    },
    {
      "type": "Feature",
      "geometry": {
        "type": "Point",
        "coordinates": [
          140.858333,
          38.025
        ]
      },
      "properties": {
        "amedas_code": "34471",
        "name": "亘理",
        "name_kana": "ワタリ",
        "name_en": "Watari",
        "altitude_m": 4.0,
        "record_value": 12.3,
        "record_date": "1983-07-12",
        "record_status": "success",
        "prec_no": "34",
        "block_no": "0257",
        "station_class": "a",
        "record_rank_url": "https://www.data.jma.go.jp/stats/etrn/view/rank_a.php?prec_no=34&block_no=0257&year=&month=07&day=&view=p1"
      }
    },
    {
      "type": "Feature",
      "geometry": {
        "type": "Point",
        "coordinates": [
          140.778333,
          37.931667
        ]
      },
      "properties": {
        "amedas_code": "34506",
        "name": "丸森",
        "name_kana": "マルモリ",
        "name_en": "Marumori",
        "altitude_m": 18.0,
        "record_value": 10.8,
        "record_date": "1982-07-03",
        "record_status": "success",
        "prec_no": "34",
        "block_no": "1220",
        "station_class": "a",
        "record_rank_url": "https://www.data.jma.go.jp/stats/etrn/view/rank_a.php?prec_no=34&block_no=1220&year=&month=07&day=&view=p1"
      }
    },
    {
      "type": "Feature",
      "geometry": {
        "type": "Point",
        "coordinates": [
          139.543333,
          39.183333
        ]
      },
      "properties": {
        "amedas_code": "35002",
        "name": "飛島",
        "name_kana": "トビシマ",
        "name_en": "Tobishima Island",
        "altitude_m": 58.0,
        "record_value": 12.4,
        "record_date": "1989-07-06",
        "record_status": "success",
        "prec_no": "35",
        "block_no": "1291",
        "station_class": "a",
        "record_rank_url": "https://www.data.jma.go.jp/stats/etrn/view/rank_a.php?prec_no=35&block_no=1291&year=&month=07&day=&view=p1"
      }
    },
    {
      "type": "Feature",
      "geometry": {
        "type": "Point",
        "coordinates": [
          139.843333,
          38.908333
        ]
      },
      "properties": {
        "amedas_code": "35052",
        "name": "酒田",
        "name_kana": "サカタ",
        "name_en": "Sakata",
        "altitude_m": 3.0,
        "record_value": 9.5,
        "record_date": "1976-07-01",
        "record_status": "success",
        "prec_no": "35",
        "block_no": "47587",
        "station_class": "s",
        "record_rank_url": "https://www.data.jma.go.jp/stats/etrn/view/rank_s.php?prec_no=35&block_no=47587&year=&month=07&day=&view=p1"
      }
    },
    {
      "type": "Feature",
      "geometry": {
        "type": "Point",
        "coordinates": [
          140.2,
          38.918333
        ]
      },
      "properties": {
        "amedas_code": "35071",
        "name": "差首鍋",
        "name_kana": "サスナベ",
        "name_en": "Sasunabe",
        "altitude_m": 88.0,
        "record_value": 8.3,
        "record_date": "1983-07-12",
        "record_status": "success",
        "prec_no": "35",
        "block_no": "0260",
        "station_class": "a",
        "record_rank_url": "https://www.data.jma.go.jp/stats/etrn/view/rank_a.php?prec_no=35&block_no=0260&year=&month=07&day=&view=p1"
      }
    },
    {
      "type": "Feature",
      "geometry": {
        "type": "Point",
        "coordinates": [
          139.786667,
          38.811667
        ]
      },
      "properties": {
        "amedas_code": "35086",
        "name": "浜中",
        "name_kana": "ハマナカ：庄内空港",
        "name_en": "Hamanaka",
        "altitude_m": 22.0,
        "record_value": 10.0,
        "record_date": "2008-07-02",
        "record_status": "success",
        "prec_no": "35",
        "block_no": "1465",
        "station_class": "a",
        "record_rank_url": "https://www.data.jma.go.jp/stats/etrn/view/rank_a.php?prec_no=35&block_no=1465&year=&month=07&day=&view=p1"
      }
    },
    {
      "type": "Feature",
      "geometry": {
        "type": "Point",
        "coordinates": [
          140.331667,
          38.878333
        ]
      },
      "properties": {
        "amedas_code": "35116",
        "name": "金山",
        "name_kana": "カネヤマ",
        "name_en": "Kaneyama",
        "altitude_m": 170.0,
        "record_value": 9.5,
        "record_date": "1983-07-12",
        "record_status": "success",
        "prec_no": "35",
        "block_no": "0262",
        "station_class": "a",
        "record_rank_url": "https://www.data.jma.go.jp/stats/etrn/view/rank_a.php?prec_no=35&block_no=0262&year=&month=07&day=&view=p1"
      }
    },
    {
      "type": "Feature",
      "geometry": {
        "type": "Point",
        "coordinates": [
          139.828333,
          38.735
        ]
      },
      "properties": {
        "amedas_code": "35141",
        "name": "鶴岡",
        "name_kana": "ツルオカ",
        "name_en": "Tsuruoka",
        "altitude_m": 16.0,
        "record_value": 11.5,
        "record_date": "2008-07-02",
        "record_status": "success",
        "prec_no": "35",
        "block_no": "0263",
        "station_class": "a",
        "record_rank_url": "https://www.data.jma.go.jp/stats/etrn/view/rank_a.php?prec_no=35&block_no=0263&year=&month=07&day=&view=p1"
      }
    },
    {
      "type": "Feature",
      "geometry": {
        "type": "Point",
        "coordinates": [
          139.973333,
          38.8
        ]
      },
      "properties": {
        "amedas_code": "35146",
        "name": "狩川",
        "name_kana": "カリカワ",
        "name_en": "Karikawa",
        "altitude_m": 17.0,
        "record_value": 11.5,
        "record_date": "2008-07-02",
        "record_status": "success",
        "prec_no": "35",
        "block_no": "0264",
        "station_class": "a",
        "record_rank_url": "https://www.data.jma.go.jp/stats/etrn/view/rank_a.php?prec_no=35&block_no=0264&year=&month=07&day=&view=p1"
      }
    },
    {
      "type": "Feature",
      "geometry": {
        "type": "Point",
        "coordinates": [
          140.311667,
          38.756667
        ]
      },
      "properties": {
        "amedas_code": "35162",
        "name": "新庄",
        "name_kana": "シンジョウ",
        "name_en": "Shinjo",
        "altitude_m": 105.0,
        "record_value": 7.6,
        "record_date": "1976-07-01",
        "record_status": "success",
        "prec_no": "35",
        "block_no": "47520",
        "station_class": "s",
        "record_rank_url": "https://www.data.jma.go.jp/stats/etrn/view/rank_s.php?prec_no=35&block_no=47520&year=&month=07&day=&view=p1"
      }
    },
    {
      "type": "Feature",
      "geometry": {
        "type": "Point",
        "coordinates": [
          140.516667,
          38.758333
        ]
      },
      "properties": {
        "amedas_code": "35176",
        "name": "向町",
        "name_kana": "ムカイマチ",
        "name_en": "Mukaimachi",
        "altitude_m": 212.0,
        "record_value": 7.6,
        "record_date": "1983-07-12",
        "record_status": "success",
        "prec_no": "35",
        "block_no": "0910",
        "station_class": "a",
        "record_rank_url": "https://www.data.jma.go.jp/stats/etrn/view/rank_a.php?prec_no=35&block_no=0910&year=&month=07&day=&view=p1"
      }
    },
    {
      "type": "Feature",
      "geometry": {
        "type": "Point",
        "coordinates": [
          140.163333,
          38.606667
        ]
      },
      "properties": {
        "amedas_code": "35216",
        "name": "肘折",
        "name_kana": "ヒジオリ",
        "name_en": "Hijiori",
        "altitude_m": 330.0,
        "record_value": 6.7,
        "record_date": "1983-07-12",
        "record_status": "success",
        "prec_no": "35",
        "block_no": "1125",
        "station_class": "a",
        "record_rank_url": "https://www.data.jma.go.jp/stats/etrn/view/rank_a.php?prec_no=35&block_no=1125&year=&month=07&day=&view=p1"
      }
    },
    {
      "type": "Feature",
      "geometry": {
        "type": "Point",
        "coordinates": [
          140.411667,
          38.608333
        ]
      },
      "properties": {
        "amedas_code": "35231",
        "name": "尾花沢",
        "name_kana": "オバナザワ",
        "name_en": "Obanazawa",
        "altitude_m": 106.0,
        "record_value": 5.8,
        "record_date": "1976-07-01",
        "record_status": "success",
        "prec_no": "35",
        "block_no": "1039",
        "station_class": "a",
        "record_rank_url": "https://www.data.jma.go.jp/stats/etrn/view/rank_a.php?prec_no=35&block_no=1039&year=&month=07&day=&view=p1"
      }
    },
    {
      "type": "Feature",
      "geometry": {
        "type": "Point",
        "coordinates": [
          139.551667,
          38.566667
        ]
      },
      "properties": {
        "amedas_code": "35246",
        "name": "鼠ケ関",
        "name_kana": "ネズガセキ",
        "name_en": "Nezugaseki",
        "altitude_m": 18.0,
        "record_value": 10.7,
        "record_date": "2008-07-02",
        "record_status": "success",
        "prec_no": "35",
        "block_no": "1040",
        "station_class": "a",
        "record_rank_url": "https://www.data.jma.go.jp/stats/etrn/view/rank_a.php?prec_no=35&block_no=1040&year=&month=07&day=&view=p1"
      }
    },
    {
      "type": "Feature",
      "geometry": {
        "type": "Point",
        "coordinates": [
          140.348333,
          38.46
        ]
      },
      "properties": {
        "amedas_code": "35332",
        "name": "村山",
        "name_kana": "ムラヤマ",
        "name_en": "Murayama",
        "altitude_m": 80.0,
        "record_value": 11.7,
        "record_date": "2008-07-02",
        "record_status": "success",
        "prec_no": "35",
        "block_no": "1539",
        "station_class": "a",
        "record_rank_url": "https://www.data.jma.go.jp/stats/etrn/view/rank_a.php?prec_no=35&block_no=1539&year=&month=07&day=&view=p1"
      }
    },
    {
      "type": "Feature",
      "geometry": {
        "type": "Point",
        "coordinates": [
          140.37,
          38.411667
        ]
      },
      "properties": {
        "amedas_code": "35334",
        "name": "東根",
        "name_kana": "ヒガシネ：山形空港",
        "name_en": "Higashine",
        "altitude_m": 105.0,
        "record_value": 10.1,
        "record_date": "2008-07-02",
        "record_status": "success",
        "prec_no": "35",
        "block_no": "1488",
        "station_class": "a",
        "record_rank_url": "https://www.data.jma.go.jp/stats/etrn/view/rank_a.php?prec_no=35&block_no=1488&year=&month=07&day=&view=p1"
      }
    },
    {
      "type": "Feature",
      "geometry": {
        "type": "Point",
        "coordinates": [
          139.993333,
          38.39
        ]
      },
      "properties": {
        "amedas_code": "35361",
        "name": "大井沢",
        "name_kana": "オオイサワ",
        "name_en": "Oisawa",
        "altitude_m": 440.0,
        "record_value": 6.4,
        "record_date": "2008-07-02",
        "record_status": "success",
        "prec_no": "35",
        "block_no": "1292",
        "station_class": "a",
        "record_rank_url": "https://www.data.jma.go.jp/stats/etrn/view/rank_a.php?prec_no=35&block_no=1292&year=&month=07&day=&view=p1"
      }
    },
    {
      "type": "Feature",
      "geometry": {
        "type": "Point",
        "coordinates": [
          140.191667,
          38.37
        ]
      },
      "properties": {
        "amedas_code": "35376",
        "name": "左沢",
        "name_kana": "アテラザワ",
        "name_en": "Aterazawa",
        "altitude_m": 133.0,
        "record_value": 8.5,
        "record_date": "1983-07-12",
        "record_status": "success",
        "prec_no": "35",
        "block_no": "0272",
        "station_class": "a",
        "record_rank_url": "https://www.data.jma.go.jp/stats/etrn/view/rank_a.php?prec_no=35&block_no=0272&year=&month=07&day=&view=p1"
      }
    },
    {
      "type": "Feature",
      "geometry": {
        "type": "Point",
        "coordinates": [
          140.345,
          38.255
        ]
      },
      "properties": {
        "amedas_code": "35426",
        "name": "山形",
        "name_kana": "ヤマガタ",
        "name_en": "Yamagata",
        "altitude_m": 153.0,
        "record_value": 6.7,
        "record_date": "1976-07-01",
        "record_status": "success",
        "prec_no": "35",
        "block_no": "47588",
        "station_class": "s",
        "record_rank_url": "https://www.data.jma.go.jp/stats/etrn/view/rank_s.php?prec_no=35&block_no=47588&year=&month=07&day=&view=p1"
      }
    },
    {
      "type": "Feature",
      "geometry": {
        "type": "Point",
        "coordinates": [
          140.015,
          38.105
        ]
      },
      "properties": {
        "amedas_code": "35456",
        "name": "長井",
        "name_kana": "ナガイ",
        "name_en": "Nagai",
        "altitude_m": 210.0,
        "record_value": 9.6,
        "record_date": "1983-07-12",
        "record_status": "success",
        "prec_no": "35",
        "block_no": "0275",
        "station_class": "a",
        "record_rank_url": "https://www.data.jma.go.jp/stats/etrn/view/rank_a.php?prec_no=35&block_no=0275&year=&month=07&day=&view=p1"
      }
    },
    {
      "type": "Feature",
      "geometry": {
        "type": "Point",
        "coordinates": [
          139.735,
          38.078333
        ]
      },
      "properties": {
        "amedas_code": "35486",
        "name": "小国",
        "name_kana": "オグニ",
        "name_en": "Oguni",
        "altitude_m": 140.0,
        "record_value": 8.4,
        "record_date": "2008-07-02",
        "record_status": "success",
        "prec_no": "35",
        "block_no": "0277",
        "station_class": "a",
        "record_rank_url": "https://www.data.jma.go.jp/stats/etrn/view/rank_a.php?prec_no=35&block_no=0277&year=&month=07&day=&view=p1"
      }
    },
    {
      "type": "Feature",
      "geometry": {
        "type": "Point",
        "coordinates": [
          140.206667,
          38.003333
        ]
      },
      "properties": {
        "amedas_code": "35511",
        "name": "高畠",
        "name_kana": "タカハタ",
        "name_en": "Takahata",
        "altitude_m": 220.0,
        "record_value": 9.6,
        "record_date": "1983-07-12",
        "record_status": "success",
        "prec_no": "35",
        "block_no": "1132",
        "station_class": "a",
        "record_rank_url": "https://www.data.jma.go.jp/stats/etrn/view/rank_a.php?prec_no=35&block_no=1132&year=&month=07&day=&view=p1"
      }
    },
    {
      "type": "Feature",
      "geometry": {
        "type": "Point",
        "coordinates": [
          139.953333,
          37.99
        ]
      },
      "properties": {
        "amedas_code": "35541",
        "name": "高峰",
        "name_kana": "タカミネ",
        "name_en": "Takamine",
        "altitude_m": 260.0,
        "record_value": 7.6,
        "record_date": "1983-07-12",
        "record_status": "success",
        "prec_no": "35",
        "block_no": "0278",
        "station_class": "a",
        "record_rank_url": "https://www.data.jma.go.jp/stats/etrn/view/rank_a.php?prec_no=35&block_no=0278&year=&month=07&day=&view=p1"
      }
    },
    {
      "type": "Feature",
      "geometry": {
        "type": "Point",
        "coordinates": [
          140.143333,
          37.911667
        ]
      },
      "properties": {
        "amedas_code": "35552",
        "name": "米沢",
        "name_kana": "ヨネザワ",
        "name_en": "Yonezawa",
        "altitude_m": 245.0,
        "record_value": 7.0,
        "record_date": "1976-07-01",
        "record_status": "success",
        "prec_no": "35",
        "block_no": "0279",
        "station_class": "a",
        "record_rank_url": "https://www.data.jma.go.jp/stats/etrn/view/rank_a.php?prec_no=35&block_no=0279&year=&month=07&day=&view=p1"
      }
    },
    {
      "type": "Feature",
      "geometry": {
        "type": "Point",
        "coordinates": [
          140.436667,
          37.891667
        ]
      },
      "properties": {
        "amedas_code": "36056",
        "name": "茂庭",
        "name_kana": "モニワ",
        "name_en": "Moniwa",
        "altitude_m": 200.0,
        "record_value": 10.3,
        "record_date": "1999-07-07",
        "record_status": "success",
        "prec_no": "36",
        "block_no": "1293",
        "station_class": "a",
        "record_rank_url": "https://www.data.jma.go.jp/stats/etrn/view/rank_a.php?prec_no=36&block_no=1293&year=&month=07&day=&view=p1"
      }
    },
    {
      "type": "Feature",
      "geometry": {
        "type": "Point",
        "coordinates": [
          140.588333,
          37.851667
        ]
      },
      "properties": {
        "amedas_code": "36066",
        "name": "梁川",
        "name_kana": "ヤナガワ",
        "name_en": "Yanagawa",
        "altitude_m": 43.0,
        "record_value": 10.3,
        "record_date": "1982-07-03",
        "record_status": "success",
        "prec_no": "36",
        "block_no": "0281",
        "station_class": "a",
        "record_rank_url": "https://www.data.jma.go.jp/stats/etrn/view/rank_a.php?prec_no=36&block_no=0281&year=&month=07&day=&view=p1"
      }
    },
    {
      "type": "Feature",
      "geometry": {
        "type": "Point",
        "coordinates": [
          140.058333,
          37.721667
        ]
      },
      "properties": {
        "amedas_code": "36106",
        "name": "桧原",
        "name_kana": "ヒバラ",
        "name_en": "Hibara",
        "altitude_m": 824.0,
        "record_value": 4.8,
        "record_date": "2008-07-02",
        "record_status": "success",
        "prec_no": "36",
        "block_no": "1282",
        "station_class": "a",
        "record_rank_url": "https://www.data.jma.go.jp/stats/etrn/view/rank_a.php?prec_no=36&block_no=1282&year=&month=07&day=&view=p1"
      }
    },
    {
      "type": "Feature",
      "geometry": {
        "type": "Point",
        "coordinates": [
          140.47,
          37.758333
        ]
      },
      "properties": {
        "amedas_code": "36127",
        "name": "福島",
        "name_kana": "フクシマ",
        "name_en": "Fukushima",
        "altitude_m": 67.0,
        "record_value": 9.1,
        "record_date": "1976-07-01",
        "record_status": "success",
        "prec_no": "36",
        "block_no": "47595",
        "station_class": "s",
        "record_rank_url": "https://www.data.jma.go.jp/stats/etrn/view/rank_s.php?prec_no=36&block_no=47595&year=&month=07&day=&view=p1"
      }
    },
    {
      "type": "Feature",
      "geometry": {
        "type": "Point",
        "coordinates": [
          140.925,
          37.783333
        ]
      },
      "properties": {
        "amedas_code": "36151",
        "name": "相馬",
        "name_kana": "ソウマ",
        "name_en": "Soma",
        "altitude_m": 9.0,
        "record_value": 11.7,
        "record_date": "1993-07-06",
        "record_status": "success",
        "prec_no": "36",
        "block_no": "0285",
        "station_class": "a",
        "record_rank_url": "https://www.data.jma.go.jp/stats/etrn/view/rank_a.php?prec_no=36&block_no=0285&year=&month=07&day=&view=p1"
      }
    },
    {
      "type": "Feature",
      "geometry": {
        "type": "Point",
        "coordinates": [
          139.863333,
          37.658333
        ]
      },
      "properties": {
        "amedas_code": "36176",
        "name": "喜多方",
        "name_kana": "キタカタ",
        "name_en": "Kitakata",
        "altitude_m": 212.0,
        "record_value": 10.6,
        "record_date": "2008-07-02",
        "record_status": "success",
        "prec_no": "36",
        "block_no": "0286",
        "station_class": "a",
        "record_rank_url": "https://www.data.jma.go.jp/stats/etrn/view/rank_a.php?prec_no=36&block_no=0286&year=&month=07&day=&view=p1"
      }
    },
    {
      "type": "Feature",
      "geometry": {
        "type": "Point",
        "coordinates": [
          140.26,
          37.668333
        ]
      },
      "properties": {
        "amedas_code": "36196",
        "name": "鷲倉",
        "name_kana": "ワシクラ",
        "name_en": "Washikura",
        "altitude_m": 1220.0,
        "record_value": 5.8,
        "record_date": "1983-07-11",
        "record_status": "success",
        "prec_no": "36",
        "block_no": "1116",
        "station_class": "a",
        "record_rank_url": "https://www.data.jma.go.jp/stats/etrn/view/rank_a.php?prec_no=36&block_no=1116&year=&month=07&day=&view=p1"
      }
    },
    {
      "type": "Feature",
      "geometry": {
        "type": "Point",
        "coordinates": [
          140.726667,
          37.665
        ]
      },
      "properties": {
        "amedas_code": "36221",
        "name": "飯舘",
        "name_kana": "イイタテ",
        "name_en": "Iitate",
        "altitude_m": 463.0,
        "record_value": 7.3,
        "record_date": "1982-07-03",
        "record_status": "success",
        "prec_no": "36",
        "block_no": "1130",
        "station_class": "a",
        "record_rank_url": "https://www.data.jma.go.jp/stats/etrn/view/rank_a.php?prec_no=36&block_no=1130&year=&month=07&day=&view=p1"
      }
    },
    {
      "type": "Feature",
      "geometry": {
        "type": "Point",
        "coordinates": [
          139.656667,
          37.588333
        ]
      },
      "properties": {
        "amedas_code": "36251",
        "name": "西会津",
        "name_kana": "ニシアイヅ",
        "name_en": "Nishiaizu",
        "altitude_m": 165.0,
        "record_value": 10.1,
        "record_date": "1983-07-12",
        "record_status": "success",
        "prec_no": "36",
        "block_no": "1031",
        "station_class": "a",
        "record_rank_url": "https://www.data.jma.go.jp/stats/etrn/view/rank_a.php?prec_no=36&block_no=1031&year=&month=07&day=&view=p1"
      }
    },
    {
      "type": "Feature",
      "geometry": {
        "type": "Point",
        "coordinates": [
          140.108333,
          37.551667
        ]
      },
      "properties": {
        "amedas_code": "36276",
        "name": "猪苗代",
        "name_kana": "イナワシロ",
        "name_en": "Inawashiro",
        "altitude_m": 519.0,
        "record_value": 8.0,
        "record_date": "1983-07-12",
        "record_status": "success",
        "prec_no": "36",
        "block_no": "0290",
        "station_class": "a",
        "record_rank_url": "https://www.data.jma.go.jp/stats/etrn/view/rank_a.php?prec_no=36&block_no=0290&year=&month=07&day=&view=p1"
      }
    },
    {
      "type": "Feature",
      "geometry": {
        "type": "Point",
        "coordinates": [
          140.43,
          37.583333
        ]
      },
      "properties": {
        "amedas_code": "36291",
        "name": "二本松",
        "name_kana": "ニホンマツ",
        "name_en": "Nihonmatsu",
        "altitude_m": 235.0,
        "record_value": 9.5,
        "record_date": "1982-07-02",
        "record_status": "success",
        "prec_no": "36",
        "block_no": "0291",
        "station_class": "a",
        "record_rank_url": "https://www.data.jma.go.jp/stats/etrn/view/rank_a.php?prec_no=36&block_no=0291&year=&month=07&day=&view=p1"
      }
    },
    {
      "type": "Feature",
      "geometry": {
        "type": "Point",
        "coordinates": [
          139.528333,
          37.473333
        ]
      },
      "properties": {
        "amedas_code": "36342",
        "name": "金山",
        "name_kana": "カネヤマ",
        "name_en": "Kaneyama",
        "altitude_m": 296.0,
        "record_value": 10.9,
        "record_date": "2008-07-02",
        "record_status": "success",
        "prec_no": "36",
        "block_no": "1044",
        "station_class": "a",
        "record_rank_url": "https://www.data.jma.go.jp/stats/etrn/view/rank_a.php?prec_no=36&block_no=1044&year=&month=07&day=&view=p1"
      }
    },
    {
      "type": "Feature",
      "geometry": {
        "type": "Point",
        "coordinates": [
          139.91,
          37.488333
        ]
      },
      "properties": {
        "amedas_code": "36361",
        "name": "若松",
        "name_kana": "ワカマツ",
        "name_en": "Wakamatsu",
        "altitude_m": 212.0,
        "record_value": 9.1,
        "record_date": "1976-07-02",
        "record_status": "success",
        "prec_no": "36",
        "block_no": "47570",
        "station_class": "s",
        "record_rank_url": "https://www.data.jma.go.jp/stats/etrn/view/rank_s.php?prec_no=36&block_no=47570&year=&month=07&day=&view=p1"
      }
    },
    {
      "type": "Feature",
      "geometry": {
        "type": "Point",
        "coordinates": [
          140.576667,
          37.435
        ]
      },
      "properties": {
        "amedas_code": "36391",
        "name": "船引",
        "name_kana": "フネヒキ",
        "name_en": "Funehiki",
        "altitude_m": 421.0,
        "record_value": 7.6,
        "record_date": "1982-07-03",
        "record_status": "success",
        "prec_no": "36",
        "block_no": "0294",
        "station_class": "a",
        "record_rank_url": "https://www.data.jma.go.jp/stats/etrn/view/rank_a.php?prec_no=36&block_no=0294&year=&month=07&day=&view=p1"
      }
    },
    {
      "type": "Feature",
      "geometry": {
        "type": "Point",
        "coordinates": [
          140.965,
          37.491667
        ]
      },
      "properties": {
        "amedas_code": "36411",
        "name": "浪江",
        "name_kana": "ナミエ",
        "name_en": "Namie",
        "altitude_m": 43.0,
        "record_value": 9.9,
        "record_date": "1982-07-03",
        "record_status": "success",
        "prec_no": "36",
        "block_no": "0295",
        "station_class": "a",
        "record_rank_url": "https://www.data.jma.go.jp/stats/etrn/view/rank_a.php?prec_no=36&block_no=0295&year=&month=07&day=&view=p1"
      }
    },
    {
      "type": "Feature",
      "geometry": {
        "type": "Point",
        "coordinates": [
          139.313333,
          37.343333
        ]
      },
      "properties": {
        "amedas_code": "36426",
        "name": "只見",
        "name_kana": "タダミ",
        "name_en": "Tadami",
        "altitude_m": 377.0,
        "record_value": 10.8,
        "record_date": "1979-07-04",
        "record_status": "success",
        "prec_no": "36",
        "block_no": "0297",
        "station_class": "a",
        "record_rank_url": "https://www.data.jma.go.jp/stats/etrn/view/rank_a.php?prec_no=36&block_no=0297&year=&month=07&day=&view=p1"
      }
    },
    {
      "type": "Feature",
      "geometry": {
        "type": "Point",
        "coordinates": [
          140.33,
          37.368333
        ]
      },
      "properties": {
        "amedas_code": "36476",
        "name": "郡山",
        "name_kana": "コオリヤマ",
        "name_en": "Koriyama",
        "altitude_m": 249.0,
        "record_value": 8.8,
        "record_date": "1976-07-03",
        "record_status": "success",
        "prec_no": "36",
        "block_no": "0299",
        "station_class": "a",
        "record_rank_url": "https://www.data.jma.go.jp/stats/etrn/view/rank_a.php?prec_no=36&block_no=0299&year=&month=07&day=&view=p1"
      }
    },
    {
      "type": "Feature",
      "geometry": {
        "type": "Point",
        "coordinates": [
          140.808333,
          37.336667
        ]
      },
      "properties": {
        "amedas_code": "36501",
        "name": "川内",
        "name_kana": "カワウチ",
        "name_en": "Kawauchi",
        "altitude_m": 410.0,
        "record_value": 6.2,
        "record_date": "1982-07-01",
        "record_status": "success",
        "prec_no": "36",
        "block_no": "1129",
        "station_class": "a",
        "record_rank_url": "https://www.data.jma.go.jp/stats/etrn/view/rank_a.php?prec_no=36&block_no=1129&year=&month=07&day=&view=p1"
      }
    },
    {
      "type": "Feature",
      "geometry": {
        "type": "Point",
        "coordinates": [
          139.536667,
          37.265
        ]
      },
      "properties": {
        "amedas_code": "36536",
        "name": "南郷",
        "name_kana": "ナンゴウ",
        "name_en": "Nango",
        "altitude_m": 494.0,
        "record_value": 9.3,
        "record_date": "1982-07-01",
        "record_status": "success",
        "prec_no": "36",
        "block_no": "0301",
        "station_class": "a",
        "record_rank_url": "https://www.data.jma.go.jp/stats/etrn/view/rank_a.php?prec_no=36&block_no=0301&year=&month=07&day=&view=p1"
      }
    },
    {
      "type": "Feature",
      "geometry": {
        "type": "Point",
        "coordinates": [
          140.063333,
          37.276667
        ]
      },
      "properties": {
        "amedas_code": "36562",
        "name": "湯本",
        "name_kana": "ユモト",
        "name_en": "Yumoto",
        "altitude_m": 646.0,
        "record_value": 6.2,
        "record_date": "1999-07-07",
        "record_status": "success",
        "prec_no": "36",
        "block_no": "1294",
        "station_class": "a",
        "record_rank_url": "https://www.data.jma.go.jp/stats/etrn/view/rank_a.php?prec_no=36&block_no=1294&year=&month=07&day=&view=p1"
      }
    },
    {
      "type": "Feature",
      "geometry": {
        "type": "Point",
        "coordinates": [
          140.426667,
          37.226667
        ]
      },
      "properties": {
        "amedas_code": "36581",
        "name": "玉川",
        "name_kana": "タマカワ：福島空港",
        "name_en": "Tamakawa",
        "altitude_m": 372.0,
        "record_value": 11.2,
        "record_date": "2011-07-23",
        "record_status": "success",
        "prec_no": "36",
        "block_no": "1466",
        "station_class": "a",
        "record_rank_url": "https://www.data.jma.go.jp/stats/etrn/view/rank_a.php?prec_no=36&block_no=1466&year=&month=07&day=&view=p1"
      }
    },
    {
      "type": "Feature",
      "geometry": {
        "type": "Point",
        "coordinates": [
          140.625,
          37.286667
        ]
      },
      "properties": {
        "amedas_code": "36591",
        "name": "小野新町",
        "name_kana": "オノニイマチ",
        "name_en": "Ono-Niimachi",
        "altitude_m": 433.0,
        "record_value": 6.9,
        "record_date": "1982-07-03",
        "record_status": "success",
        "prec_no": "36",
        "block_no": "0304",
        "station_class": "a",
        "record_rank_url": "https://www.data.jma.go.jp/stats/etrn/view/rank_a.php?prec_no=36&block_no=0304&year=&month=07&day=&view=p1"
      }
    },
    {
      "type": "Feature",
      "geometry": {
        "type": "Point",
        "coordinates": [
          141.0,
          37.233333
        ]
      },
      "properties": {
        "amedas_code": "36611",
        "name": "広野",
        "name_kana": "ヒロノ",
        "name_en": "Hirono",
        "altitude_m": 43.0,
        "record_value": 10.4,
        "record_date": "1982-07-03",
        "record_status": "success",
        "prec_no": "36",
        "block_no": "1034",
        "station_class": "a",
        "record_rank_url": "https://www.data.jma.go.jp/stats/etrn/view/rank_a.php?prec_no=36&block_no=1034&year=&month=07&day=&view=p1"
      }
    },
    {
      "type": "Feature",
      "geometry": {
        "type": "Point",
        "coordinates": [
          139.795,
          37.206667
        ]
      },
      "properties": {
        "amedas_code": "36641",
        "name": "田島",
        "name_kana": "タジマ",
        "name_en": "Tajima",
        "altitude_m": 544.0,
        "record_value": 7.9,
        "record_date": "2011-07-22",
        "record_status": "success",
        "prec_no": "36",
        "block_no": "0303",
        "station_class": "a",
        "record_rank_url": "https://www.data.jma.go.jp/stats/etrn/view/rank_a.php?prec_no=36&block_no=0303&year=&month=07&day=&view=p1"
      }
    },
    {
      "type": "Feature",
      "geometry": {
        "type": "Point",
        "coordinates": [
          140.215,
          37.131667
        ]
      },
      "properties": {
        "amedas_code": "36667",
        "name": "白河",
        "name_kana": "シラカワ",
        "name_en": "Shirakawa",
        "altitude_m": 355.0,
        "record_value": 7.2,
        "record_date": "1976-07-02",
        "record_status": "success",
        "prec_no": "36",
        "block_no": "47597",
        "station_class": "s",
        "record_rank_url": "https://www.data.jma.go.jp/stats/etrn/view/rank_s.php?prec_no=36&block_no=47597&year=&month=07&day=&view=p1"
      }
    },
    {
      "type": "Feature",
      "geometry": {
        "type": "Point",
        "coordinates": [
          140.46,
          37.146667
        ]
      },
      "properties": {
        "amedas_code": "36676",
        "name": "石川",
        "name_kana": "イシカワ",
        "name_en": "Ishikawa",
        "altitude_m": 290.0,
        "record_value": 9.1,
        "record_date": "1983-07-12",
        "record_status": "success",
        "prec_no": "36",
        "block_no": "0307",
        "station_class": "a",
        "record_rank_url": "https://www.data.jma.go.jp/stats/etrn/view/rank_a.php?prec_no=36&block_no=0307&year=&month=07&day=&view=p1"
      }
    },
    {
      "type": "Feature",
      "geometry": {
        "type": "Point",
        "coordinates": [
          139.375,
          37.01
        ]
      },
      "properties": {
        "amedas_code": "36716",
        "name": "桧枝岐",
        "name_kana": "ヒノエマタ",
        "name_en": "Hinoemata",
        "altitude_m": 973.0,
        "record_value": 5.4,
        "record_date": "1982-07-01",
        "record_status": "success",
        "prec_no": "36",
        "block_no": "1295",
        "station_class": "a",
        "record_rank_url": "https://www.data.jma.go.jp/stats/etrn/view/rank_a.php?prec_no=36&block_no=1295&year=&month=07&day=&view=p1"
      }
    },
    {
      "type": "Feature",
      "geometry": {
        "type": "Point",
        "coordinates": [
          140.408333,
          36.938333
        ]
      },
      "properties": {
        "amedas_code": "36821",
        "name": "東白川",
        "name_kana": "ヒガシシラカワ",
        "name_en": "Higashi-Shirakawa",
        "altitude_m": 183.0,
        "record_value": 10.0,
        "record_date": "1982-07-02",
        "record_status": "success",
        "prec_no": "36",
        "block_no": "0312",
        "station_class": "a",
        "record_rank_url": "https://www.data.jma.go.jp/stats/etrn/view/rank_a.php?prec_no=36&block_no=0312&year=&month=07&day=&view=p1"
      }
    },
    {
      "type": "Feature",
      "geometry": {
        "type": "Point",
        "coordinates": [
          140.733333,
          36.933333
        ]
      },
      "properties": {
        "amedas_code": "36836",
        "name": "山田",
        "name_kana": "ヤマダ",
        "name_en": "Yamada",
        "altitude_m": 25.0,
        "record_value": 15.8,
        "record_date": "2015-07-10",
        "record_status": "success",
        "prec_no": "36",
        "block_no": "1607",
        "station_class": "a",
        "record_rank_url": "https://www.data.jma.go.jp/stats/etrn/view/rank_a.php?prec_no=36&block_no=1607&year=&month=07&day=&view=p1"
      }
    },
    {
      "type": "Feature",
      "geometry": {
        "type": "Point",
        "coordinates": [
          140.903333,
          36.946667
        ]
      },
      "properties": {
        "amedas_code": "36846",
        "name": "小名浜",
        "name_kana": "オナハマ",
        "name_en": "Onahama",
        "altitude_m": 3.0,
        "record_value": 9.6,
        "record_date": "1976-07-02",
        "record_status": "success",
        "prec_no": "36",
        "block_no": "47598",
        "station_class": "s",
        "record_rank_url": "https://www.data.jma.go.jp/stats/etrn/view/rank_s.php?prec_no=36&block_no=47598&year=&month=07&day=&view=p1"
      }
    },
    {
      "type": "Feature",
      "geometry": {
        "type": "Point",
        "coordinates": [
          140.771667,
          36.833333
        ]
      },
      "properties": {
        "amedas_code": "40046",
        "name": "北茨城",
        "name_kana": "キタイバラキ",
        "name_en": "KitaIbaraki",
        "altitude_m": 5.0,
        "record_value": 12.3,
        "record_date": "2004-07-03",
        "record_status": "success",
        "prec_no": "40",
        "block_no": "0315",
        "station_class": "a",
        "record_rank_url": "https://www.data.jma.go.jp/stats/etrn/view/rank_a.php?prec_no=40&block_no=0315&year=&month=07&day=&view=p1"
      }
    },
    {
      "type": "Feature",
      "geometry": {
        "type": "Point",
        "coordinates": [
          140.345,
          36.778333
        ]
      },
      "properties": {
        "amedas_code": "40061",
        "name": "大子",
        "name_kana": "ダイゴ",
        "name_en": "Daigo",
        "altitude_m": 120.0,
        "record_value": 10.3,
        "record_date": "1983-07-12",
        "record_status": "success",
        "prec_no": "40",
        "block_no": "0316",
        "station_class": "a",
        "record_rank_url": "https://www.data.jma.go.jp/stats/etrn/view/rank_a.php?prec_no=40&block_no=0316&year=&month=07&day=&view=p1"
      }
    },
    {
      "type": "Feature",
      "geometry": {
        "type": "Point",
        "coordinates": [
          140.325,
          36.606667
        ]
      },
      "properties": {
        "amedas_code": "40091",
        "name": "常陸大宮",
        "name_kana": "ヒタチオオミヤ",
        "name_en": "Hitachi-omiya",
        "altitude_m": 95.0,
        "record_value": 10.7,
        "record_date": "1993-07-06",
        "record_status": "success",
        "prec_no": "40",
        "block_no": "1331",
        "station_class": "a",
        "record_rank_url": "https://www.data.jma.go.jp/stats/etrn/view/rank_a.php?prec_no=40&block_no=1331&year=&month=07&day=&view=p1"
      }
    },
    {
      "type": "Feature",
      "geometry": {
        "type": "Point",
        "coordinates": [
          140.645,
          36.58
        ]
      },
      "properties": {
        "amedas_code": "40136",
        "name": "日立",
        "name_kana": "ヒタチ",
        "name_en": "Hitachi",
        "altitude_m": 34.0,
        "record_value": 13.0,
        "record_date": "1993-07-06",
        "record_status": "success",
        "prec_no": "40",
        "block_no": "1011",
        "station_class": "a",
        "record_rank_url": "https://www.data.jma.go.jp/stats/etrn/view/rank_a.php?prec_no=40&block_no=1011&year=&month=07&day=&view=p1"
      }
    },
    {
      "type": "Feature",
      "geometry": {
        "type": "Point",
        "coordinates": [
          140.24,
          36.395
        ]
      },
      "properties": {
        "amedas_code": "40191",
        "name": "笠間",
        "name_kana": "カサマ",
        "name_en": "Kasama",
        "altitude_m": 72.0,
        "record_value": 11.5,
        "record_date": "1983-07-12",
        "record_status": "success",
        "prec_no": "40",
        "block_no": "0318",
        "station_class": "a",
        "record_rank_url": "https://www.data.jma.go.jp/stats/etrn/view/rank_a.php?prec_no=40&block_no=0318&year=&month=07&day=&view=p1"
      }
    },
    {
      "type": "Feature",
      "geometry": {
        "type": "Point",
        "coordinates": [
          140.466667,
          36.38
        ]
      },
      "properties": {
        "amedas_code": "40201",
        "name": "水戸",
        "name_kana": "ミト",
        "name_en": "Mito",
        "altitude_m": 29.0,
        "record_value": 10.2,
        "record_date": "1976-07-02",
        "record_status": "success",
        "prec_no": "40",
        "block_no": "47629",
        "station_class": "s",
        "record_rank_url": "https://www.data.jma.go.jp/stats/etrn/view/rank_s.php?prec_no=40&block_no=47629&year=&month=07&day=&view=p1"
      }
    },
    {
      "type": "Feature",
      "geometry": {
        "type": "Point",
        "coordinates": [
          139.716667,
          36.201667
        ]
      },
      "properties": {
        "amedas_code": "40221",
        "name": "古河",
        "name_kana": "コガ",
        "name_en": "Koga",
        "altitude_m": 20.0,
        "record_value": 14.5,
        "record_date": "1983-07-12",
        "record_status": "success",
        "prec_no": "40",
        "block_no": "0320",
        "station_class": "a",
        "record_rank_url": "https://www.data.jma.go.jp/stats/etrn/view/rank_a.php?prec_no=40&block_no=0320&year=&month=07&day=&view=p1"
      }
    },
    {
      "type": "Feature",
      "geometry": {
        "type": "Point",
        "coordinates": [
          139.988333,
          36.281667
        ]
      },
      "properties": {
        "amedas_code": "40231",
        "name": "下館",
        "name_kana": "シモダテ",
        "name_en": "Shimodate",
        "altitude_m": 24.0,
        "record_value": 15.3,
        "record_date": "2011-07-23",
        "record_status": "success",
        "prec_no": "40",
        "block_no": "1530",
        "station_class": "a",
        "record_rank_url": "https://www.data.jma.go.jp/stats/etrn/view/rank_a.php?prec_no=40&block_no=1530&year=&month=07&day=&view=p1"
      }
    },
    {
      "type": "Feature",
      "geometry": {
        "type": "Point",
        "coordinates": [
          139.945,
          36.168333
        ]
      },
      "properties": {
        "amedas_code": "40281",
        "name": "下妻",
        "name_kana": "シモツマ",
        "name_en": "Shimotsuma",
        "altitude_m": 20.0,
        "record_value": 13.1,
        "record_date": "1983-07-12",
        "record_status": "success",
        "prec_no": "40",
        "block_no": "0322",
        "station_class": "a",
        "record_rank_url": "https://www.data.jma.go.jp/stats/etrn/view/rank_a.php?prec_no=40&block_no=0322&year=&month=07&day=&view=p1"
      }
    },
    {
      "type": "Feature",
      "geometry": {
        "type": "Point",
        "coordinates": [
          140.526667,
          36.168333
        ]
      },
      "properties": {
        "amedas_code": "40311",
        "name": "鉾田",
        "name_kana": "ホコタ",
        "name_en": "Hokota",
        "altitude_m": 32.0,
        "record_value": 11.9,
        "record_date": "1993-07-06",
        "record_status": "success",
        "prec_no": "40",
        "block_no": "1245",
        "station_class": "a",
        "record_rank_url": "https://www.data.jma.go.jp/stats/etrn/view/rank_a.php?prec_no=40&block_no=1245&year=&month=07&day=&view=p1"
      }
    },
    {
      "type": "Feature",
      "geometry": {
        "type": "Point",
        "coordinates": [
          140.125,
          36.056667
        ]
      },
      "properties": {
        "amedas_code": "40336",
        "name": "つくば",
        "name_kana": "ツクバ",
        "name_en": "Tsukuba",
        "altitude_m": 25.0,
        "record_value": 9.8,
        "record_date": "1945-07-25",
        "record_status": "success",
        "prec_no": "40",
        "block_no": "47646",
        "station_class": "s",
        "record_rank_url": "https://www.data.jma.go.jp/stats/etrn/view/rank_s.php?prec_no=40&block_no=47646&year=&month=07&day=&view=p1"
      }
    },
    {
      "type": "Feature",
      "geometry": {
        "type": "Point",
        "coordinates": [
          140.22,
          36.103333
        ]
      },
      "properties": {
        "amedas_code": "40341",
        "name": "土浦",
        "name_kana": "ツチウラ",
        "name_en": "Tsuchiura",
        "altitude_m": 26.0,
        "record_value": 13.4,
        "record_date": "1993-07-06",
        "record_status": "success",
        "prec_no": "40",
        "block_no": "0324",
        "station_class": "a",
        "record_rank_url": "https://www.data.jma.go.jp/stats/etrn/view/rank_a.php?prec_no=40&block_no=0324&year=&month=07&day=&view=p1"
      }
    },
    {
      "type": "Feature",
      "geometry": {
        "type": "Point",
        "coordinates": [
          140.621667,
          35.963333
        ]
      },
      "properties": {
        "amedas_code": "40406",
        "name": "鹿嶋",
        "name_kana": "カシマ",
        "name_en": "Kashima",
        "altitude_m": 37.0,
        "record_value": 13.8,
        "record_date": "1982-07-03",
        "record_status": "success",
        "prec_no": "40",
        "block_no": "0325",
        "station_class": "a",
        "record_rank_url": "https://www.data.jma.go.jp/stats/etrn/view/rank_a.php?prec_no=40&block_no=0325&year=&month=07&day=&view=p1"
      }
    },
    {
      "type": "Feature",
      "geometry": {
        "type": "Point",
        "coordinates": [
          140.211667,
          35.89
        ]
      },
      "properties": {
        "amedas_code": "40426",
        "name": "龍ケ崎",
        "name_kana": "リュウガサキ",
        "name_en": "Ryugasaki",
        "altitude_m": 4.0,
        "record_value": 12.7,
        "record_date": "1993-07-06",
        "record_status": "success",
        "prec_no": "40",
        "block_no": "1014",
        "station_class": "a",
        "record_rank_url": "https://www.data.jma.go.jp/stats/etrn/view/rank_a.php?prec_no=40&block_no=1014&year=&month=07&day=&view=p1"
      }
    },
    {
      "type": "Feature",
      "geometry": {
        "type": "Point",
        "coordinates": [
          140.035,
          37.123333
        ]
      },
      "properties": {
        "amedas_code": "41011",
        "name": "那須高原",
        "name_kana": "ナスコウゲン",
        "name_en": "Nasu Highlands",
        "altitude_m": 749.0,
        "record_value": 8.7,
        "record_date": "1983-07-13",
        "record_status": "success",
        "prec_no": "41",
        "block_no": "0326",
        "station_class": "a",
        "record_rank_url": "https://www.data.jma.go.jp/stats/etrn/view/rank_a.php?prec_no=41&block_no=0326&year=&month=07&day=&view=p1"
      }
    },
    {
      "type": "Feature",
      "geometry": {
        "type": "Point",
        "coordinates": [
          139.695,
          36.921667
        ]
      },
      "properties": {
        "amedas_code": "41076",
        "name": "五十里",
        "name_kana": "イカリ",
        "name_en": "Ikari",
        "altitude_m": 620.0,
        "record_value": 9.3,
        "record_date": "1979-07-06",
        "record_status": "success",
        "prec_no": "41",
        "block_no": "1015",
        "station_class": "a",
        "record_rank_url": "https://www.data.jma.go.jp/stats/etrn/view/rank_a.php?prec_no=41&block_no=1015&year=&month=07&day=&view=p1"
      }
    },
    {
      "type": "Feature",
      "geometry": {
        "type": "Point",
        "coordinates": [
          140.018333,
          36.981667
        ]
      },
      "properties": {
        "amedas_code": "41091",
        "name": "黒磯",
        "name_kana": "クロイソ",
        "name_en": "Kuroiso",
        "altitude_m": 343.0,
        "record_value": 9.3,
        "record_date": "1983-07-12",
        "record_status": "success",
        "prec_no": "41",
        "block_no": "0329",
        "station_class": "a",
        "record_rank_url": "https://www.data.jma.go.jp/stats/etrn/view/rank_a.php?prec_no=41&block_no=0329&year=&month=07&day=&view=p1"
      }
    },
    {
      "type": "Feature",
      "geometry": {
        "type": "Point",
        "coordinates": [
          139.568333,
          36.891667
        ]
      },
      "properties": {
        "amedas_code": "41116",
        "name": "土呂部",
        "name_kana": "ドロブ",
        "name_en": "Dorobu",
        "altitude_m": 925.0,
        "record_value": 5.1,
        "record_date": "1979-07-05",
        "record_status": "success",
        "prec_no": "41",
        "block_no": "1221",
        "station_class": "a",
        "record_rank_url": "https://www.data.jma.go.jp/stats/etrn/view/rank_a.php?prec_no=41&block_no=1221&year=&month=07&day=&view=p1"
      }
    },
    {
      "type": "Feature",
      "geometry": {
        "type": "Point",
        "coordinates": [
          140.035,
          36.84
        ]
      },
      "properties": {
        "amedas_code": "41141",
        "name": "大田原",
        "name_kana": "オオタワラ",
        "name_en": "Otawara",
        "altitude_m": 188.0,
        "record_value": 9.0,
        "record_date": "1976-07-02",
        "record_status": "success",
        "prec_no": "41",
        "block_no": "0331",
        "station_class": "a",
        "record_rank_url": "https://www.data.jma.go.jp/stats/etrn/view/rank_a.php?prec_no=41&block_no=0331&year=&month=07&day=&view=p1"
      }
    },
    {
      "type": "Feature",
      "geometry": {
        "type": "Point",
        "coordinates": [
          139.5,
          36.738333
        ]
      },
      "properties": {
        "amedas_code": "41166",
        "name": "奥日光",
        "name_kana": "オクニッコウ",
        "name_en": "Oku-Nikko",
        "altitude_m": 1292.0,
        "record_value": 3.7,
        "record_date": "1976-07-02",
        "record_status": "success",
        "prec_no": "41",
        "block_no": "47690",
        "station_class": "s",
        "record_rank_url": "https://www.data.jma.go.jp/stats/etrn/view/rank_s.php?prec_no=41&block_no=47690&year=&month=07&day=&view=p1"
      }
    },
    {
      "type": "Feature",
      "geometry": {
        "type": "Point",
        "coordinates": [
          139.615,
          36.75
        ]
      },
      "properties": {
        "amedas_code": "41172",
        "name": "日光東町",
        "name_kana": "ニッコウヒガシマチ",
        "name_en": "Nikkohigashimachi",
        "altitude_m": 561.0,
        "record_value": 15.9,
        "record_date": "2025-07-12",
        "record_status": "success",
        "prec_no": "41",
        "block_no": "1675",
        "station_class": "a",
        "record_rank_url": "https://www.data.jma.go.jp/stats/etrn/view/rank_a.php?prec_no=41&block_no=1675&year=&month=07&day=&view=p1"
      }
    },
    {
      "type": "Feature",
      "geometry": {
        "type": "Point",
        "coordinates": [
          139.883333,
          36.756667
        ]
      },
      "properties": {
        "amedas_code": "41181",
        "name": "塩谷",
        "name_kana": "シオヤ",
        "name_en": "Shioya",
        "altitude_m": 225.0,
        "record_value": 10.0,
        "record_date": "1983-07-12",
        "record_status": "success",
        "prec_no": "41",
        "block_no": "1334",
        "station_class": "a",
        "record_rank_url": "https://www.data.jma.go.jp/stats/etrn/view/rank_a.php?prec_no=41&block_no=1334&year=&month=07&day=&view=p1"
      }
    },
    {
      "type": "Feature",
      "geometry": {
        "type": "Point",
        "coordinates": [
          140.116667,
          36.641667
        ]
      },
      "properties": {
        "amedas_code": "41247",
        "name": "那須烏山",
        "name_kana": "ナスカラスヤマ",
        "name_en": "Nasu-Karasuyama",
        "altitude_m": 82.0,
        "record_value": 12.8,
        "record_date": "2011-07-23",
        "record_status": "success",
        "prec_no": "41",
        "block_no": "1605",
        "station_class": "a",
        "record_rank_url": "https://www.data.jma.go.jp/stats/etrn/view/rank_a.php?prec_no=41&block_no=1605&year=&month=07&day=&view=p1"
      }
    },
    {
      "type": "Feature",
      "geometry": {
        "type": "Point",
        "coordinates": [
          139.735,
          36.591667
        ]
      },
      "properties": {
        "amedas_code": "41271",
        "name": "鹿沼",
        "name_kana": "カヌマ",
        "name_en": "Kanuma",
        "altitude_m": 165.0,
        "record_value": 11.4,
        "record_date": "1983-07-12",
        "record_status": "success",
        "prec_no": "41",
        "block_no": "0335",
        "station_class": "a",
        "record_rank_url": "https://www.data.jma.go.jp/stats/etrn/view/rank_a.php?prec_no=41&block_no=0335&year=&month=07&day=&view=p1"
      }
    },
    {
      "type": "Feature",
      "geometry": {
        "type": "Point",
        "coordinates": [
          139.868333,
          36.548333
        ]
      },
      "properties": {
        "amedas_code": "41277",
        "name": "宇都宮",
        "name_kana": "ウツノミヤ",
        "name_en": "Utsunomiya",
        "altitude_m": 119.0,
        "record_value": 10.3,
        "record_date": "1976-07-03",
        "record_status": "success",
        "prec_no": "41",
        "block_no": "47615",
        "station_class": "s",
        "record_rank_url": "https://www.data.jma.go.jp/stats/etrn/view/rank_s.php?prec_no=41&block_no=47615&year=&month=07&day=&view=p1"
      }
    },
    {
      "type": "Feature",
      "geometry": {
        "type": "Point",
        "coordinates": [
          139.986667,
          36.476667
        ]
      },
      "properties": {
        "amedas_code": "41331",
        "name": "真岡",
        "name_kana": "モオカ",
        "name_en": "Mooka",
        "altitude_m": 91.0,
        "record_value": 11.9,
        "record_date": "1993-07-06",
        "record_status": "success",
        "prec_no": "41",
        "block_no": "0338",
        "station_class": "a",
        "record_rank_url": "https://www.data.jma.go.jp/stats/etrn/view/rank_a.php?prec_no=41&block_no=0338&year=&month=07&day=&view=p1"
      }
    },
    {
      "type": "Feature",
      "geometry": {
        "type": "Point",
        "coordinates": [
          139.57,
          36.363333
        ]
      },
      "properties": {
        "amedas_code": "41361",
        "name": "佐野",
        "name_kana": "サノ",
        "name_en": "Sano",
        "altitude_m": 68.0,
        "record_value": 14.2,
        "record_date": "1989-07-03",
        "record_status": "success",
        "prec_no": "41",
        "block_no": "1018",
        "station_class": "a",
        "record_rank_url": "https://www.data.jma.go.jp/stats/etrn/view/rank_a.php?prec_no=41&block_no=1018&year=&month=07&day=&view=p1"
      }
    },
    {
      "type": "Feature",
      "geometry": {
        "type": "Point",
        "coordinates": [
          139.83,
          36.338333
        ]
      },
      "properties": {
        "amedas_code": "41376",
        "name": "小山",
        "name_kana": "オヤマ",
        "name_en": "Oyama",
        "altitude_m": 44.0,
        "record_value": 13.1,
        "record_date": "1983-07-12",
        "record_status": "success",
        "prec_no": "41",
        "block_no": "0341",
        "station_class": "a",
        "record_rank_url": "https://www.data.jma.go.jp/stats/etrn/view/rank_a.php?prec_no=41&block_no=0341&year=&month=07&day=&view=p1"
      }
    },
    {
      "type": "Feature",
      "geometry": {
        "type": "Point",
        "coordinates": [
          139.058333,
          36.863333
        ]
      },
      "properties": {
        "amedas_code": "42046",
        "name": "藤原",
        "name_kana": "フジワラ",
        "name_en": "Fujiwara",
        "altitude_m": 700.0,
        "record_value": 8.7,
        "record_date": "1979-07-05",
        "record_status": "success",
        "prec_no": "42",
        "block_no": "1222",
        "station_class": "a",
        "record_rank_url": "https://www.data.jma.go.jp/stats/etrn/view/rank_a.php?prec_no=42&block_no=1222&year=&month=07&day=&view=p1"
      }
    },
    {
      "type": "Feature",
      "geometry": {
        "type": "Point",
        "coordinates": [
          138.965,
          36.773333
        ]
      },
      "properties": {
        "amedas_code": "42091",
        "name": "みなかみ",
        "name_kana": "ミナカミ",
        "name_en": "Minakami",
        "altitude_m": 524.0,
        "record_value": 10.8,
        "record_date": "1979-07-05",
        "record_status": "success",
        "prec_no": "42",
        "block_no": "1019",
        "station_class": "a",
        "record_rank_url": "https://www.data.jma.go.jp/stats/etrn/view/rank_a.php?prec_no=42&block_no=1019&year=&month=07&day=&view=p1"
      }
    },
    {
      "type": "Feature",
      "geometry": {
        "type": "Point",
        "coordinates": [
          138.591667,
          36.616667
        ]
      },
      "properties": {
        "amedas_code": "42121",
        "name": "草津",
        "name_kana": "クサツ",
        "name_en": "Kusatsu",
        "altitude_m": 1223.0,
        "record_value": 8.2,
        "record_date": "2008-07-01",
        "record_status": "success",
        "prec_no": "42",
        "block_no": "0343",
        "station_class": "a",
        "record_rank_url": "https://www.data.jma.go.jp/stats/etrn/view/rank_a.php?prec_no=42&block_no=0343&year=&month=07&day=&view=p1"
      }
    },
    {
      "type": "Feature",
      "geometry": {
        "type": "Point",
        "coordinates": [
          139.021667,
          36.668333
        ]
      },
      "properties": {
        "amedas_code": "42146",
        "name": "沼田",
        "name_kana": "ヌマタ",
        "name_en": "Numata",
        "altitude_m": 390.0,
        "record_value": 10.8,
        "record_date": "1979-07-05",
        "record_status": "success",
        "prec_no": "42",
        "block_no": "0346",
        "station_class": "a",
        "record_rank_url": "https://www.data.jma.go.jp/stats/etrn/view/rank_a.php?prec_no=42&block_no=0346&year=&month=07&day=&view=p1"
      }
    },
    {
      "type": "Feature",
      "geometry": {
        "type": "Point",
        "coordinates": [
          138.85,
          36.586667
        ]
      },
      "properties": {
        "amedas_code": "42186",
        "name": "中之条",
        "name_kana": "ナカノジョウ",
        "name_en": "Nakanojo",
        "altitude_m": 354.0,
        "record_value": 11.8,
        "record_date": "1979-07-05",
        "record_status": "success",
        "prec_no": "42",
        "block_no": "1020",
        "station_class": "a",
        "record_rank_url": "https://www.data.jma.go.jp/stats/etrn/view/rank_a.php?prec_no=42&block_no=1020&year=&month=07&day=&view=p1"
      }
    },
    {
      "type": "Feature",
      "geometry": {
        "type": "Point",
        "coordinates": [
          138.463333,
          36.463333
        ]
      },
      "properties": {
        "amedas_code": "42221",
        "name": "田代",
        "name_kana": "タシロ",
        "name_en": "Tashiro",
        "altitude_m": 1230.0,
        "record_value": 7.0,
        "record_date": "1982-07-03",
        "record_status": "success",
        "prec_no": "42",
        "block_no": "0348",
        "station_class": "a",
        "record_rank_url": "https://www.data.jma.go.jp/stats/etrn/view/rank_a.php?prec_no=42&block_no=0348&year=&month=07&day=&view=p1"
      }
    },
    {
      "type": "Feature",
      "geometry": {
        "type": "Point",
        "coordinates": [
          139.06,
          36.405
        ]
      },
      "properties": {
        "amedas_code": "42251",
        "name": "前橋",
        "name_kana": "マエバシ",
        "name_en": "Maebashi",
        "altitude_m": 112.0,
        "record_value": 11.9,
        "record_date": "1976-07-03",
        "record_status": "success",
        "prec_no": "42",
        "block_no": "47624",
        "station_class": "s",
        "record_rank_url": "https://www.data.jma.go.jp/stats/etrn/view/rank_s.php?prec_no=42&block_no=47624&year=&month=07&day=&view=p1"
      }
    },
    {
      "type": "Feature",
      "geometry": {
        "type": "Point",
        "coordinates": [
          139.325,
          36.41
        ]
      },
      "properties": {
        "amedas_code": "42266",
        "name": "桐生",
        "name_kana": "キリュウ",
        "name_en": "Kiryu",
        "altitude_m": 117.0,
        "record_value": 11.3,
        "record_date": "1976-07-02",
        "record_status": "success",
        "prec_no": "42",
        "block_no": "0351",
        "station_class": "a",
        "record_rank_url": "https://www.data.jma.go.jp/stats/etrn/view/rank_a.php?prec_no=42&block_no=0351&year=&month=07&day=&view=p1"
      }
    },
    {
      "type": "Feature",
      "geometry": {
        "type": "Point",
        "coordinates": [
          138.895,
          36.376667
        ]
      },
      "properties": {
        "amedas_code": "42286",
        "name": "上里見",
        "name_kana": "カミサトミ",
        "name_en": "Kami-Satomi",
        "altitude_m": 183.0,
        "record_value": 13.8,
        "record_date": "1992-07-10",
        "record_status": "success",
        "prec_no": "42",
        "block_no": "0353",
        "station_class": "a",
        "record_rank_url": "https://www.data.jma.go.jp/stats/etrn/view/rank_a.php?prec_no=42&block_no=0353&year=&month=07&day=&view=p1"
      }
    },
    {
      "type": "Feature",
      "geometry": {
        "type": "Point",
        "coordinates": [
          139.165,
          36.331667
        ]
      },
      "properties": {
        "amedas_code": "42302",
        "name": "伊勢崎",
        "name_kana": "イセサキ",
        "name_en": "Isesaki",
        "altitude_m": 64.0,
        "record_value": 16.5,
        "record_date": "2012-07-21",
        "record_status": "success",
        "prec_no": "42",
        "block_no": "1021",
        "station_class": "a",
        "record_rank_url": "https://www.data.jma.go.jp/stats/etrn/view/rank_a.php?prec_no=42&block_no=1021&year=&month=07&day=&view=p1"
      }
    },
    {
      "type": "Feature",
      "geometry": {
        "type": "Point",
        "coordinates": [
          138.706667,
          36.245
        ]
      },
      "properties": {
        "amedas_code": "42326",
        "name": "西野牧",
        "name_kana": "ニシノマキ",
        "name_en": "Nishinomaki",
        "altitude_m": 375.0,
        "record_value": 12.8,
        "record_date": "1999-07-08",
        "record_status": "success",
        "prec_no": "42",
        "block_no": "0354",
        "station_class": "a",
        "record_rank_url": "https://www.data.jma.go.jp/stats/etrn/view/rank_a.php?prec_no=42&block_no=0354&year=&month=07&day=&view=p1"
      }
    },
    {
      "type": "Feature",
      "geometry": {
        "type": "Point",
        "coordinates": [
          139.513333,
          36.24
        ]
      },
      "properties": {
        "amedas_code": "42366",
        "name": "館林",
        "name_kana": "タテバヤシ",
        "name_en": "Tatebayashi",
        "altitude_m": 23.0,
        "record_value": 14.6,
        "record_date": "1989-07-03",
        "record_status": "success",
        "prec_no": "42",
        "block_no": "0356",
        "station_class": "a",
        "record_rank_url": "https://www.data.jma.go.jp/stats/etrn/view/rank_a.php?prec_no=42&block_no=0356&year=&month=07&day=&view=p1"
      }
    },
    {
      "type": "Feature",
      "geometry": {
        "type": "Point",
        "coordinates": [
          138.896667,
          36.108333
        ]
      },
      "properties": {
        "amedas_code": "42396",
        "name": "神流",
        "name_kana": "カンナ",
        "name_en": "Kanna",
        "altitude_m": 357.0,
        "record_value": 12.1,
        "record_date": "1992-07-10",
        "record_status": "success",
        "prec_no": "42",
        "block_no": "1223",
        "station_class": "a",
        "record_rank_url": "https://www.data.jma.go.jp/stats/etrn/view/rank_a.php?prec_no=42&block_no=1223&year=&month=07&day=&view=p1"
      }
    },
    {
      "type": "Feature",
      "geometry": {
        "type": "Point",
        "coordinates": [
          139.183333,
          36.105
        ]
      },
      "properties": {
        "amedas_code": "43051",
        "name": "寄居",
        "name_kana": "ヨリイ",
        "name_en": "Yorii",
        "altitude_m": 128.0,
        "record_value": 14.3,
        "record_date": "1989-07-03",
        "record_status": "success",
        "prec_no": "43",
        "block_no": "1009",
        "station_class": "a",
        "record_rank_url": "https://www.data.jma.go.jp/stats/etrn/view/rank_a.php?prec_no=43&block_no=1009&year=&month=07&day=&view=p1"
      }
    },
    {
      "type": "Feature",
      "geometry": {
        "type": "Point",
        "coordinates": [
          139.38,
          36.15
        ]
      },
      "properties": {
        "amedas_code": "43056",
        "name": "熊谷",
        "name_kana": "クマガヤ",
        "name_en": "Kumagaya",
        "altitude_m": 30.0,
        "record_value": 11.8,
        "record_date": "1976-07-02",
        "record_status": "success",
        "prec_no": "43",
        "block_no": "47626",
        "station_class": "s",
        "record_rank_url": "https://www.data.jma.go.jp/stats/etrn/view/rank_s.php?prec_no=43&block_no=47626&year=&month=07&day=&view=p1"
      }
    },
    {
      "type": "Feature",
      "geometry": {
        "type": "Point",
        "coordinates": [
          139.635,
          36.086667
        ]
      },
      "properties": {
        "amedas_code": "43126",
        "name": "久喜",
        "name_kana": "クキ",
        "name_en": "Kuki",
        "altitude_m": 12.0,
        "record_value": 14.1,
        "record_date": "1983-07-12",
        "record_status": "success",
        "prec_no": "43",
        "block_no": "0359",
        "station_class": "a",
        "record_rank_url": "https://www.data.jma.go.jp/stats/etrn/view/rank_a.php?prec_no=43&block_no=0359&year=&month=07&day=&view=p1"
      }
    },
    {
      "type": "Feature",
      "geometry": {
        "type": "Point",
        "coordinates": [
          139.073333,
          35.99
        ]
      },
      "properties": {
        "amedas_code": "43156",
        "name": "秩父",
        "name_kana": "チチブ",
        "name_en": "Chichibu",
        "altitude_m": 232.0,
        "record_value": 9.1,
        "record_date": "1976-07-03",
        "record_status": "success",
        "prec_no": "43",
        "block_no": "47641",
        "station_class": "s",
        "record_rank_url": "https://www.data.jma.go.jp/stats/etrn/view/rank_s.php?prec_no=43&block_no=47641&year=&month=07&day=&view=p1"
      }
    },
    {
      "type": "Feature",
      "geometry": {
        "type": "Point",
        "coordinates": [
          139.335,
          35.985
        ]
      },
      "properties": {
        "amedas_code": "43171",
        "name": "鳩山",
        "name_kana": "ハトヤマ",
        "name_en": "Hatoyama",
        "altitude_m": 44.0,
        "record_value": 12.4,
        "record_date": "1982-07-03",
        "record_status": "success",
        "prec_no": "43",
        "block_no": "1232",
        "station_class": "a",
        "record_rank_url": "https://www.data.jma.go.jp/stats/etrn/view/rank_a.php?prec_no=43&block_no=1232&year=&month=07&day=&view=p1"
      }
    },
    {
      "type": "Feature",
      "geometry": {
        "type": "Point",
        "coordinates": [
          139.586667,
          35.875
        ]
      },
      "properties": {
        "amedas_code": "43241",
        "name": "さいたま",
        "name_kana": "サイタマ",
        "name_en": "Saitama",
        "altitude_m": 8.0,
        "record_value": 14.7,
        "record_date": "1989-07-03",
        "record_status": "success",
        "prec_no": "43",
        "block_no": "0363",
        "station_class": "a",
        "record_rank_url": "https://www.data.jma.go.jp/stats/etrn/view/rank_a.php?prec_no=43&block_no=0363&year=&month=07&day=&view=p1"
      }
    },
    {
      "type": "Feature",
      "geometry": {
        "type": "Point",
        "coordinates": [
          139.756667,
          35.883333
        ]
      },
      "properties": {
        "amedas_code": "43256",
        "name": "越谷",
        "name_kana": "コシガヤ",
        "name_en": "Koshigaya",
        "altitude_m": 3.0,
        "record_value": 14.1,
        "record_date": "1983-07-12",
        "record_status": "success",
        "prec_no": "43",
        "block_no": "0364",
        "station_class": "a",
        "record_rank_url": "https://www.data.jma.go.jp/stats/etrn/view/rank_a.php?prec_no=43&block_no=0364&year=&month=07&day=&view=p1"
      }
    },
    {
      "type": "Feature",
      "geometry": {
        "type": "Point",
        "coordinates": [
          139.413333,
          35.773333
        ]
      },
      "properties": {
        "amedas_code": "43266",
        "name": "所沢",
        "name_kana": "トコロザワ",
        "name_en": "Tokorozawa",
        "altitude_m": 119.0,
        "record_value": 13.6,
        "record_date": "1982-07-03",
        "record_status": "success",
        "prec_no": "43",
        "block_no": "1070",
        "station_class": "a",
        "record_rank_url": "https://www.data.jma.go.jp/stats/etrn/view/rank_a.php?prec_no=43&block_no=1070&year=&month=07&day=&view=p1"
      }
    },
    {
      "type": "Feature",
      "geometry": {
        "type": "Point",
        "coordinates": [
          139.05,
          35.791667
        ]
      },
      "properties": {
        "amedas_code": "44046",
        "name": "小河内",
        "name_kana": "オゴウチ",
        "name_en": "Ogochi",
        "altitude_m": 530.0,
        "record_value": 12.4,
        "record_date": "1982-07-03",
        "record_status": "success",
        "prec_no": "44",
        "block_no": "0365",
        "station_class": "a",
        "record_rank_url": "https://www.data.jma.go.jp/stats/etrn/view/rank_a.php?prec_no=44&block_no=0365&year=&month=07&day=&view=p1"
      }
    },
    {
      "type": "Feature",
      "geometry": {
        "type": "Point",
        "coordinates": [
          139.311667,
          35.788333
        ]
      },
      "properties": {
        "amedas_code": "44056",
        "name": "青梅",
        "name_kana": "オウメ",
        "name_en": "Ome",
        "altitude_m": 155.0,
        "record_value": 12.5,
        "record_date": "1982-07-03",
        "record_status": "success",
        "prec_no": "44",
        "block_no": "1001",
        "station_class": "a",
        "record_rank_url": "https://www.data.jma.go.jp/stats/etrn/view/rank_a.php?prec_no=44&block_no=1001&year=&month=07&day=&view=p1"
      }
    },
    {
      "type": "Feature",
      "geometry": {
        "type": "Point",
        "coordinates": [
          139.591667,
          35.738333
        ]
      },
      "properties": {
        "amedas_code": "44071",
        "name": "練馬",
        "name_kana": "ネリマ",
        "name_en": "Nerima",
        "altitude_m": 51.0,
        "record_value": 17.4,
        "record_date": "2020-07-16",
        "record_status": "success",
        "prec_no": "44",
        "block_no": "1002",
        "station_class": "a",
        "record_rank_url": "https://www.data.jma.go.jp/stats/etrn/view/rank_a.php?prec_no=44&block_no=1002&year=&month=07&day=&view=p1"
      }
    },
    {
      "type": "Feature",
      "geometry": {
        "type": "Point",
        "coordinates": [
          139.316667,
          35.666667
        ]
      },
      "properties": {
        "amedas_code": "44112",
        "name": "八王子",
        "name_kana": "ハチオウジ",
        "name_en": "Hachioji",
        "altitude_m": 123.0,
        "record_value": 13.3,
        "record_date": "1982-07-03",
        "record_status": "success",
        "prec_no": "44",
        "block_no": "0366",
        "station_class": "a",
        "record_rank_url": "https://www.data.jma.go.jp/stats/etrn/view/rank_a.php?prec_no=44&block_no=0366&year=&month=07&day=&view=p1"
      }
    },
    {
      "type": "Feature",
      "geometry": {
        "type": "Point",
        "coordinates": [
          139.483333,
          35.683333
        ]
      },
      "properties": {
        "amedas_code": "44116",
        "name": "府中",
        "name_kana": "フチュウ",
        "name_en": "Fuchu",
        "altitude_m": 59.0,
        "record_value": 13.5,
        "record_date": "1982-07-03",
        "record_status": "success",
        "prec_no": "44",
        "block_no": "1133",
        "station_class": "a",
        "record_rank_url": "https://www.data.jma.go.jp/stats/etrn/view/rank_a.php?prec_no=44&block_no=1133&year=&month=07&day=&view=p1"
      }
    },
    {
      "type": "Feature",
      "geometry": {
        "type": "Point",
        "coordinates": [
          139.75,
          35.691667
        ]
      },
      "properties": {
        "amedas_code": "44132",
        "name": "東京",
        "name_kana": "トウキョウ",
        "name_en": "Tokyo",
        "altitude_m": 25.0,
        "record_value": 13.0,
        "record_date": "1890-07-09",
        "record_status": "success",
        "prec_no": "44",
        "block_no": "47662",
        "station_class": "s",
        "record_rank_url": "https://www.data.jma.go.jp/stats/etrn/view/rank_s.php?prec_no=44&block_no=47662&year=&month=07&day=&view=p1"
      }
    },
    {
      "type": "Feature",
      "geometry": {
        "type": "Point",
        "coordinates": [
          139.863333,
          35.638333
        ]
      },
      "properties": {
        "amedas_code": "44136",
        "name": "江戸川臨海",
        "name_kana": "エドガワリンカイ",
        "name_en": "Edogawa Seaside",
        "altitude_m": 5.0,
        "record_value": 14.7,
        "record_date": "1983-07-08",
        "record_status": "success",
        "prec_no": "44",
        "block_no": "0370",
        "station_class": "a",
        "record_rank_url": "https://www.data.jma.go.jp/stats/etrn/view/rank_a.php?prec_no=44&block_no=0370&year=&month=07&day=&view=p1"
      }
    },
    {
      "type": "Feature",
      "geometry": {
        "type": "Point",
        "coordinates": [
          139.78,
          35.553333
        ]
      },
      "properties": {
        "amedas_code": "44166",
        "name": "羽田",
        "name_kana": "ハネダ：東京国際空港",
        "name_en": "Haneda",
        "altitude_m": 6.0,
        "record_value": 17.2,
        "record_date": "1996-07-08",
        "record_status": "success",
        "prec_no": "44",
        "block_no": "0371",
        "station_class": "a",
        "record_rank_url": "https://www.data.jma.go.jp/stats/etrn/view/rank_a.php?prec_no=44&block_no=0371&year=&month=07&day=&view=p1"
      }
    },
    {
      "type": "Feature",
      "geometry": {
        "type": "Point",
        "coordinates": [
          139.361667,
          34.748333
        ]
      },
      "properties": {
        "amedas_code": "44172",
        "name": "大島",
        "name_kana": "オオシマ",
        "name_en": "Oshima Island",
        "altitude_m": 74.0,
        "record_value": 12.4,
        "record_date": "1976-07-01",
        "record_status": "success",
        "prec_no": "44",
        "block_no": "47675",
        "station_class": "s",
        "record_rank_url": "https://www.data.jma.go.jp/stats/etrn/view/rank_s.php?prec_no=44&block_no=47675&year=&month=07&day=&view=p1"
      }
    },
    {
      "type": "Feature",
      "geometry": {
        "type": "Point",
        "coordinates": [
          139.36,
          34.781667
        ]
      },
      "properties": {
        "amedas_code": "44173",
        "name": "大島北ノ山",
        "name_kana": "オオシマキタノヤマ：大島空港",
        "name_en": "Oshima-Kitanoyama",
        "altitude_m": 38.0,
        "record_value": 14.6,
        "record_date": "2008-07-01",
        "record_status": "success",
        "prec_no": "44",
        "block_no": "1467",
        "station_class": "a",
        "record_rank_url": "https://www.data.jma.go.jp/stats/etrn/view/rank_a.php?prec_no=44&block_no=1467&year=&month=07&day=&view=p1"
      }
    },
    {
      "type": "Feature",
      "geometry": {
        "type": "Point",
        "coordinates": [
          139.268333,
          34.368333
        ]
      },
      "properties": {
        "amedas_code": "44207",
        "name": "新島",
        "name_kana": "ニイジマ：新島空港",
        "name_en": "Niijima Island",
        "altitude_m": 29.0,
        "record_value": 16.3,
        "record_date": "2008-07-01",
        "record_status": "success",
        "prec_no": "44",
        "block_no": "1522",
        "station_class": "a",
        "record_rank_url": "https://www.data.jma.go.jp/stats/etrn/view/rank_a.php?prec_no=44&block_no=1522&year=&month=07&day=&view=p1"
      }
    },
    {
      "type": "Feature",
      "geometry": {
        "type": "Point",
        "coordinates": [
          139.133333,
          34.188333
        ]
      },
      "properties": {
        "amedas_code": "44216",
        "name": "神津島",
        "name_kana": "コウヅシマ：神津島空港",
        "name_en": "Kozushima Island",
        "altitude_m": 138.0,
        "record_value": 17.9,
        "record_date": "2015-07-05",
        "record_status": "success",
        "prec_no": "44",
        "block_no": "1523",
        "station_class": "a",
        "record_rank_url": "https://www.data.jma.go.jp/stats/etrn/view/rank_a.php?prec_no=44&block_no=1523&year=&month=07&day=&view=p1"
      }
    },
    {
      "type": "Feature",
      "geometry": {
        "type": "Point",
        "coordinates": [
          139.52,
          34.123333
        ]
      },
      "properties": {
        "amedas_code": "44226",
        "name": "三宅島",
        "name_kana": "ミヤケジマ",
        "name_en": "Miyakejima Island",
        "altitude_m": 38.0,
        "record_value": 14.8,
        "record_date": "1958-07-16",
        "record_status": "success",
        "prec_no": "44",
        "block_no": "47677",
        "station_class": "s",
        "record_rank_url": "https://www.data.jma.go.jp/stats/etrn/view/rank_s.php?prec_no=44&block_no=47677&year=&month=07&day=&view=p1"
      }
    },
    {
      "type": "Feature",
      "geometry": {
        "type": "Point",
        "coordinates": [
          139.56,
          34.073333
        ]
      },
      "properties": {
        "amedas_code": "44228",
        "name": "三宅坪田",
        "name_kana": "ミヤケツボタ：三宅島空港",
        "name_en": "Miyake-Tsubota",
        "altitude_m": 20.0,
        "record_value": 17.9,
        "record_date": "2008-07-02",
        "record_status": "success",
        "prec_no": "44",
        "block_no": "1506",
        "station_class": "a",
        "record_rank_url": "https://www.data.jma.go.jp/stats/etrn/view/rank_a.php?prec_no=44&block_no=1506&year=&month=07&day=&view=p1"
      }
    },
    {
      "type": "Feature",
      "geometry": {
        "type": "Point",
        "coordinates": [
          139.785,
          33.115
        ]
      },
      "properties": {
        "amedas_code": "44262",
        "name": "八重見ヶ原",
        "name_kana": "ヤエミガハラ：八丈島空港",
        "name_en": "Yaemigahara",
        "altitude_m": 92.0,
        "record_value": 18.3,
        "record_date": "2008-07-02",
        "record_status": "success",
        "prec_no": "44",
        "block_no": "1468",
        "station_class": "a",
        "record_rank_url": "https://www.data.jma.go.jp/stats/etrn/view/rank_a.php?prec_no=44&block_no=1468&year=&month=07&day=&view=p1"
      }
    },
    {
      "type": "Feature",
      "geometry": {
        "type": "Point",
        "coordinates": [
          139.778333,
          33.121667
        ]
      },
      "properties": {
        "amedas_code": "44263",
        "name": "八丈島",
        "name_kana": "ハチジョウジマ",
        "name_en": "Hachijojima Island",
        "altitude_m": 151.0,
        "record_value": 15.6,
        "record_date": "1976-07-05",
        "record_status": "success",
        "prec_no": "44",
        "block_no": "47678",
        "station_class": "s",
        "record_rank_url": "https://www.data.jma.go.jp/stats/etrn/view/rank_s.php?prec_no=44&block_no=47678&year=&month=07&day=&view=p1"
      }
    },
    {
      "type": "Feature",
      "geometry": {
        "type": "Point",
        "coordinates": [
          142.19,
          27.091667
        ]
      },
      "properties": {
        "amedas_code": "44301",
        "name": "父島",
        "name_kana": "チチジマ",
        "name_en": "Chichijima Island",
        "altitude_m": 3.0,
        "record_value": 20.8,
        "record_date": "1983-07-03",
        "record_status": "success",
        "prec_no": "44",
        "block_no": "47971",
        "station_class": "s",
        "record_rank_url": "https://www.data.jma.go.jp/stats/etrn/view/rank_s.php?prec_no=44&block_no=47971&year=&month=07&day=&view=p1"
      }
    },
    {
      "type": "Feature",
      "geometry": {
        "type": "Point",
        "coordinates": [
          153.983333,
          24.288333
        ]
      },
      "properties": {
        "amedas_code": "44356",
        "name": "南鳥島",
        "name_kana": "ミナミトリシマ",
        "name_en": "Minamitorishima Island",
        "altitude_m": 7.0,
        "record_value": 21.6,
        "record_date": "1951-07-31",
        "record_status": "success",
        "prec_no": "44",
        "block_no": "47991",
        "station_class": "s",
        "record_rank_url": "https://www.data.jma.go.jp/stats/etrn/view/rank_s.php?prec_no=44&block_no=47991&year=&month=07&day=&view=p1"
      }
    },
    {
      "type": "Feature",
      "geometry": {
        "type": "Point",
        "coordinates": [
          140.11,
          35.863333
        ]
      },
      "properties": {
        "amedas_code": "45061",
        "name": "我孫子",
        "name_kana": "アビコ",
        "name_en": "Abiko",
        "altitude_m": 20.0,
        "record_value": 15.1,
        "record_date": "2011-07-22",
        "record_status": "success",
        "prec_no": "45",
        "block_no": "0376",
        "station_class": "a",
        "record_rank_url": "https://www.data.jma.go.jp/stats/etrn/view/rank_a.php?prec_no=45&block_no=0376&year=&month=07&day=&view=p1"
      }
    },
    {
      "type": "Feature",
      "geometry": {
        "type": "Point",
        "coordinates": [
          140.501667,
          35.858333
        ]
      },
      "properties": {
        "amedas_code": "45081",
        "name": "香取",
        "name_kana": "カトリ",
        "name_en": "Katori",
        "altitude_m": 37.0,
        "record_value": 13.4,
        "record_date": "2003-07-15",
        "record_status": "success",
        "prec_no": "45",
        "block_no": "0375",
        "station_class": "a",
        "record_rank_url": "https://www.data.jma.go.jp/stats/etrn/view/rank_a.php?prec_no=45&block_no=0375&year=&month=07&day=&view=p1"
      }
    },
    {
      "type": "Feature",
      "geometry": {
        "type": "Point",
        "coordinates": [
          140.043333,
          35.711667
        ]
      },
      "properties": {
        "amedas_code": "45106",
        "name": "船橋",
        "name_kana": "フナバシ",
        "name_en": "Funabashi",
        "altitude_m": 28.0,
        "record_value": 15.7,
        "record_date": "2003-07-15",
        "record_status": "success",
        "prec_no": "45",
        "block_no": "1236",
        "station_class": "a",
        "record_rank_url": "https://www.data.jma.go.jp/stats/etrn/view/rank_a.php?prec_no=45&block_no=1236&year=&month=07&day=&view=p1"
      }
    },
    {
      "type": "Feature",
      "geometry": {
        "type": "Point",
        "coordinates": [
          140.211667,
          35.728333
        ]
      },
      "properties": {
        "amedas_code": "45116",
        "name": "佐倉",
        "name_kana": "サクラ",
        "name_en": "Sakura",
        "altitude_m": 5.0,
        "record_value": 13.5,
        "record_date": "1993-07-06",
        "record_status": "success",
        "prec_no": "45",
        "block_no": "0916",
        "station_class": "a",
        "record_rank_url": "https://www.data.jma.go.jp/stats/etrn/view/rank_a.php?prec_no=45&block_no=0916&year=&month=07&day=&view=p1"
      }
    },
    {
      "type": "Feature",
      "geometry": {
        "type": "Point",
        "coordinates": [
          140.385,
          35.763333
        ]
      },
      "properties": {
        "amedas_code": "45121",
        "name": "成田",
        "name_kana": "ナリタ：成田国際空港",
        "name_en": "Narita",
        "altitude_m": 41.0,
        "record_value": 15.0,
        "record_date": "2003-07-15",
        "record_status": "success",
        "prec_no": "45",
        "block_no": "0378",
        "station_class": "a",
        "record_rank_url": "https://www.data.jma.go.jp/stats/etrn/view/rank_a.php?prec_no=45&block_no=0378&year=&month=07&day=&view=p1"
      }
    },
    {
      "type": "Feature",
      "geometry": {
        "type": "Point",
        "coordinates": [
          140.856667,
          35.738333
        ]
      },
      "properties": {
        "amedas_code": "45148",
        "name": "銚子",
        "name_kana": "チョウシ",
        "name_en": "Choshi",
        "altitude_m": 20.0,
        "record_value": 13.0,
        "record_date": "1945-07-25",
        "record_status": "success",
        "prec_no": "45",
        "block_no": "47648",
        "station_class": "s",
        "record_rank_url": "https://www.data.jma.go.jp/stats/etrn/view/rank_s.php?prec_no=45&block_no=47648&year=&month=07&day=&view=p1"
      }
    },
    {
      "type": "Feature",
      "geometry": {
        "type": "Point",
        "coordinates": [
          140.505,
          35.655
        ]
      },
      "properties": {
        "amedas_code": "45181",
        "name": "横芝光",
        "name_kana": "ヨコシバヒカリ",
        "name_en": "Yokoshibahikari",
        "altitude_m": 5.0,
        "record_value": 12.8,
        "record_date": "1982-07-03",
        "record_status": "success",
        "prec_no": "45",
        "block_no": "1003",
        "station_class": "a",
        "record_rank_url": "https://www.data.jma.go.jp/stats/etrn/view/rank_a.php?prec_no=45&block_no=1003&year=&month=07&day=&view=p1"
      }
    },
    {
      "type": "Feature",
      "geometry": {
        "type": "Point",
        "coordinates": [
          140.103333,
          35.601667
        ]
      },
      "properties": {
        "amedas_code": "45212",
        "name": "千葉",
        "name_kana": "チバ",
        "name_en": "Chiba",
        "altitude_m": 3.0,
        "record_value": 12.5,
        "record_date": "1976-07-03",
        "record_status": "success",
        "prec_no": "45",
        "block_no": "47682",
        "station_class": "s",
        "record_rank_url": "https://www.data.jma.go.jp/stats/etrn/view/rank_s.php?prec_no=45&block_no=47682&year=&month=07&day=&view=p1"
      }
    },
    {
      "type": "Feature",
      "geometry": {
        "type": "Point",
        "coordinates": [
          140.293333,
          35.436667
        ]
      },
      "properties": {
        "amedas_code": "45261",
        "name": "茂原",
        "name_kana": "モバラ",
        "name_en": "Mobara",
        "altitude_m": 11.0,
        "record_value": 14.0,
        "record_date": "1983-07-13",
        "record_status": "success",
        "prec_no": "45",
        "block_no": "0381",
        "station_class": "a",
        "record_rank_url": "https://www.data.jma.go.jp/stats/etrn/view/rank_a.php?prec_no=45&block_no=0381&year=&month=07&day=&view=p1"
      }
    },
    {
      "type": "Feature",
      "geometry": {
        "type": "Point",
        "coordinates": [
          139.94,
          35.361667
        ]
      },
      "properties": {
        "amedas_code": "45282",
        "name": "木更津",
        "name_kana": "キサラヅ",
        "name_en": "Kisarazu",
        "altitude_m": 60.0,
        "record_value": 15.1,
        "record_date": "2008-07-01",
        "record_status": "success",
        "prec_no": "45",
        "block_no": "0382",
        "station_class": "a",
        "record_rank_url": "https://www.data.jma.go.jp/stats/etrn/view/rank_a.php?prec_no=45&block_no=0382&year=&month=07&day=&view=p1"
      }
    },
    {
      "type": "Feature",
      "geometry": {
        "type": "Point",
        "coordinates": [
          140.148333,
          35.396667
        ]
      },
      "properties": {
        "amedas_code": "45291",
        "name": "牛久",
        "name_kana": "ウシク",
        "name_en": "Ushiku",
        "altitude_m": 30.0,
        "record_value": 11.7,
        "record_date": "1982-07-03",
        "record_status": "success",
        "prec_no": "45",
        "block_no": "1238",
        "station_class": "a",
        "record_rank_url": "https://www.data.jma.go.jp/stats/etrn/view/rank_a.php?prec_no=45&block_no=1238&year=&month=07&day=&view=p1"
      }
    },
    {
      "type": "Feature",
      "geometry": {
        "type": "Point",
        "coordinates": [
          140.098333,
          35.235
        ]
      },
      "properties": {
        "amedas_code": "45326",
        "name": "坂畑",
        "name_kana": "サカハタ",
        "name_en": "Sakahata",
        "altitude_m": 120.0,
        "record_value": 10.5,
        "record_date": "1982-07-03",
        "record_status": "success",
        "prec_no": "45",
        "block_no": "1241",
        "station_class": "a",
        "record_rank_url": "https://www.data.jma.go.jp/stats/etrn/view/rank_a.php?prec_no=45&block_no=1241&year=&month=07&day=&view=p1"
      }
    },
    {
      "type": "Feature",
      "geometry": {
        "type": "Point",
        "coordinates": [
          140.1,
          35.111667
        ]
      },
      "properties": {
        "amedas_code": "45361",
        "name": "鴨川",
        "name_kana": "カモガワ",
        "name_en": "Kamogawa",
        "altitude_m": 5.0,
        "record_value": 13.9,
        "record_date": "1982-07-03",
        "record_status": "success",
        "prec_no": "45",
        "block_no": "0384",
        "station_class": "a",
        "record_rank_url": "https://www.data.jma.go.jp/stats/etrn/view/rank_a.php?prec_no=45&block_no=0384&year=&month=07&day=&view=p1"
      }
    },
    {
      "type": "Feature",
      "geometry": {
        "type": "Point",
        "coordinates": [
          140.311667,
          35.15
        ]
      },
      "properties": {
        "amedas_code": "45371",
        "name": "勝浦",
        "name_kana": "カツウラ",
        "name_en": "Katsuura",
        "altitude_m": 12.0,
        "record_value": 12.4,
        "record_date": "1945-07-25",
        "record_status": "success",
        "prec_no": "45",
        "block_no": "47674",
        "station_class": "s",
        "record_rank_url": "https://www.data.jma.go.jp/stats/etrn/view/rank_s.php?prec_no=45&block_no=47674&year=&month=07&day=&view=p1"
      }
    },
    {
      "type": "Feature",
      "geometry": {
        "type": "Point",
        "coordinates": [
          139.865,
          34.986667
        ]
      },
      "properties": {
        "amedas_code": "45401",
        "name": "館山",
        "name_kana": "タテヤマ",
        "name_en": "Tateyama",
        "altitude_m": 6.0,
        "record_value": 9.3,
        "record_date": "1976-07-02",
        "record_status": "success",
        "prec_no": "45",
        "block_no": "47672",
        "station_class": "s",
        "record_rank_url": "https://www.data.jma.go.jp/stats/etrn/view/rank_s.php?prec_no=45&block_no=47672&year=&month=07&day=&view=p1"
      }
    },
    {
      "type": "Feature",
      "geometry": {
        "type": "Point",
        "coordinates": [
          139.386667,
          35.433333
        ]
      },
      "properties": {
        "amedas_code": "46091",
        "name": "海老名",
        "name_kana": "エビナ",
        "name_en": "Ebina",
        "altitude_m": 18.0,
        "record_value": 14.2,
        "record_date": "1982-07-03",
        "record_status": "success",
        "prec_no": "46",
        "block_no": "0388",
        "station_class": "a",
        "record_rank_url": "https://www.data.jma.go.jp/stats/etrn/view/rank_a.php?prec_no=46&block_no=0388&year=&month=07&day=&view=p1"
      }
    },
    {
      "type": "Feature",
      "geometry": {
        "type": "Point",
        "coordinates": [
          139.651667,
          35.438333
        ]
      },
      "properties": {
        "amedas_code": "46106",
        "name": "横浜",
        "name_kana": "ヨコハマ",
        "name_en": "Yokohama",
        "altitude_m": 39.0,
        "record_value": 13.3,
        "record_date": "1976-07-01",
        "record_status": "success",
        "prec_no": "46",
        "block_no": "47670",
        "station_class": "s",
        "record_rank_url": "https://www.data.jma.go.jp/stats/etrn/view/rank_s.php?prec_no=46&block_no=47670&year=&month=07&day=&view=p1"
      }
    },
    {
      "type": "Feature",
      "geometry": {
        "type": "Point",
        "coordinates": [
          139.45,
          35.32
        ]
      },
      "properties": {
        "amedas_code": "46141",
        "name": "辻堂",
        "name_kana": "ツジドウ",
        "name_en": "Tsujido",
        "altitude_m": 5.0,
        "record_value": 16.7,
        "record_date": "2008-07-01",
        "record_status": "success",
        "prec_no": "46",
        "block_no": "1443",
        "station_class": "a",
        "record_rank_url": "https://www.data.jma.go.jp/stats/etrn/view/rank_a.php?prec_no=46&block_no=1443&year=&month=07&day=&view=p1"
      }
    },
    {
      "type": "Feature",
      "geometry": {
        "type": "Point",
        "coordinates": [
          139.155,
          35.276667
        ]
      },
      "properties": {
        "amedas_code": "46166",
        "name": "小田原",
        "name_kana": "オダワラ",
        "name_en": "Odawara",
        "altitude_m": 14.0,
        "record_value": 14.1,
        "record_date": "1982-07-03",
        "record_status": "success",
        "prec_no": "46",
        "block_no": "1008",
        "station_class": "a",
        "record_rank_url": "https://www.data.jma.go.jp/stats/etrn/view/rank_a.php?prec_no=46&block_no=1008&year=&month=07&day=&view=p1"
      }
    },
    {
      "type": "Feature",
      "geometry": {
        "type": "Point",
        "coordinates": [
          139.63,
          35.178333
        ]
      },
      "properties": {
        "amedas_code": "46211",
        "name": "三浦",
        "name_kana": "ミウラ",
        "name_en": "Miura",
        "altitude_m": 42.0,
        "record_value": 14.8,
        "record_date": "1982-07-03",
        "record_status": "success",
        "prec_no": "46",
        "block_no": "0392",
        "station_class": "a",
        "record_rank_url": "https://www.data.jma.go.jp/stats/etrn/view/rank_a.php?prec_no=46&block_no=0392&year=&month=07&day=&view=p1"
      }
    },
    {
      "type": "Feature",
      "geometry": {
        "type": "Point",
        "coordinates": [
          138.441667,
          36.911667
        ]
      },
      "properties": {
        "amedas_code": "48031",
        "name": "野沢温泉",
        "name_kana": "ノザワオンセン",
        "name_en": "Nozawa Onsen",
        "altitude_m": 576.0,
        "record_value": 11.3,
        "record_date": "1979-07-04",
        "record_status": "success",
        "prec_no": "48",
        "block_no": "0393",
        "station_class": "a",
        "record_rank_url": "https://www.data.jma.go.jp/stats/etrn/view/rank_a.php?prec_no=48&block_no=0393&year=&month=07&day=&view=p1"
      }
    },
    {
      "type": "Feature",
      "geometry": {
        "type": "Point",
        "coordinates": [
          138.196667,
          36.808333
        ]
      },
      "properties": {
        "amedas_code": "48061",
        "name": "信濃町",
        "name_kana": "シナノマチ",
        "name_en": "Shinano-Machi",
        "altitude_m": 685.0,
        "record_value": 9.2,
        "record_date": "1979-07-05",
        "record_status": "success",
        "prec_no": "48",
        "block_no": "0394",
        "station_class": "a",
        "record_rank_url": "https://www.data.jma.go.jp/stats/etrn/view/rank_a.php?prec_no=48&block_no=0394&year=&month=07&day=&view=p1"
      }
    },
    {
      "type": "Feature",
      "geometry": {
        "type": "Point",
        "coordinates": [
          138.375,
          36.875
        ]
      },
      "properties": {
        "amedas_code": "48066",
        "name": "飯山",
        "name_kana": "イイヤマ",
        "name_en": "Iiyama",
        "altitude_m": 313.0,
        "record_value": 11.8,
        "record_date": "1989-07-01",
        "record_status": "success",
        "prec_no": "48",
        "block_no": "0395",
        "station_class": "a",
        "record_rank_url": "https://www.data.jma.go.jp/stats/etrn/view/rank_a.php?prec_no=48&block_no=0395&year=&month=07&day=&view=p1"
      }
    },
    {
      "type": "Feature",
      "geometry": {
        "type": "Point",
        "coordinates": [
          137.861667,
          36.698333
        ]
      },
      "properties": {
        "amedas_code": "48141",
        "name": "白馬",
        "name_kana": "ハクバ",
        "name_en": "Hakuba",
        "altitude_m": 703.0,
        "record_value": 10.1,
        "record_date": "1985-07-15",
        "record_status": "success",
        "prec_no": "48",
        "block_no": "0396",
        "station_class": "a",
        "record_rank_url": "https://www.data.jma.go.jp/stats/etrn/view/rank_a.php?prec_no=48&block_no=0396&year=&month=07&day=&view=p1"
      }
    },
    {
      "type": "Feature",
      "geometry": {
        "type": "Point",
        "coordinates": [
          138.191667,
          36.661667
        ]
      },
      "properties": {
        "amedas_code": "48156",
        "name": "長野",
        "name_kana": "ナガノ",
        "name_en": "Nagano",
        "altitude_m": 418.0,
        "record_value": 10.2,
        "record_date": "1895-07-09",
        "record_status": "success",
        "prec_no": "48",
        "block_no": "47610",
        "station_class": "s",
        "record_rank_url": "https://www.data.jma.go.jp/stats/etrn/view/rank_s.php?prec_no=48&block_no=47610&year=&month=07&day=&view=p1"
      }
    },
    {
      "type": "Feature",
      "geometry": {
        "type": "Point",
        "coordinates": [
          137.831667,
          36.523333
        ]
      },
      "properties": {
        "amedas_code": "48191",
        "name": "大町",
        "name_kana": "オオマチ",
        "name_en": "Omachi",
        "altitude_m": 784.0,
        "record_value": 10.3,
        "record_date": "1985-07-15",
        "record_status": "success",
        "prec_no": "48",
        "block_no": "0399",
        "station_class": "a",
        "record_rank_url": "https://www.data.jma.go.jp/stats/etrn/view/rank_a.php?prec_no=48&block_no=0399&year=&month=07&day=&view=p1"
      }
    },
    {
      "type": "Feature",
      "geometry": {
        "type": "Point",
        "coordinates": [
          137.996667,
          36.548333
        ]
      },
      "properties": {
        "amedas_code": "48196",
        "name": "信州新町",
        "name_kana": "シンシュウシンマチ",
        "name_en": "Shinshu-Shinmachi",
        "altitude_m": 509.0,
        "record_value": 11.6,
        "record_date": "1993-07-04",
        "record_status": "success",
        "prec_no": "48",
        "block_no": "0400",
        "station_class": "a",
        "record_rank_url": "https://www.data.jma.go.jp/stats/etrn/view/rank_a.php?prec_no=48&block_no=0400&year=&month=07&day=&view=p1"
      }
    },
    {
      "type": "Feature",
      "geometry": {
        "type": "Point",
        "coordinates": [
          138.325,
          36.531667
        ]
      },
      "properties": {
        "amedas_code": "48216",
        "name": "菅平",
        "name_kana": "スガダイラ",
        "name_en": "Sugadaira",
        "altitude_m": 1253.0,
        "record_value": 6.1,
        "record_date": "1982-07-03",
        "record_status": "success",
        "prec_no": "48",
        "block_no": "0992",
        "station_class": "a",
        "record_rank_url": "https://www.data.jma.go.jp/stats/etrn/view/rank_a.php?prec_no=48&block_no=0992&year=&month=07&day=&view=p1"
      }
    },
    {
      "type": "Feature",
      "geometry": {
        "type": "Point",
        "coordinates": [
          138.265,
          36.4
        ]
      },
      "properties": {
        "amedas_code": "48256",
        "name": "上田",
        "name_kana": "ウエダ",
        "name_en": "Ueda",
        "altitude_m": 502.0,
        "record_value": 11.3,
        "record_date": "1976-07-03",
        "record_status": "success",
        "prec_no": "48",
        "block_no": "0402",
        "station_class": "a",
        "record_rank_url": "https://www.data.jma.go.jp/stats/etrn/view/rank_a.php?prec_no=48&block_no=0402&year=&month=07&day=&view=p1"
      }
    },
    {
      "type": "Feature",
      "geometry": {
        "type": "Point",
        "coordinates": [
          137.881667,
          36.343333
        ]
      },
      "properties": {
        "amedas_code": "48296",
        "name": "穂高",
        "name_kana": "ホタカ",
        "name_en": "Hotaka",
        "altitude_m": 540.0,
        "record_value": 12.0,
        "record_date": "1993-07-04",
        "record_status": "success",
        "prec_no": "48",
        "block_no": "0404",
        "station_class": "a",
        "record_rank_url": "https://www.data.jma.go.jp/stats/etrn/view/rank_a.php?prec_no=48&block_no=0404&year=&month=07&day=&view=p1"
      }
    },
    {
      "type": "Feature",
      "geometry": {
        "type": "Point",
        "coordinates": [
          138.383333,
          36.383333
        ]
      },
      "properties": {
        "amedas_code": "48321",
        "name": "東御",
        "name_kana": "トウミ",
        "name_en": "Tomi",
        "altitude_m": 958.0,
        "record_value": 8.3,
        "record_date": "1982-07-03",
        "record_status": "success",
        "prec_no": "48",
        "block_no": "0993",
        "station_class": "a",
        "record_rank_url": "https://www.data.jma.go.jp/stats/etrn/view/rank_a.php?prec_no=48&block_no=0993&year=&month=07&day=&view=p1"
      }
    },
    {
      "type": "Feature",
      "geometry": {
        "type": "Point",
        "coordinates": [
          138.546667,
          36.341667
        ]
      },
      "properties": {
        "amedas_code": "48331",
        "name": "軽井沢",
        "name_kana": "カルイザワ",
        "name_en": "Karuizawa",
        "altitude_m": 999.0,
        "record_value": 5.0,
        "record_date": "1976-07-03",
        "record_status": "success",
        "prec_no": "48",
        "block_no": "47622",
        "station_class": "s",
        "record_rank_url": "https://www.data.jma.go.jp/stats/etrn/view/rank_s.php?prec_no=48&block_no=47622&year=&month=07&day=&view=p1"
      }
    },
    {
      "type": "Feature",
      "geometry": {
        "type": "Point",
        "coordinates": [
          137.97,
          36.246667
        ]
      },
      "properties": {
        "amedas_code": "48361",
        "name": "松本",
        "name_kana": "マツモト",
        "name_en": "Matsumoto",
        "altitude_m": 610.0,
        "record_value": 10.2,
        "record_date": "1945-07-10",
        "record_status": "success",
        "prec_no": "48",
        "block_no": "47618",
        "station_class": "s",
        "record_rank_url": "https://www.data.jma.go.jp/stats/etrn/view/rank_s.php?prec_no=48&block_no=47618&year=&month=07&day=&view=p1"
      }
    },
    {
      "type": "Feature",
      "geometry": {
        "type": "Point",
        "coordinates": [
          137.921667,
          36.166667
        ]
      },
      "properties": {
        "amedas_code": "48363",
        "name": "松本今井",
        "name_kana": "マツモトイマイ：松本空港",
        "name_en": "Matsumoto-Imai",
        "altitude_m": 658.0,
        "record_value": 11.9,
        "record_date": "2008-07-02",
        "record_status": "success",
        "prec_no": "48",
        "block_no": "1529",
        "station_class": "a",
        "record_rank_url": "https://www.data.jma.go.jp/stats/etrn/view/rank_a.php?prec_no=48&block_no=1529&year=&month=07&day=&view=p1"
      }
    },
    {
      "type": "Feature",
      "geometry": {
        "type": "Point",
        "coordinates": [
          138.313333,
          36.271667
        ]
      },
      "properties": {
        "amedas_code": "48381",
        "name": "立科",
        "name_kana": "タテシナ",
        "name_en": "Tateshina",
        "altitude_m": 715.0,
        "record_value": 9.6,
        "record_date": "1982-07-03",
        "record_status": "success",
        "prec_no": "48",
        "block_no": "1300",
        "station_class": "a",
        "record_rank_url": "https://www.data.jma.go.jp/stats/etrn/view/rank_a.php?prec_no=48&block_no=1300&year=&month=07&day=&view=p1"
      }
    },
    {
      "type": "Feature",
      "geometry": {
        "type": "Point",
        "coordinates": [
          138.476667,
          36.246667
        ]
      },
      "properties": {
        "amedas_code": "48386",
        "name": "佐久",
        "name_kana": "サク",
        "name_en": "Saku",
        "altitude_m": 683.0,
        "record_value": 8.8,
        "record_date": "1982-07-03",
        "record_status": "success",
        "prec_no": "48",
        "block_no": "0408",
        "station_class": "a",
        "record_rank_url": "https://www.data.jma.go.jp/stats/etrn/view/rank_a.php?prec_no=48&block_no=0408&year=&month=07&day=&view=p1"
      }
    },
    {
      "type": "Feature",
      "geometry": {
        "type": "Point",
        "coordinates": [
          137.683333,
          36.088333
        ]
      },
      "properties": {
        "amedas_code": "48466",
        "name": "奈川",
        "name_kana": "ナガワ",
        "name_en": "Nagawa",
        "altitude_m": 1068.0,
        "record_value": 6.6,
        "record_date": "1979-07-05",
        "record_status": "success",
        "prec_no": "48",
        "block_no": "1312",
        "station_class": "a",
        "record_rank_url": "https://www.data.jma.go.jp/stats/etrn/view/rank_a.php?prec_no=48&block_no=1312&year=&month=07&day=&view=p1"
      }
    },
    {
      "type": "Feature",
      "geometry": {
        "type": "Point",
        "coordinates": [
          138.108333,
          36.045
        ]
      },
      "properties": {
        "amedas_code": "48491",
        "name": "諏訪",
        "name_kana": "スワ",
        "name_en": "Suwa",
        "altitude_m": 760.0,
        "record_value": 10.3,
        "record_date": "1945-07-10",
        "record_status": "success",
        "prec_no": "48",
        "block_no": "47620",
        "station_class": "s",
        "record_rank_url": "https://www.data.jma.go.jp/stats/etrn/view/rank_s.php?prec_no=48&block_no=47620&year=&month=07&day=&view=p1"
      }
    },
    {
      "type": "Feature",
      "geometry": {
        "type": "Point",
        "coordinates": [
          137.601667,
          35.938333
        ]
      },
      "properties": {
        "amedas_code": "48531",
        "name": "開田高原",
        "name_kana": "カイダコウゲン",
        "name_en": "Kaida Highlands",
        "altitude_m": 1130.0,
        "record_value": 5.1,
        "record_date": "1979-07-05",
        "record_status": "success",
        "prec_no": "48",
        "block_no": "1314",
        "station_class": "a",
        "record_rank_url": "https://www.data.jma.go.jp/stats/etrn/view/rank_a.php?prec_no=48&block_no=1314&year=&month=07&day=&view=p1"
      }
    },
    {
      "type": "Feature",
      "geometry": {
        "type": "Point",
        "coordinates": [
          137.786667,
          35.936667
        ]
      },
      "properties": {
        "amedas_code": "48536",
        "name": "木祖薮原",
        "name_kana": "キソヤブハラ",
        "name_en": "Kiso-Yabuhara",
        "altitude_m": 985.0,
        "record_value": 11.6,
        "record_date": "2023-07-07",
        "record_status": "success",
        "prec_no": "48",
        "block_no": "1666",
        "station_class": "a",
        "record_rank_url": "https://www.data.jma.go.jp/stats/etrn/view/rank_a.php?prec_no=48&block_no=1666&year=&month=07&day=&view=p1"
      }
    },
    {
      "type": "Feature",
      "geometry": {
        "type": "Point",
        "coordinates": [
          137.983333,
          35.983333
        ]
      },
      "properties": {
        "amedas_code": "48546",
        "name": "辰野",
        "name_kana": "タツノ",
        "name_en": "Tatsuno",
        "altitude_m": 732.0,
        "record_value": 11.5,
        "record_date": "1979-07-05",
        "record_status": "success",
        "prec_no": "48",
        "block_no": "1319",
        "station_class": "a",
        "record_rank_url": "https://www.data.jma.go.jp/stats/etrn/view/rank_a.php?prec_no=48&block_no=1319&year=&month=07&day=&view=p1"
      }
    },
    {
      "type": "Feature",
      "geometry": {
        "type": "Point",
        "coordinates": [
          138.22,
          35.97
        ]
      },
      "properties": {
        "amedas_code": "48561",
        "name": "原村",
        "name_kana": "ハラムラ",
        "name_en": "Haramura",
        "altitude_m": 1017.0,
        "record_value": 9.5,
        "record_date": "1993-07-04",
        "record_status": "success",
        "prec_no": "48",
        "block_no": "0414",
        "station_class": "a",
        "record_rank_url": "https://www.data.jma.go.jp/stats/etrn/view/rank_a.php?prec_no=48&block_no=0414&year=&month=07&day=&view=p1"
      }
    },
    {
      "type": "Feature",
      "geometry": {
        "type": "Point",
        "coordinates": [
          138.471667,
          35.948333
        ]
      },
      "properties": {
        "amedas_code": "48571",
        "name": "野辺山",
        "name_kana": "ノベヤマ",
        "name_en": "Nobeyama",
        "altitude_m": 1350.0,
        "record_value": 4.8,
        "record_date": "1982-07-03",
        "record_status": "success",
        "prec_no": "48",
        "block_no": "0415",
        "station_class": "a",
        "record_rank_url": "https://www.data.jma.go.jp/stats/etrn/view/rank_a.php?prec_no=48&block_no=0415&year=&month=07&day=&view=p1"
      }
    },
    {
      "type": "Feature",
      "geometry": {
        "type": "Point",
        "coordinates": [
          137.688333,
          35.84
        ]
      },
      "properties": {
        "amedas_code": "48606",
        "name": "木曽福島",
        "name_kana": "キソフクシマ",
        "name_en": "Kiso-Fukushima",
        "altitude_m": 750.0,
        "record_value": 9.9,
        "record_date": "1993-07-04",
        "record_status": "success",
        "prec_no": "48",
        "block_no": "0417",
        "station_class": "a",
        "record_rank_url": "https://www.data.jma.go.jp/stats/etrn/view/rank_a.php?prec_no=48&block_no=0417&year=&month=07&day=&view=p1"
      }
    },
    {
      "type": "Feature",
      "geometry": {
        "type": "Point",
        "coordinates": [
          137.955,
          35.825
        ]
      },
      "properties": {
        "amedas_code": "48621",
        "name": "伊那",
        "name_kana": "イナ",
        "name_en": "Ina",
        "altitude_m": 633.0,
        "record_value": 12.3,
        "record_date": "1993-07-04",
        "record_status": "success",
        "prec_no": "48",
        "block_no": "1445",
        "station_class": "a",
        "record_rank_url": "https://www.data.jma.go.jp/stats/etrn/view/rank_a.php?prec_no=48&block_no=1445&year=&month=07&day=&view=p1"
      }
    },
    {
      "type": "Feature",
      "geometry": {
        "type": "Point",
        "coordinates": [
          137.62,
          35.61
        ]
      },
      "properties": {
        "amedas_code": "48717",
        "name": "南木曽",
        "name_kana": "ナギソ",
        "name_en": "Nagiso",
        "altitude_m": 560.0,
        "record_value": 11.8,
        "record_date": "1988-07-02",
        "record_status": "success",
        "prec_no": "48",
        "block_no": "1022",
        "station_class": "a",
        "record_rank_url": "https://www.data.jma.go.jp/stats/etrn/view/rank_a.php?prec_no=48&block_no=1022&year=&month=07&day=&view=p1"
      }
    },
    {
      "type": "Feature",
      "geometry": {
        "type": "Point",
        "coordinates": [
          137.898333,
          35.653333
        ]
      },
      "properties": {
        "amedas_code": "48731",
        "name": "飯島",
        "name_kana": "イイジマ",
        "name_en": "Iijima",
        "altitude_m": 728.0,
        "record_value": 11.7,
        "record_date": "1979-07-05",
        "record_status": "success",
        "prec_no": "48",
        "block_no": "0424",
        "station_class": "a",
        "record_rank_url": "https://www.data.jma.go.jp/stats/etrn/view/rank_a.php?prec_no=48&block_no=0424&year=&month=07&day=&view=p1"
      }
    },
    {
      "type": "Feature",
      "geometry": {
        "type": "Point",
        "coordinates": [
          137.821667,
          35.523333
        ]
      },
      "properties": {
        "amedas_code": "48767",
        "name": "飯田",
        "name_kana": "イイダ",
        "name_en": "Iida",
        "altitude_m": 516.0,
        "record_value": 10.1,
        "record_date": "1903-07-03",
        "record_status": "success",
        "prec_no": "48",
        "block_no": "47637",
        "station_class": "s",
        "record_rank_url": "https://www.data.jma.go.jp/stats/etrn/view/rank_s.php?prec_no=48&block_no=47637&year=&month=07&day=&view=p1"
      }
    },
    {
      "type": "Feature",
      "geometry": {
        "type": "Point",
        "coordinates": [
          137.691667,
          35.373333
        ]
      },
      "properties": {
        "amedas_code": "48826",
        "name": "浪合",
        "name_kana": "ナミアイ",
        "name_en": "Namiai",
        "altitude_m": 940.0,
        "record_value": 8.6,
        "record_date": "1979-07-05",
        "record_status": "success",
        "prec_no": "48",
        "block_no": "1317",
        "station_class": "a",
        "record_rank_url": "https://www.data.jma.go.jp/stats/etrn/view/rank_a.php?prec_no=48&block_no=1317&year=&month=07&day=&view=p1"
      }
    },
    {
      "type": "Feature",
      "geometry": {
        "type": "Point",
        "coordinates": [
          137.931667,
          35.321667
        ]
      },
      "properties": {
        "amedas_code": "48841",
        "name": "南信濃",
        "name_kana": "ミナミシナノ",
        "name_en": "Minami-Shinano",
        "altitude_m": 407.0,
        "record_value": 12.9,
        "record_date": "1979-07-05",
        "record_status": "success",
        "prec_no": "48",
        "block_no": "1323",
        "station_class": "a",
        "record_rank_url": "https://www.data.jma.go.jp/stats/etrn/view/rank_a.php?prec_no=48&block_no=1323&year=&month=07&day=&view=p1"
      }
    },
    {
      "type": "Feature",
      "geometry": {
        "type": "Point",
        "coordinates": [
          138.386667,
          35.861667
        ]
      },
      "properties": {
        "amedas_code": "49036",
        "name": "大泉",
        "name_kana": "オオイズミ",
        "name_en": "Oizumi",
        "altitude_m": 867.0,
        "record_value": 10.2,
        "record_date": "1982-07-03",
        "record_status": "success",
        "prec_no": "49",
        "block_no": "1023",
        "station_class": "a",
        "record_rank_url": "https://www.data.jma.go.jp/stats/etrn/view/rank_a.php?prec_no=49&block_no=1023&year=&month=07&day=&view=p1"
      }
    },
    {
      "type": "Feature",
      "geometry": {
        "type": "Point",
        "coordinates": [
          138.448333,
          35.693333
        ]
      },
      "properties": {
        "amedas_code": "49086",
        "name": "韮崎",
        "name_kana": "ニラサキ",
        "name_en": "Nirasaki",
        "altitude_m": 341.0,
        "record_value": 14.6,
        "record_date": "1999-07-09",
        "record_status": "success",
        "prec_no": "49",
        "block_no": "1024",
        "station_class": "a",
        "record_rank_url": "https://www.data.jma.go.jp/stats/etrn/view/rank_a.php?prec_no=49&block_no=1024&year=&month=07&day=&view=p1"
      }
    },
    {
      "type": "Feature",
      "geometry": {
        "type": "Point",
        "coordinates": [
          138.553333,
          35.666667
        ]
      },
      "properties": {
        "amedas_code": "49142",
        "name": "甲府",
        "name_kana": "コウフ",
        "name_en": "Kofu",
        "altitude_m": 273.0,
        "record_value": 12.6,
        "record_date": "1976-07-03",
        "record_status": "success",
        "prec_no": "49",
        "block_no": "47638",
        "station_class": "s",
        "record_rank_url": "https://www.data.jma.go.jp/stats/etrn/view/rank_s.php?prec_no=49&block_no=47638&year=&month=07&day=&view=p1"
      }
    },
    {
      "type": "Feature",
      "geometry": {
        "type": "Point",
        "coordinates": [
          138.725,
          35.663333
        ]
      },
      "properties": {
        "amedas_code": "49151",
        "name": "勝沼",
        "name_kana": "カツヌマ",
        "name_en": "Katsunuma",
        "altitude_m": 394.0,
        "record_value": 13.3,
        "record_date": "1999-07-09",
        "record_status": "success",
        "prec_no": "49",
        "block_no": "0433",
        "station_class": "a",
        "record_rank_url": "https://www.data.jma.go.jp/stats/etrn/view/rank_a.php?prec_no=49&block_no=0433&year=&month=07&day=&view=p1"
      }
    },
    {
      "type": "Feature",
      "geometry": {
        "type": "Point",
        "coordinates": [
          138.938333,
          35.608333
        ]
      },
      "properties": {
        "amedas_code": "49161",
        "name": "大月",
        "name_kana": "オオツキ",
        "name_en": "Otsuki",
        "altitude_m": 364.0,
        "record_value": 12.6,
        "record_date": "1982-07-01",
        "record_status": "success",
        "prec_no": "49",
        "block_no": "0434",
        "station_class": "a",
        "record_rank_url": "https://www.data.jma.go.jp/stats/etrn/view/rank_a.php?prec_no=49&block_no=0434&year=&month=07&day=&view=p1"
      }
    },
    {
      "type": "Feature",
      "geometry": {
        "type": "Point",
        "coordinates": [
          138.615,
          35.528333
        ]
      },
      "properties": {
        "amedas_code": "49196",
        "name": "古関",
        "name_kana": "フルセキ",
        "name_en": "Furuseki",
        "altitude_m": 552.0,
        "record_value": 11.6,
        "record_date": "1999-07-09",
        "record_status": "success",
        "prec_no": "49",
        "block_no": "0436",
        "station_class": "a",
        "record_rank_url": "https://www.data.jma.go.jp/stats/etrn/view/rank_a.php?prec_no=49&block_no=0436&year=&month=07&day=&view=p1"
      }
    },
    {
      "type": "Feature",
      "geometry": {
        "type": "Point",
        "coordinates": [
          138.441667,
          35.466667
        ]
      },
      "properties": {
        "amedas_code": "49236",
        "name": "切石",
        "name_kana": "キリイシ",
        "name_en": "Kiriishi",
        "altitude_m": 226.0,
        "record_value": 14.4,
        "record_date": "1993-07-04",
        "record_status": "success",
        "prec_no": "49",
        "block_no": "1234",
        "station_class": "a",
        "record_rank_url": "https://www.data.jma.go.jp/stats/etrn/view/rank_a.php?prec_no=49&block_no=1234&year=&month=07&day=&view=p1"
      }
    },
    {
      "type": "Feature",
      "geometry": {
        "type": "Point",
        "coordinates": [
          138.76,
          35.5
        ]
      },
      "properties": {
        "amedas_code": "49251",
        "name": "河口湖",
        "name_kana": "カワグチコ",
        "name_en": "Lake Kawaguchi",
        "altitude_m": 860.0,
        "record_value": 4.2,
        "record_date": "1976-07-03",
        "record_status": "success",
        "prec_no": "49",
        "block_no": "47640",
        "station_class": "s",
        "record_rank_url": "https://www.data.jma.go.jp/stats/etrn/view/rank_s.php?prec_no=49&block_no=47640&year=&month=07&day=&view=p1"
      }
    },
    {
      "type": "Feature",
      "geometry": {
        "type": "Point",
        "coordinates": [
          138.836667,
          35.436667
        ]
      },
      "properties": {
        "amedas_code": "49256",
        "name": "山中",
        "name_kana": "ヤマナカ",
        "name_en": "Yamanaka",
        "altitude_m": 992.0,
        "record_value": 8.4,
        "record_date": "1999-07-08",
        "record_status": "success",
        "prec_no": "49",
        "block_no": "0438",
        "station_class": "a",
        "record_rank_url": "https://www.data.jma.go.jp/stats/etrn/view/rank_a.php?prec_no=49&block_no=0438&year=&month=07&day=&view=p1"
      }
    },
    {
      "type": "Feature",
      "geometry": {
        "type": "Point",
        "coordinates": [
          138.445,
          35.288333
        ]
      },
      "properties": {
        "amedas_code": "49316",
        "name": "南部",
        "name_kana": "ナンブ",
        "name_en": "Nanbu",
        "altitude_m": 141.0,
        "record_value": 14.5,
        "record_date": "1982-07-03",
        "record_status": "success",
        "prec_no": "49",
        "block_no": "0439",
        "station_class": "a",
        "record_rank_url": "https://www.data.jma.go.jp/stats/etrn/view/rank_a.php?prec_no=49&block_no=0439&year=&month=07&day=&view=p1"
      }
    },
    {
      "type": "Feature",
      "geometry": {
        "type": "Point",
        "coordinates": [
          138.726667,
          35.36
        ]
      },
      "properties": {
        "amedas_code": "50066",
        "name": "富士山",
        "name_kana": "フジサン",
        "name_en": "Mt. Fuji",
        "altitude_m": 3775.0,
        "record_value": -6.9,
        "record_date": "1966-07-04",
        "record_status": "success",
        "prec_no": "50",
        "block_no": "47639",
        "station_class": "s",
        "record_rank_url": "https://www.data.jma.go.jp/stats/etrn/view/rank_s.php?prec_no=50&block_no=47639&year=&month=07&day=&view=p1"
      }
    },
    {
      "type": "Feature",
      "geometry": {
        "type": "Point",
        "coordinates": [
          138.221667,
          35.216667
        ]
      },
      "properties": {
        "amedas_code": "50106",
        "name": "井川",
        "name_kana": "イカワ",
        "name_en": "Ikawa",
        "altitude_m": 755.0,
        "record_value": 11.7,
        "record_date": "1999-07-02",
        "record_status": "success",
        "prec_no": "50",
        "block_no": "1338",
        "station_class": "a",
        "record_rank_url": "https://www.data.jma.go.jp/stats/etrn/view/rank_a.php?prec_no=50&block_no=1338&year=&month=07&day=&view=p1"
      }
    },
    {
      "type": "Feature",
      "geometry": {
        "type": "Point",
        "coordinates": [
          138.926667,
          35.305
        ]
      },
      "properties": {
        "amedas_code": "50136",
        "name": "御殿場",
        "name_kana": "ゴテンバ",
        "name_en": "Gotenba",
        "altitude_m": 472.0,
        "record_value": 11.3,
        "record_date": "1982-07-03",
        "record_status": "success",
        "prec_no": "50",
        "block_no": "0441",
        "station_class": "a",
        "record_rank_url": "https://www.data.jma.go.jp/stats/etrn/view/rank_a.php?prec_no=50&block_no=0441&year=&month=07&day=&view=p1"
      }
    },
    {
      "type": "Feature",
      "geometry": {
        "type": "Point",
        "coordinates": [
          138.663333,
          35.185
        ]
      },
      "properties": {
        "amedas_code": "50196",
        "name": "富士",
        "name_kana": "フジ",
        "name_en": "Fuji",
        "altitude_m": 66.0,
        "record_value": 14.1,
        "record_date": "1982-07-03",
        "record_status": "success",
        "prec_no": "50",
        "block_no": "0442",
        "station_class": "a",
        "record_rank_url": "https://www.data.jma.go.jp/stats/etrn/view/rank_a.php?prec_no=50&block_no=0442&year=&month=07&day=&view=p1"
      }
    },
    {
      "type": "Feature",
      "geometry": {
        "type": "Point",
        "coordinates": [
          138.925,
          35.113333
        ]
      },
      "properties": {
        "amedas_code": "50206",
        "name": "三島",
        "name_kana": "ミシマ",
        "name_en": "Mishima",
        "altitude_m": 21.0,
        "record_value": 11.6,
        "record_date": "1976-07-02",
        "record_status": "success",
        "prec_no": "50",
        "block_no": "47657",
        "station_class": "s",
        "record_rank_url": "https://www.data.jma.go.jp/stats/etrn/view/rank_s.php?prec_no=50&block_no=47657&year=&month=07&day=&view=p1"
      }
    },
    {
      "type": "Feature",
      "geometry": {
        "type": "Point",
        "coordinates": [
          137.761667,
          35.056667
        ]
      },
      "properties": {
        "amedas_code": "50226",
        "name": "佐久間",
        "name_kana": "サクマ",
        "name_en": "Sakuma",
        "altitude_m": 150.0,
        "record_value": 15.3,
        "record_date": "1982-07-04",
        "record_status": "success",
        "prec_no": "50",
        "block_no": "0986",
        "station_class": "a",
        "record_rank_url": "https://www.data.jma.go.jp/stats/etrn/view/rank_a.php?prec_no=50&block_no=0986&year=&month=07&day=&view=p1"
      }
    },
    {
      "type": "Feature",
      "geometry": {
        "type": "Point",
        "coordinates": [
          138.128333,
          35.101667
        ]
      },
      "properties": {
        "amedas_code": "50241",
        "name": "川根本町",
        "name_kana": "カワネホンチョウ",
        "name_en": "Kawane-Honcho",
        "altitude_m": 290.0,
        "record_value": 12.9,
        "record_date": "1982-07-04",
        "record_status": "success",
        "prec_no": "50",
        "block_no": "0445",
        "station_class": "a",
        "record_rank_url": "https://www.data.jma.go.jp/stats/etrn/view/rank_a.php?prec_no=50&block_no=0445&year=&month=07&day=&view=p1"
      }
    },
    {
      "type": "Feature",
      "geometry": {
        "type": "Point",
        "coordinates": [
          138.521667,
          35.053333
        ]
      },
      "properties": {
        "amedas_code": "50261",
        "name": "清水",
        "name_kana": "シミズ",
        "name_en": "Shimizu",
        "altitude_m": 3.0,
        "record_value": 16.3,
        "record_date": "1989-07-03",
        "record_status": "success",
        "prec_no": "50",
        "block_no": "1243",
        "station_class": "a",
        "record_rank_url": "https://www.data.jma.go.jp/stats/etrn/view/rank_a.php?prec_no=50&block_no=1243&year=&month=07&day=&view=p1"
      }
    },
    {
      "type": "Feature",
      "geometry": {
        "type": "Point",
        "coordinates": [
          139.091667,
          35.045
        ]
      },
      "properties": {
        "amedas_code": "50281",
        "name": "網代",
        "name_kana": "アジロ",
        "name_en": "Ajiro",
        "altitude_m": 67.0,
        "record_value": 13.5,
        "record_date": "1976-07-02",
        "record_status": "success",
        "prec_no": "50",
        "block_no": "47668",
        "station_class": "s",
        "record_rank_url": "https://www.data.jma.go.jp/stats/etrn/view/rank_s.php?prec_no=50&block_no=47668&year=&month=07&day=&view=p1"
      }
    },
    {
      "type": "Feature",
      "geometry": {
        "type": "Point",
        "coordinates": [
          138.403333,
          34.975
        ]
      },
      "properties": {
        "amedas_code": "50331",
        "name": "静岡",
        "name_kana": "シズオカ",
        "name_en": "Shizuoka",
        "altitude_m": 14.0,
        "record_value": 15.4,
        "record_date": "1976-07-03",
        "record_status": "success",
        "prec_no": "50",
        "block_no": "47656",
        "station_class": "s",
        "record_rank_url": "https://www.data.jma.go.jp/stats/etrn/view/rank_s.php?prec_no=50&block_no=47656&year=&month=07&day=&view=p1"
      }
    },
    {
      "type": "Feature",
      "geometry": {
        "type": "Point",
        "coordinates": [
          137.813333,
          34.89
        ]
      },
      "properties": {
        "amedas_code": "50386",
        "name": "天竜",
        "name_kana": "テンリュウ",
        "name_en": "Tenryu",
        "altitude_m": 61.0,
        "record_value": 15.6,
        "record_date": "1982-07-04",
        "record_status": "success",
        "prec_no": "50",
        "block_no": "0451",
        "station_class": "a",
        "record_rank_url": "https://www.data.jma.go.jp/stats/etrn/view/rank_a.php?prec_no=50&block_no=0451&year=&month=07&day=&view=p1"
      }
    },
    {
      "type": "Feature",
      "geometry": {
        "type": "Point",
        "coordinates": [
          137.711667,
          34.753333
        ]
      },
      "properties": {
        "amedas_code": "50456",
        "name": "浜松",
        "name_kana": "ハママツ",
        "name_en": "Hamamatsu",
        "altitude_m": 46.0,
        "record_value": 15.3,
        "record_date": "1966-07-04",
        "record_status": "success",
        "prec_no": "50",
        "block_no": "47654",
        "station_class": "s",
        "record_rank_url": "https://www.data.jma.go.jp/stats/etrn/view/rank_s.php?prec_no=50&block_no=47654&year=&month=07&day=&view=p1"
      }
    },
    {
      "type": "Feature",
      "geometry": {
        "type": "Point",
        "coordinates": [
          138.138333,
          34.785
        ]
      },
      "properties": {
        "amedas_code": "50476",
        "name": "菊川牧之原",
        "name_kana": "キクガワマキノハラ",
        "name_en": "Kikugawa-Makinohara",
        "altitude_m": 191.0,
        "record_value": 15.0,
        "record_date": "1982-07-03",
        "record_status": "success",
        "prec_no": "50",
        "block_no": "1335",
        "station_class": "a",
        "record_rank_url": "https://www.data.jma.go.jp/stats/etrn/view/rank_a.php?prec_no=50&block_no=1335&year=&month=07&day=&view=p1"
      }
    },
    {
      "type": "Feature",
      "geometry": {
        "type": "Point",
        "coordinates": [
          138.188333,
          34.795
        ]
      },
      "properties": {
        "amedas_code": "50477",
        "name": "静岡空港",
        "name_kana": "シズオカクウコウ：静岡空港",
        "name_en": "Shizuoka Airport",
        "altitude_m": 132.0,
        "record_value": 17.4,
        "record_date": "2019-07-11",
        "record_status": "success",
        "prec_no": "50",
        "block_no": "1601",
        "station_class": "a",
        "record_rank_url": "https://www.data.jma.go.jp/stats/etrn/view/rank_a.php?prec_no=50&block_no=1601&year=&month=07&day=&view=p1"
      }
    },
    {
      "type": "Feature",
      "geometry": {
        "type": "Point",
        "coordinates": [
          138.783333,
          34.755
        ]
      },
      "properties": {
        "amedas_code": "50491",
        "name": "松崎",
        "name_kana": "マツザキ",
        "name_en": "Matsuzaki",
        "altitude_m": 4.0,
        "record_value": 12.5,
        "record_date": "1982-07-03",
        "record_status": "success",
        "prec_no": "50",
        "block_no": "0456",
        "station_class": "a",
        "record_rank_url": "https://www.data.jma.go.jp/stats/etrn/view/rank_a.php?prec_no=50&block_no=0456&year=&month=07&day=&view=p1"
      }
    },
    {
      "type": "Feature",
      "geometry": {
        "type": "Point",
        "coordinates": [
          139.048333,
          34.781667
        ]
      },
      "properties": {
        "amedas_code": "50506",
        "name": "稲取",
        "name_kana": "イナトリ",
        "name_en": "Inatori",
        "altitude_m": 130.0,
        "record_value": 14.7,
        "record_date": "1983-07-13",
        "record_status": "success",
        "prec_no": "50",
        "block_no": "0457",
        "station_class": "a",
        "record_rank_url": "https://www.data.jma.go.jp/stats/etrn/view/rank_a.php?prec_no=50&block_no=0457&year=&month=07&day=&view=p1"
      }
    },
    {
      "type": "Feature",
      "geometry": {
        "type": "Point",
        "coordinates": [
          137.88,
          34.691667
        ]
      },
      "properties": {
        "amedas_code": "50536",
        "name": "磐田",
        "name_kana": "イワタ",
        "name_en": "Iwata",
        "altitude_m": 1.0,
        "record_value": 16.6,
        "record_date": "1989-07-02",
        "record_status": "success",
        "prec_no": "50",
        "block_no": "1244",
        "station_class": "a",
        "record_rank_url": "https://www.data.jma.go.jp/stats/etrn/view/rank_a.php?prec_no=50&block_no=1244&year=&month=07&day=&view=p1"
      }
    },
    {
      "type": "Feature",
      "geometry": {
        "type": "Point",
        "coordinates": [
          138.213333,
          34.603333
        ]
      },
      "properties": {
        "amedas_code": "50551",
        "name": "御前崎",
        "name_kana": "オマエザキ",
        "name_en": "Omaezaki",
        "altitude_m": 45.0,
        "record_value": 15.2,
        "record_date": "1945-07-08",
        "record_status": "success",
        "prec_no": "50",
        "block_no": "47655",
        "station_class": "s",
        "record_rank_url": "https://www.data.jma.go.jp/stats/etrn/view/rank_s.php?prec_no=50&block_no=47655&year=&month=07&day=&view=p1"
      }
    },
    {
      "type": "Feature",
      "geometry": {
        "type": "Point",
        "coordinates": [
          138.841667,
          34.603333
        ]
      },
      "properties": {
        "amedas_code": "50561",
        "name": "石廊崎",
        "name_kana": "イロウザキ",
        "name_en": "Irozaki",
        "altitude_m": 52.0,
        "record_value": 14.8,
        "record_date": "1976-07-03",
        "record_status": "success",
        "prec_no": "50",
        "block_no": "47666",
        "station_class": "s",
        "record_rank_url": "https://www.data.jma.go.jp/stats/etrn/view/rank_s.php?prec_no=50&block_no=47666&year=&month=07&day=&view=p1"
      }
    },
    {
      "type": "Feature",
      "geometry": {
        "type": "Point",
        "coordinates": [
          136.698333,
          35.216667
        ]
      },
      "properties": {
        "amedas_code": "51031",
        "name": "愛西",
        "name_kana": "アイサイ",
        "name_en": "Aisai",
        "altitude_m": 5.0,
        "record_value": 16.2,
        "record_date": "1979-07-06",
        "record_status": "success",
        "prec_no": "51",
        "block_no": "1346",
        "station_class": "a",
        "record_rank_url": "https://www.data.jma.go.jp/stats/etrn/view/rank_a.php?prec_no=51&block_no=1346&year=&month=07&day=&view=p1"
      }
    },
    {
      "type": "Feature",
      "geometry": {
        "type": "Point",
        "coordinates": [
          137.506667,
          35.211667
        ]
      },
      "properties": {
        "amedas_code": "51071",
        "name": "稲武",
        "name_kana": "イナブ",
        "name_en": "Inabu",
        "altitude_m": 505.0,
        "record_value": 11.3,
        "record_date": "1988-07-02",
        "record_status": "success",
        "prec_no": "51",
        "block_no": "0982",
        "station_class": "a",
        "record_rank_url": "https://www.data.jma.go.jp/stats/etrn/view/rank_a.php?prec_no=51&block_no=0982&year=&month=07&day=&view=p1"
      }
    },
    {
      "type": "Feature",
      "geometry": {
        "type": "Point",
        "coordinates": [
          136.965,
          35.166667
        ]
      },
      "properties": {
        "amedas_code": "51106",
        "name": "名古屋",
        "name_kana": "ナゴヤ",
        "name_en": "Nagoya",
        "altitude_m": 51.0,
        "record_value": 14.0,
        "record_date": "1908-07-04",
        "record_status": "success",
        "prec_no": "51",
        "block_no": "47636",
        "station_class": "s",
        "record_rank_url": "https://www.data.jma.go.jp/stats/etrn/view/rank_s.php?prec_no=51&block_no=47636&year=&month=07&day=&view=p1"
      }
    },
    {
      "type": "Feature",
      "geometry": {
        "type": "Point",
        "coordinates": [
          137.176667,
          35.131667
        ]
      },
      "properties": {
        "amedas_code": "51116",
        "name": "豊田",
        "name_kana": "トヨタ",
        "name_en": "Toyota",
        "altitude_m": 75.0,
        "record_value": 14.7,
        "record_date": "1988-07-02",
        "record_status": "success",
        "prec_no": "51",
        "block_no": "0464",
        "station_class": "a",
        "record_rank_url": "https://www.data.jma.go.jp/stats/etrn/view/rank_a.php?prec_no=51&block_no=0464&year=&month=07&day=&view=p1"
      }
    },
    {
      "type": "Feature",
      "geometry": {
        "type": "Point",
        "coordinates": [
          136.943333,
          34.995
        ]
      },
      "properties": {
        "amedas_code": "51216",
        "name": "大府",
        "name_kana": "オオブ",
        "name_en": "Obu",
        "altitude_m": 32.0,
        "record_value": 18.7,
        "record_date": "2015-07-01",
        "record_status": "success",
        "prec_no": "51",
        "block_no": "1638",
        "station_class": "a",
        "record_rank_url": "https://www.data.jma.go.jp/stats/etrn/view/rank_a.php?prec_no=51&block_no=1638&year=&month=07&day=&view=p1"
      }
    },
    {
      "type": "Feature",
      "geometry": {
        "type": "Point",
        "coordinates": [
          137.193333,
          34.918333
        ]
      },
      "properties": {
        "amedas_code": "51226",
        "name": "岡崎",
        "name_kana": "オカザキ",
        "name_en": "Okazaki",
        "altitude_m": 47.0,
        "record_value": 15.1,
        "record_date": "1979-07-05",
        "record_status": "success",
        "prec_no": "51",
        "block_no": "0467",
        "station_class": "a",
        "record_rank_url": "https://www.data.jma.go.jp/stats/etrn/view/rank_a.php?prec_no=51&block_no=0467&year=&month=07&day=&view=p1"
      }
    },
    {
      "type": "Feature",
      "geometry": {
        "type": "Point",
        "coordinates": [
          137.518333,
          34.906667
        ]
      },
      "properties": {
        "amedas_code": "51247",
        "name": "新城",
        "name_kana": "シンシロ",
        "name_en": "Shinshiro",
        "altitude_m": 53.0,
        "record_value": 17.0,
        "record_date": "2013-07-02",
        "record_status": "success",
        "prec_no": "51",
        "block_no": "1541",
        "station_class": "a",
        "record_rank_url": "https://www.data.jma.go.jp/stats/etrn/view/rank_a.php?prec_no=51&block_no=1541&year=&month=07&day=&view=p1"
      }
    },
    {
      "type": "Feature",
      "geometry": {
        "type": "Point",
        "coordinates": [
          136.805,
          34.858333
        ]
      },
      "properties": {
        "amedas_code": "51261",
        "name": "セントレア",
        "name_kana": "セントレア：中部国際空港",
        "name_en": "Centrair",
        "altitude_m": 4.0,
        "record_value": 18.7,
        "record_date": "2015-07-01",
        "record_status": "success",
        "prec_no": "51",
        "block_no": "1555",
        "station_class": "a",
        "record_rank_url": "https://www.data.jma.go.jp/stats/etrn/view/rank_a.php?prec_no=51&block_no=1555&year=&month=07&day=&view=p1"
      }
    },
    {
      "type": "Feature",
      "geometry": {
        "type": "Point",
        "coordinates": [
          137.216667,
          34.845
        ]
      },
      "properties": {
        "amedas_code": "51281",
        "name": "蒲郡",
        "name_kana": "ガマゴオリ",
        "name_en": "Gamagori",
        "altitude_m": 55.0,
        "record_value": 16.5,
        "record_date": "1992-07-02",
        "record_status": "success",
        "prec_no": "51",
        "block_no": "1344",
        "station_class": "a",
        "record_rank_url": "https://www.data.jma.go.jp/stats/etrn/view/rank_a.php?prec_no=51&block_no=1344&year=&month=07&day=&view=p1"
      }
    },
    {
      "type": "Feature",
      "geometry": {
        "type": "Point",
        "coordinates": [
          136.938333,
          34.74
        ]
      },
      "properties": {
        "amedas_code": "51311",
        "name": "南知多",
        "name_kana": "ミナミチタ",
        "name_en": "Minamichita",
        "altitude_m": 16.0,
        "record_value": 14.6,
        "record_date": "1979-07-06",
        "record_status": "success",
        "prec_no": "51",
        "block_no": "0984",
        "station_class": "a",
        "record_rank_url": "https://www.data.jma.go.jp/stats/etrn/view/rank_a.php?prec_no=51&block_no=0984&year=&month=07&day=&view=p1"
      }
    },
    {
      "type": "Feature",
      "geometry": {
        "type": "Point",
        "coordinates": [
          137.341667,
          34.75
        ]
      },
      "properties": {
        "amedas_code": "51331",
        "name": "豊橋",
        "name_kana": "トヨハシ",
        "name_en": "Toyohashi",
        "altitude_m": 3.0,
        "record_value": 18.7,
        "record_date": "2015-07-01",
        "record_status": "success",
        "prec_no": "51",
        "block_no": "0470",
        "station_class": "a",
        "record_rank_url": "https://www.data.jma.go.jp/stats/etrn/view/rank_a.php?prec_no=51&block_no=0470&year=&month=07&day=&view=p1"
      }
    },
    {
      "type": "Feature",
      "geometry": {
        "type": "Point",
        "coordinates": [
          137.093333,
          34.628333
        ]
      },
      "properties": {
        "amedas_code": "51346",
        "name": "伊良湖",
        "name_kana": "イラコ",
        "name_en": "Irako",
        "altitude_m": 6.0,
        "record_value": 15.3,
        "record_date": "1976-07-04",
        "record_status": "success",
        "prec_no": "51",
        "block_no": "47653",
        "station_class": "s",
        "record_rank_url": "https://www.data.jma.go.jp/stats/etrn/view/rank_s.php?prec_no=51&block_no=47653&year=&month=07&day=&view=p1"
      }
    },
    {
      "type": "Feature",
      "geometry": {
        "type": "Point",
        "coordinates": [
          137.1,
          36.305
        ]
      },
      "properties": {
        "amedas_code": "52041",
        "name": "河合",
        "name_kana": "カワイ",
        "name_en": "Kawai",
        "altitude_m": 471.0,
        "record_value": 11.0,
        "record_date": "1979-07-06",
        "record_status": "success",
        "prec_no": "52",
        "block_no": "1308",
        "station_class": "a",
        "record_rank_url": "https://www.data.jma.go.jp/stats/etrn/view/rank_a.php?prec_no=52&block_no=1308&year=&month=07&day=&view=p1"
      }
    },
    {
      "type": "Feature",
      "geometry": {
        "type": "Point",
        "coordinates": [
          137.308333,
          36.321667
        ]
      },
      "properties": {
        "amedas_code": "52051",
        "name": "神岡",
        "name_kana": "カミオカ",
        "name_en": "Kamioka",
        "altitude_m": 455.0,
        "record_value": 11.0,
        "record_date": "1979-07-05",
        "record_status": "success",
        "prec_no": "52",
        "block_no": "0473",
        "station_class": "a",
        "record_rank_url": "https://www.data.jma.go.jp/stats/etrn/view/rank_a.php?prec_no=52&block_no=0473&year=&month=07&day=&view=p1"
      }
    },
    {
      "type": "Feature",
      "geometry": {
        "type": "Point",
        "coordinates": [
          136.896667,
          36.273333
        ]
      },
      "properties": {
        "amedas_code": "52081",
        "name": "白川",
        "name_kana": "シラカワ",
        "name_en": "Shirakawa",
        "altitude_m": 478.0,
        "record_value": 10.8,
        "record_date": "1979-07-06",
        "record_status": "success",
        "prec_no": "52",
        "block_no": "1306",
        "station_class": "a",
        "record_rank_url": "https://www.data.jma.go.jp/stats/etrn/view/rank_a.php?prec_no=52&block_no=1306&year=&month=07&day=&view=p1"
      }
    },
    {
      "type": "Feature",
      "geometry": {
        "type": "Point",
        "coordinates": [
          137.503333,
          36.248333
        ]
      },
      "properties": {
        "amedas_code": "52111",
        "name": "栃尾",
        "name_kana": "トチオ",
        "name_en": "Tochio",
        "altitude_m": 765.0,
        "record_value": 9.5,
        "record_date": "1979-07-05",
        "record_status": "success",
        "prec_no": "52",
        "block_no": "1061",
        "station_class": "a",
        "record_rank_url": "https://www.data.jma.go.jp/stats/etrn/view/rank_a.php?prec_no=52&block_no=1061&year=&month=07&day=&view=p1"
      }
    },
    {
      "type": "Feature",
      "geometry": {
        "type": "Point",
        "coordinates": [
          137.253333,
          36.155
        ]
      },
      "properties": {
        "amedas_code": "52146",
        "name": "高山",
        "name_kana": "タカヤマ",
        "name_en": "Takayama",
        "altitude_m": 560.0,
        "record_value": 8.1,
        "record_date": "1915-07-01",
        "record_status": "success",
        "prec_no": "52",
        "block_no": "47617",
        "station_class": "s",
        "record_rank_url": "https://www.data.jma.go.jp/stats/etrn/view/rank_s.php?prec_no=52&block_no=47617&year=&month=07&day=&view=p1"
      }
    },
    {
      "type": "Feature",
      "geometry": {
        "type": "Point",
        "coordinates": [
          137.035,
          36.06
        ]
      },
      "properties": {
        "amedas_code": "52181",
        "name": "六厩",
        "name_kana": "ムマヤ",
        "name_en": "Mumaya",
        "altitude_m": 1015.0,
        "record_value": 3.7,
        "record_date": "1979-07-06",
        "record_status": "success",
        "prec_no": "52",
        "block_no": "1305",
        "station_class": "a",
        "record_rank_url": "https://www.data.jma.go.jp/stats/etrn/view/rank_a.php?prec_no=52&block_no=1305&year=&month=07&day=&view=p1"
      }
    },
    {
      "type": "Feature",
      "geometry": {
        "type": "Point",
        "coordinates": [
          137.388333,
          36.015
        ]
      },
      "properties": {
        "amedas_code": "52196",
        "name": "宮之前",
        "name_kana": "ミヤノマエ",
        "name_en": "Miyanomae",
        "altitude_m": 930.0,
        "record_value": 4.3,
        "record_date": "1979-07-06",
        "record_status": "success",
        "prec_no": "52",
        "block_no": "1311",
        "station_class": "a",
        "record_rank_url": "https://www.data.jma.go.jp/stats/etrn/view/rank_a.php?prec_no=52&block_no=1311&year=&month=07&day=&view=p1"
      }
    },
    {
      "type": "Feature",
      "geometry": {
        "type": "Point",
        "coordinates": [
          136.831667,
          35.923333
        ]
      },
      "properties": {
        "amedas_code": "52221",
        "name": "長滝",
        "name_kana": "ナガタキ",
        "name_en": "Nagataki",
        "altitude_m": 430.0,
        "record_value": 11.8,
        "record_date": "1979-07-05",
        "record_status": "success",
        "prec_no": "52",
        "block_no": "1299",
        "station_class": "a",
        "record_rank_url": "https://www.data.jma.go.jp/stats/etrn/view/rank_a.php?prec_no=52&block_no=1299&year=&month=07&day=&view=p1"
      }
    },
    {
      "type": "Feature",
      "geometry": {
        "type": "Point",
        "coordinates": [
          137.206667,
          35.888333
        ]
      },
      "properties": {
        "amedas_code": "52286",
        "name": "萩原",
        "name_kana": "ハギワラ",
        "name_en": "Hagiwara",
        "altitude_m": 425.0,
        "record_value": 12.6,
        "record_date": "1979-07-05",
        "record_status": "success",
        "prec_no": "52",
        "block_no": "0483",
        "station_class": "a",
        "record_rank_url": "https://www.data.jma.go.jp/stats/etrn/view/rank_a.php?prec_no=52&block_no=0483&year=&month=07&day=&view=p1"
      }
    },
    {
      "type": "Feature",
      "geometry": {
        "type": "Point",
        "coordinates": [
          136.978333,
          35.756667
        ]
      },
      "properties": {
        "amedas_code": "52331",
        "name": "八幡",
        "name_kana": "ハチマン",
        "name_en": "Hachiman",
        "altitude_m": 271.0,
        "record_value": 12.2,
        "record_date": "1979-07-06",
        "record_status": "success",
        "prec_no": "52",
        "block_no": "0485",
        "station_class": "a",
        "record_rank_url": "https://www.data.jma.go.jp/stats/etrn/view/rank_a.php?prec_no=52&block_no=0485&year=&month=07&day=&view=p1"
      }
    },
    {
      "type": "Feature",
      "geometry": {
        "type": "Point",
        "coordinates": [
          137.288333,
          35.763333
        ]
      },
      "properties": {
        "amedas_code": "52346",
        "name": "宮地",
        "name_kana": "ミヤジ",
        "name_en": "Miyaji",
        "altitude_m": 450.0,
        "record_value": 11.9,
        "record_date": "1979-07-06",
        "record_status": "success",
        "prec_no": "52",
        "block_no": "1066",
        "station_class": "a",
        "record_rank_url": "https://www.data.jma.go.jp/stats/etrn/view/rank_a.php?prec_no=52&block_no=1066&year=&month=07&day=&view=p1"
      }
    },
    {
      "type": "Feature",
      "geometry": {
        "type": "Point",
        "coordinates": [
          136.601667,
          35.638333
        ]
      },
      "properties": {
        "amedas_code": "52381",
        "name": "樽見",
        "name_kana": "タルミ",
        "name_en": "Tarumi",
        "altitude_m": 190.0,
        "record_value": 12.2,
        "record_date": "1979-07-05",
        "record_status": "success",
        "prec_no": "52",
        "block_no": "0486",
        "station_class": "a",
        "record_rank_url": "https://www.data.jma.go.jp/stats/etrn/view/rank_a.php?prec_no=52&block_no=0486&year=&month=07&day=&view=p1"
      }
    },
    {
      "type": "Feature",
      "geometry": {
        "type": "Point",
        "coordinates": [
          137.16,
          35.661667
        ]
      },
      "properties": {
        "amedas_code": "52406",
        "name": "金山",
        "name_kana": "カナヤマ",
        "name_en": "Kanayama",
        "altitude_m": 233.0,
        "record_value": 13.5,
        "record_date": "1979-07-06",
        "record_status": "success",
        "prec_no": "52",
        "block_no": "0487",
        "station_class": "a",
        "record_rank_url": "https://www.data.jma.go.jp/stats/etrn/view/rank_a.php?prec_no=52&block_no=0487&year=&month=07&day=&view=p1"
      }
    },
    {
      "type": "Feature",
      "geometry": {
        "type": "Point",
        "coordinates": [
          136.91,
          35.555
        ]
      },
      "properties": {
        "amedas_code": "52461",
        "name": "美濃",
        "name_kana": "ミノ",
        "name_en": "Mino",
        "altitude_m": 68.0,
        "record_value": 14.6,
        "record_date": "1988-07-02",
        "record_status": "success",
        "prec_no": "52",
        "block_no": "1057",
        "station_class": "a",
        "record_rank_url": "https://www.data.jma.go.jp/stats/etrn/view/rank_a.php?prec_no=52&block_no=1057&year=&month=07&day=&view=p1"
      }
    },
    {
      "type": "Feature",
      "geometry": {
        "type": "Point",
        "coordinates": [
          137.318333,
          35.598333
        ]
      },
      "properties": {
        "amedas_code": "52482",
        "name": "黒川",
        "name_kana": "クロカワ",
        "name_en": "Kurokawa",
        "altitude_m": 517.0,
        "record_value": 13.7,
        "record_date": "2000-07-11",
        "record_status": "success",
        "prec_no": "52",
        "block_no": "1313",
        "station_class": "a",
        "record_rank_url": "https://www.data.jma.go.jp/stats/etrn/view/rank_a.php?prec_no=52&block_no=1313&year=&month=07&day=&view=p1"
      }
    },
    {
      "type": "Feature",
      "geometry": {
        "type": "Point",
        "coordinates": [
          136.566667,
          35.485
        ]
      },
      "properties": {
        "amedas_code": "52511",
        "name": "揖斐川",
        "name_kana": "イビガワ",
        "name_en": "Ibigawa",
        "altitude_m": 45.0,
        "record_value": 16.1,
        "record_date": "1979-07-06",
        "record_status": "success",
        "prec_no": "52",
        "block_no": "1301",
        "station_class": "a",
        "record_rank_url": "https://www.data.jma.go.jp/stats/etrn/view/rank_a.php?prec_no=52&block_no=1301&year=&month=07&day=&view=p1"
      }
    },
    {
      "type": "Feature",
      "geometry": {
        "type": "Point",
        "coordinates": [
          137.005,
          35.445
        ]
      },
      "properties": {
        "amedas_code": "52536",
        "name": "美濃加茂",
        "name_kana": "ミノカモ",
        "name_en": "Minokamo",
        "altitude_m": 74.0,
        "record_value": 15.2,
        "record_date": "1988-07-02",
        "record_status": "success",
        "prec_no": "52",
        "block_no": "0491",
        "station_class": "a",
        "record_rank_url": "https://www.data.jma.go.jp/stats/etrn/view/rank_a.php?prec_no=52&block_no=0491&year=&month=07&day=&view=p1"
      }
    },
    {
      "type": "Feature",
      "geometry": {
        "type": "Point",
        "coordinates": [
          137.403333,
          35.446667
        ]
      },
      "properties": {
        "amedas_code": "52556",
        "name": "恵那",
        "name_kana": "エナ",
        "name_en": "Ena",
        "altitude_m": 315.0,
        "record_value": 12.7,
        "record_date": "1988-07-02",
        "record_status": "success",
        "prec_no": "52",
        "block_no": "0493",
        "station_class": "a",
        "record_rank_url": "https://www.data.jma.go.jp/stats/etrn/view/rank_a.php?prec_no=52&block_no=0493&year=&month=07&day=&view=p1"
      }
    },
    {
      "type": "Feature",
      "geometry": {
        "type": "Point",
        "coordinates": [
          137.486667,
          35.476667
        ]
      },
      "properties": {
        "amedas_code": "52557",
        "name": "中津川",
        "name_kana": "ナカツガワ",
        "name_en": "Nakatsugawa",
        "altitude_m": 378.0,
        "record_value": 16.5,
        "record_date": "2015-07-01",
        "record_status": "success",
        "prec_no": "52",
        "block_no": "0494",
        "station_class": "a",
        "record_rank_url": "https://www.data.jma.go.jp/stats/etrn/view/rank_a.php?prec_no=52&block_no=0494&year=&month=07&day=&view=p1"
      }
    },
    {
      "type": "Feature",
      "geometry": {
        "type": "Point",
        "coordinates": [
          136.466667,
          35.363333
        ]
      },
      "properties": {
        "amedas_code": "52571",
        "name": "関ケ原",
        "name_kana": "セキガハラ",
        "name_en": "Sekigahara",
        "altitude_m": 130.0,
        "record_value": 15.2,
        "record_date": "1982-07-02",
        "record_status": "success",
        "prec_no": "52",
        "block_no": "0495",
        "station_class": "a",
        "record_rank_url": "https://www.data.jma.go.jp/stats/etrn/view/rank_a.php?prec_no=52&block_no=0495&year=&month=07&day=&view=p1"
      }
    },
    {
      "type": "Feature",
      "geometry": {
        "type": "Point",
        "coordinates": [
          136.62,
          35.346667
        ]
      },
      "properties": {
        "amedas_code": "52581",
        "name": "大垣",
        "name_kana": "オオガキ",
        "name_en": "Ogaki",
        "altitude_m": 6.0,
        "record_value": 17.0,
        "record_date": "1992-07-02",
        "record_status": "success",
        "prec_no": "52",
        "block_no": "0496",
        "station_class": "a",
        "record_rank_url": "https://www.data.jma.go.jp/stats/etrn/view/rank_a.php?prec_no=52&block_no=0496&year=&month=07&day=&view=p1"
      }
    },
    {
      "type": "Feature",
      "geometry": {
        "type": "Point",
        "coordinates": [
          136.761667,
          35.4
        ]
      },
      "properties": {
        "amedas_code": "52586",
        "name": "岐阜",
        "name_kana": "ギフ",
        "name_en": "Gifu",
        "altitude_m": 13.0,
        "record_value": 12.8,
        "record_date": "1885-07-03",
        "record_status": "success",
        "prec_no": "52",
        "block_no": "47632",
        "station_class": "s",
        "record_rank_url": "https://www.data.jma.go.jp/stats/etrn/view/rank_s.php?prec_no=52&block_no=47632&year=&month=07&day=&view=p1"
      }
    },
    {
      "type": "Feature",
      "geometry": {
        "type": "Point",
        "coordinates": [
          137.108333,
          35.346667
        ]
      },
      "properties": {
        "amedas_code": "52606",
        "name": "多治見",
        "name_kana": "タジミ",
        "name_en": "Tajimi",
        "altitude_m": 120.0,
        "record_value": 14.2,
        "record_date": "1979-07-05",
        "record_status": "success",
        "prec_no": "52",
        "block_no": "1058",
        "station_class": "a",
        "record_rank_url": "https://www.data.jma.go.jp/stats/etrn/view/rank_a.php?prec_no=52&block_no=1058&year=&month=07&day=&view=p1"
      }
    },
    {
      "type": "Feature",
      "geometry": {
        "type": "Point",
        "coordinates": [
          136.693333,
          35.05
        ]
      },
      "properties": {
        "amedas_code": "53041",
        "name": "桑名",
        "name_kana": "クワナ",
        "name_en": "Kuwana",
        "altitude_m": 3.0,
        "record_value": 16.3,
        "record_date": "1979-07-06",
        "record_status": "success",
        "prec_no": "53",
        "block_no": "0500",
        "station_class": "a",
        "record_rank_url": "https://www.data.jma.go.jp/stats/etrn/view/rank_a.php?prec_no=53&block_no=0500&year=&month=07&day=&view=p1"
      }
    },
    {
      "type": "Feature",
      "geometry": {
        "type": "Point",
        "coordinates": [
          136.58,
          34.94
        ]
      },
      "properties": {
        "amedas_code": "53061",
        "name": "四日市",
        "name_kana": "ヨッカイチ",
        "name_en": "Yokkaichi",
        "altitude_m": 55.0,
        "record_value": 13.7,
        "record_date": "1966-07-04",
        "record_status": "success",
        "prec_no": "53",
        "block_no": "47684",
        "station_class": "s",
        "record_rank_url": "https://www.data.jma.go.jp/stats/etrn/view/rank_s.php?prec_no=53&block_no=47684&year=&month=07&day=&view=p1"
      }
    },
    {
      "type": "Feature",
      "geometry": {
        "type": "Point",
        "coordinates": [
          136.453333,
          34.87
        ]
      },
      "properties": {
        "amedas_code": "53091",
        "name": "亀山",
        "name_kana": "カメヤマ",
        "name_en": "Kameyama",
        "altitude_m": 70.0,
        "record_value": 14.0,
        "record_date": "1982-07-02",
        "record_status": "success",
        "prec_no": "53",
        "block_no": "0503",
        "station_class": "a",
        "record_rank_url": "https://www.data.jma.go.jp/stats/etrn/view/rank_a.php?prec_no=53&block_no=0503&year=&month=07&day=&view=p1"
      }
    },
    {
      "type": "Feature",
      "geometry": {
        "type": "Point",
        "coordinates": [
          136.141667,
          34.761667
        ]
      },
      "properties": {
        "amedas_code": "53112",
        "name": "上野",
        "name_kana": "ウエノ",
        "name_en": "Ueno",
        "altitude_m": 159.0,
        "record_value": 11.3,
        "record_date": "1966-07-04",
        "record_status": "success",
        "prec_no": "53",
        "block_no": "47649",
        "station_class": "s",
        "record_rank_url": "https://www.data.jma.go.jp/stats/etrn/view/rank_s.php?prec_no=53&block_no=47649&year=&month=07&day=&view=p1"
      }
    },
    {
      "type": "Feature",
      "geometry": {
        "type": "Point",
        "coordinates": [
          136.518333,
          34.733333
        ]
      },
      "properties": {
        "amedas_code": "53133",
        "name": "津",
        "name_kana": "ツ",
        "name_en": "Tsu",
        "altitude_m": 3.0,
        "record_value": 14.6,
        "record_date": "1966-07-05",
        "record_status": "success",
        "prec_no": "53",
        "block_no": "47651",
        "station_class": "s",
        "record_rank_url": "https://www.data.jma.go.jp/stats/etrn/view/rank_s.php?prec_no=53&block_no=47651&year=&month=07&day=&view=p1"
      }
    },
    {
      "type": "Feature",
      "geometry": {
        "type": "Point",
        "coordinates": [
          136.665,
          34.528333
        ]
      },
      "properties": {
        "amedas_code": "53196",
        "name": "小俣",
        "name_kana": "オバタ",
        "name_en": "Obata",
        "altitude_m": 10.0,
        "record_value": 15.7,
        "record_date": "1996-07-12",
        "record_status": "success",
        "prec_no": "53",
        "block_no": "0509",
        "station_class": "a",
        "record_rank_url": "https://www.data.jma.go.jp/stats/etrn/view/rank_a.php?prec_no=53&block_no=0509&year=&month=07&day=&view=p1"
      }
    },
    {
      "type": "Feature",
      "geometry": {
        "type": "Point",
        "coordinates": [
          136.39,
          34.448333
        ]
      },
      "properties": {
        "amedas_code": "53231",
        "name": "粥見",
        "name_kana": "カユミ",
        "name_en": "Kayumi",
        "altitude_m": 120.0,
        "record_value": 13.8,
        "record_date": "1982-07-04",
        "record_status": "success",
        "prec_no": "53",
        "block_no": "0510",
        "station_class": "a",
        "record_rank_url": "https://www.data.jma.go.jp/stats/etrn/view/rank_a.php?prec_no=53&block_no=0510&year=&month=07&day=&view=p1"
      }
    },
    {
      "type": "Feature",
      "geometry": {
        "type": "Point",
        "coordinates": [
          136.825,
          34.481667
        ]
      },
      "properties": {
        "amedas_code": "53257",
        "name": "鳥羽",
        "name_kana": "トバ",
        "name_en": "Toba",
        "altitude_m": 2.0,
        "record_value": 15.6,
        "record_date": "1997-07-19",
        "record_status": "success",
        "prec_no": "53",
        "block_no": "1230",
        "station_class": "a",
        "record_rank_url": "https://www.data.jma.go.jp/stats/etrn/view/rank_a.php?prec_no=53&block_no=1230&year=&month=07&day=&view=p1"
      }
    },
    {
      "type": "Feature",
      "geometry": {
        "type": "Point",
        "coordinates": [
          136.681667,
          34.345
        ]
      },
      "properties": {
        "amedas_code": "53296",
        "name": "南伊勢",
        "name_kana": "ミナミイセ",
        "name_en": "Minami-Ise",
        "altitude_m": 6.0,
        "record_value": 14.9,
        "record_date": "1982-07-02",
        "record_status": "success",
        "prec_no": "53",
        "block_no": "1258",
        "station_class": "a",
        "record_rank_url": "https://www.data.jma.go.jp/stats/etrn/view/rank_a.php?prec_no=53&block_no=1258&year=&month=07&day=&view=p1"
      }
    },
    {
      "type": "Feature",
      "geometry": {
        "type": "Point",
        "coordinates": [
          136.326667,
          34.208333
        ]
      },
      "properties": {
        "amedas_code": "53326",
        "name": "紀伊長島",
        "name_kana": "キイナガシマ",
        "name_en": "Kii-Nagashima",
        "altitude_m": 3.0,
        "record_value": 15.3,
        "record_date": "1979-07-05",
        "record_status": "success",
        "prec_no": "53",
        "block_no": "1349",
        "station_class": "a",
        "record_rank_url": "https://www.data.jma.go.jp/stats/etrn/view/rank_a.php?prec_no=53&block_no=1349&year=&month=07&day=&view=p1"
      }
    },
    {
      "type": "Feature",
      "geometry": {
        "type": "Point",
        "coordinates": [
          136.193333,
          34.068333
        ]
      },
      "properties": {
        "amedas_code": "53378",
        "name": "尾鷲",
        "name_kana": "オワセ",
        "name_en": "Owase",
        "altitude_m": 15.0,
        "record_value": 13.8,
        "record_date": "1976-07-04",
        "record_status": "success",
        "prec_no": "53",
        "block_no": "47663",
        "station_class": "s",
        "record_rank_url": "https://www.data.jma.go.jp/stats/etrn/view/rank_s.php?prec_no=53&block_no=47663&year=&month=07&day=&view=p1"
      }
    },
    {
      "type": "Feature",
      "geometry": {
        "type": "Point",
        "coordinates": [
          136.138333,
          33.931667
        ]
      },
      "properties": {
        "amedas_code": "53401",
        "name": "熊野新鹿",
        "name_kana": "クマノアタシカ",
        "name_en": "Kumano-Atashika",
        "altitude_m": 23.0,
        "record_value": 18.3,
        "record_date": "2015-07-05",
        "record_status": "success",
        "prec_no": "53",
        "block_no": "1532",
        "station_class": "a",
        "record_rank_url": "https://www.data.jma.go.jp/stats/etrn/view/rank_a.php?prec_no=53&block_no=1532&year=&month=07&day=&view=p1"
      }
    },
    {
      "type": "Feature",
      "geometry": {
        "type": "Point",
        "coordinates": [
          139.253333,
          38.465
        ]
      },
      "properties": {
        "amedas_code": "54012",
        "name": "粟島",
        "name_kana": "アワシマ",
        "name_en": "Awashima Island",
        "altitude_m": 4.0,
        "record_value": 12.8,
        "record_date": "2008-07-02",
        "record_status": "success",
        "prec_no": "54",
        "block_no": "0995",
        "station_class": "a",
        "record_rank_url": "https://www.data.jma.go.jp/stats/etrn/view/rank_a.php?prec_no=54&block_no=0995&year=&month=07&day=&view=p1"
      }
    },
    {
      "type": "Feature",
      "geometry": {
        "type": "Point",
        "coordinates": [
          138.511667,
          38.33
        ]
      },
      "properties": {
        "amedas_code": "54041",
        "name": "弾崎",
        "name_kana": "ハジキザキ",
        "name_en": "Hajikizaki",
        "altitude_m": 58.0,
        "record_value": 12.3,
        "record_date": "1989-07-05",
        "record_status": "success",
        "prec_no": "54",
        "block_no": "1315",
        "station_class": "a",
        "record_rank_url": "https://www.data.jma.go.jp/stats/etrn/view/rank_a.php?prec_no=54&block_no=1315&year=&month=07&day=&view=p1"
      }
    },
    {
      "type": "Feature",
      "geometry": {
        "type": "Point",
        "coordinates": [
          139.478333,
          38.226667
        ]
      },
      "properties": {
        "amedas_code": "54086",
        "name": "村上",
        "name_kana": "ムラカミ",
        "name_en": "Murakami",
        "altitude_m": 10.0,
        "record_value": 10.3,
        "record_date": "2008-07-02",
        "record_status": "success",
        "prec_no": "54",
        "block_no": "0515",
        "station_class": "a",
        "record_rank_url": "https://www.data.jma.go.jp/stats/etrn/view/rank_a.php?prec_no=54&block_no=0515&year=&month=07&day=&view=p1"
      }
    },
    {
      "type": "Feature",
      "geometry": {
        "type": "Point",
        "coordinates": [
          138.24,
          38.028333
        ]
      },
      "properties": {
        "amedas_code": "54157",
        "name": "相川",
        "name_kana": "アイカワ",
        "name_en": "Aikawa",
        "altitude_m": 6.0,
        "record_value": 12.1,
        "record_date": "1967-07-01",
        "record_status": "success",
        "prec_no": "54",
        "block_no": "47602",
        "station_class": "s",
        "record_rank_url": "https://www.data.jma.go.jp/stats/etrn/view/rank_s.php?prec_no=54&block_no=47602&year=&month=07&day=&view=p1"
      }
    },
    {
      "type": "Feature",
      "geometry": {
        "type": "Point",
        "coordinates": [
          138.44,
          38.073333
        ]
      },
      "properties": {
        "amedas_code": "54166",
        "name": "両津",
        "name_kana": "リョウツ",
        "name_en": "Ryotsu",
        "altitude_m": 2.0,
        "record_value": 13.8,
        "record_date": "1993-07-01",
        "record_status": "success",
        "prec_no": "54",
        "block_no": "0518",
        "station_class": "a",
        "record_rank_url": "https://www.data.jma.go.jp/stats/etrn/view/rank_a.php?prec_no=54&block_no=0518&year=&month=07&day=&view=p1"
      }
    },
    {
      "type": "Feature",
      "geometry": {
        "type": "Point",
        "coordinates": [
          139.388333,
          38.076667
        ]
      },
      "properties": {
        "amedas_code": "54181",
        "name": "中条",
        "name_kana": "ナカジョウ",
        "name_en": "Nakajo",
        "altitude_m": 14.0,
        "record_value": 12.9,
        "record_date": "2008-07-02",
        "record_status": "success",
        "prec_no": "54",
        "block_no": "1318",
        "station_class": "a",
        "record_rank_url": "https://www.data.jma.go.jp/stats/etrn/view/rank_a.php?prec_no=54&block_no=1318&year=&month=07&day=&view=p1"
      }
    },
    {
      "type": "Feature",
      "geometry": {
        "type": "Point",
        "coordinates": [
          139.563333,
          38.091667
        ]
      },
      "properties": {
        "amedas_code": "54191",
        "name": "下関",
        "name_kana": "シモセキ",
        "name_en": "Shimoseki",
        "altitude_m": 33.0,
        "record_value": 11.4,
        "record_date": "1986-07-05",
        "record_status": "success",
        "prec_no": "54",
        "block_no": "1060",
        "station_class": "a",
        "record_rank_url": "https://www.data.jma.go.jp/stats/etrn/view/rank_a.php?prec_no=54&block_no=1060&year=&month=07&day=&view=p1"
      }
    },
    {
      "type": "Feature",
      "geometry": {
        "type": "Point",
        "coordinates": [
          139.018333,
          37.893333
        ]
      },
      "properties": {
        "amedas_code": "54232",
        "name": "新潟",
        "name_kana": "ニイガタ",
        "name_en": "Niigata",
        "altitude_m": 4.0,
        "record_value": 11.4,
        "record_date": "1909-07-04",
        "record_status": "success",
        "prec_no": "54",
        "block_no": "47604",
        "station_class": "s",
        "record_rank_url": "https://www.data.jma.go.jp/stats/etrn/view/rank_s.php?prec_no=54&block_no=47604&year=&month=07&day=&view=p1"
      }
    },
    {
      "type": "Feature",
      "geometry": {
        "type": "Point",
        "coordinates": [
          139.111667,
          37.955
        ]
      },
      "properties": {
        "amedas_code": "54236",
        "name": "松浜",
        "name_kana": "マツハマ：新潟空港",
        "name_en": "Matsuhama",
        "altitude_m": 1.0,
        "record_value": 14.7,
        "record_date": "2008-07-02",
        "record_status": "success",
        "prec_no": "54",
        "block_no": "1469",
        "station_class": "a",
        "record_rank_url": "https://www.data.jma.go.jp/stats/etrn/view/rank_a.php?prec_no=54&block_no=1469&year=&month=07&day=&view=p1"
      }
    },
    {
      "type": "Feature",
      "geometry": {
        "type": "Point",
        "coordinates": [
          138.313333,
          37.841667
        ]
      },
      "properties": {
        "amedas_code": "54271",
        "name": "羽茂",
        "name_kana": "ハモチ",
        "name_en": "Hamochi",
        "altitude_m": 11.0,
        "record_value": 12.2,
        "record_date": "1993-07-02",
        "record_status": "success",
        "prec_no": "54",
        "block_no": "0996",
        "station_class": "a",
        "record_rank_url": "https://www.data.jma.go.jp/stats/etrn/view/rank_a.php?prec_no=54&block_no=0996&year=&month=07&day=&view=p1"
      }
    },
    {
      "type": "Feature",
      "geometry": {
        "type": "Point",
        "coordinates": [
          139.086667,
          37.791667
        ]
      },
      "properties": {
        "amedas_code": "54296",
        "name": "新津",
        "name_kana": "ニイツ",
        "name_en": "Niitsu",
        "altitude_m": 3.0,
        "record_value": 13.5,
        "record_date": "1993-07-01",
        "record_status": "success",
        "prec_no": "54",
        "block_no": "0521",
        "station_class": "a",
        "record_rank_url": "https://www.data.jma.go.jp/stats/etrn/view/rank_a.php?prec_no=54&block_no=0521&year=&month=07&day=&view=p1"
      }
    },
    {
      "type": "Feature",
      "geometry": {
        "type": "Point",
        "coordinates": [
          138.913333,
          37.768333
        ]
      },
      "properties": {
        "amedas_code": "54341",
        "name": "巻",
        "name_kana": "マキ",
        "name_en": "Maki",
        "altitude_m": 2.0,
        "record_value": 13.4,
        "record_date": "1982-07-01",
        "record_status": "success",
        "prec_no": "54",
        "block_no": "0522",
        "station_class": "a",
        "record_rank_url": "https://www.data.jma.go.jp/stats/etrn/view/rank_a.php?prec_no=54&block_no=0522&year=&month=07&day=&view=p1"
      }
    },
    {
      "type": "Feature",
      "geometry": {
        "type": "Point",
        "coordinates": [
          138.766667,
          37.64
        ]
      },
      "properties": {
        "amedas_code": "54387",
        "name": "寺泊",
        "name_kana": "テラドマリ",
        "name_en": "Teradomari",
        "altitude_m": 44.0,
        "record_value": 14.4,
        "record_date": "2003-07-03",
        "record_status": "success",
        "prec_no": "54",
        "block_no": "0524",
        "station_class": "a",
        "record_rank_url": "https://www.data.jma.go.jp/stats/etrn/view/rank_a.php?prec_no=54&block_no=0524&year=&month=07&day=&view=p1"
      }
    },
    {
      "type": "Feature",
      "geometry": {
        "type": "Point",
        "coordinates": [
          138.955,
          37.64
        ]
      },
      "properties": {
        "amedas_code": "54396",
        "name": "三条",
        "name_kana": "サンジョウ",
        "name_en": "Sanjo",
        "altitude_m": 9.0,
        "record_value": 13.9,
        "record_date": "1982-07-01",
        "record_status": "success",
        "prec_no": "54",
        "block_no": "0525",
        "station_class": "a",
        "record_rank_url": "https://www.data.jma.go.jp/stats/etrn/view/rank_a.php?prec_no=54&block_no=0525&year=&month=07&day=&view=p1"
      }
    },
    {
      "type": "Feature",
      "geometry": {
        "type": "Point",
        "coordinates": [
          139.446667,
          37.671667
        ]
      },
      "properties": {
        "amedas_code": "54421",
        "name": "津川",
        "name_kana": "ツガワ",
        "name_en": "Tsugawa",
        "altitude_m": 100.0,
        "record_value": 10.1,
        "record_date": "1982-07-02",
        "record_status": "success",
        "prec_no": "54",
        "block_no": "0527",
        "station_class": "a",
        "record_rank_url": "https://www.data.jma.go.jp/stats/etrn/view/rank_a.php?prec_no=54&block_no=0527&year=&month=07&day=&view=p1"
      }
    },
    {
      "type": "Feature",
      "geometry": {
        "type": "Point",
        "coordinates": [
          138.823333,
          37.45
        ]
      },
      "properties": {
        "amedas_code": "54501",
        "name": "長岡",
        "name_kana": "ナガオカ",
        "name_en": "Nagaoka",
        "altitude_m": 23.0,
        "record_value": 13.0,
        "record_date": "1976-07-01",
        "record_status": "success",
        "prec_no": "54",
        "block_no": "0529",
        "station_class": "a",
        "record_rank_url": "https://www.data.jma.go.jp/stats/etrn/view/rank_a.php?prec_no=54&block_no=0529&year=&month=07&day=&view=p1"
      }
    },
    {
      "type": "Feature",
      "geometry": {
        "type": "Point",
        "coordinates": [
          138.553333,
          37.351667
        ]
      },
      "properties": {
        "amedas_code": "54541",
        "name": "柏崎",
        "name_kana": "カシワザキ",
        "name_en": "Kashiwazaki",
        "altitude_m": 7.0,
        "record_value": 12.7,
        "record_date": "1982-07-02",
        "record_status": "success",
        "prec_no": "54",
        "block_no": "0532",
        "station_class": "a",
        "record_rank_url": "https://www.data.jma.go.jp/stats/etrn/view/rank_a.php?prec_no=54&block_no=0532&year=&month=07&day=&view=p1"
      }
    },
    {
      "type": "Feature",
      "geometry": {
        "type": "Point",
        "coordinates": [
          139.043333,
          37.346667
        ]
      },
      "properties": {
        "amedas_code": "54566",
        "name": "守門",
        "name_kana": "スモン",
        "name_en": "Sumon",
        "altitude_m": 222.0,
        "record_value": 10.2,
        "record_date": "1982-07-01",
        "record_status": "success",
        "prec_no": "54",
        "block_no": "0997",
        "station_class": "a",
        "record_rank_url": "https://www.data.jma.go.jp/stats/etrn/view/rank_a.php?prec_no=54&block_no=0997&year=&month=07&day=&view=p1"
      }
    },
    {
      "type": "Feature",
      "geometry": {
        "type": "Point",
        "coordinates": [
          138.325,
          37.225
        ]
      },
      "properties": {
        "amedas_code": "54586",
        "name": "大潟",
        "name_kana": "オオガタ",
        "name_en": "Ogata",
        "altitude_m": 13.0,
        "record_value": 13.7,
        "record_date": "1979-07-04",
        "record_status": "success",
        "prec_no": "54",
        "block_no": "1302",
        "station_class": "a",
        "record_rank_url": "https://www.data.jma.go.jp/stats/etrn/view/rank_a.php?prec_no=54&block_no=1302&year=&month=07&day=&view=p1"
      }
    },
    {
      "type": "Feature",
      "geometry": {
        "type": "Point",
        "coordinates": [
          138.963333,
          37.226667
        ]
      },
      "properties": {
        "amedas_code": "54616",
        "name": "小出",
        "name_kana": "コイデ",
        "name_en": "Koide",
        "altitude_m": 98.0,
        "record_value": 13.0,
        "record_date": "1982-07-01",
        "record_status": "success",
        "prec_no": "54",
        "block_no": "0534",
        "station_class": "a",
        "record_rank_url": "https://www.data.jma.go.jp/stats/etrn/view/rank_a.php?prec_no=54&block_no=0534&year=&month=07&day=&view=p1"
      }
    },
    {
      "type": "Feature",
      "geometry": {
        "type": "Point",
        "coordinates": [
          138.246667,
          37.106667
        ]
      },
      "properties": {
        "amedas_code": "54651",
        "name": "高田",
        "name_kana": "タカダ",
        "name_en": "Takada",
        "altitude_m": 13.0,
        "record_value": 11.6,
        "record_date": "1967-07-01",
        "record_status": "success",
        "prec_no": "54",
        "block_no": "47612",
        "station_class": "s",
        "record_rank_url": "https://www.data.jma.go.jp/stats/etrn/view/rank_s.php?prec_no=54&block_no=47612&year=&month=07&day=&view=p1"
      }
    },
    {
      "type": "Feature",
      "geometry": {
        "type": "Point",
        "coordinates": [
          138.456667,
          37.106667
        ]
      },
      "properties": {
        "amedas_code": "54661",
        "name": "安塚",
        "name_kana": "ヤスヅカ",
        "name_en": "Yasuzuka",
        "altitude_m": 126.0,
        "record_value": 12.7,
        "record_date": "1979-07-04",
        "record_status": "success",
        "prec_no": "54",
        "block_no": "0536",
        "station_class": "a",
        "record_rank_url": "https://www.data.jma.go.jp/stats/etrn/view/rank_a.php?prec_no=54&block_no=0536&year=&month=07&day=&view=p1"
      }
    },
    {
      "type": "Feature",
      "geometry": {
        "type": "Point",
        "coordinates": [
          138.726667,
          37.143333
        ]
      },
      "properties": {
        "amedas_code": "54676",
        "name": "十日町",
        "name_kana": "トオカマチ",
        "name_en": "Tokamachi",
        "altitude_m": 170.0,
        "record_value": 13.0,
        "record_date": "1979-07-17",
        "record_status": "success",
        "prec_no": "54",
        "block_no": "0537",
        "station_class": "a",
        "record_rank_url": "https://www.data.jma.go.jp/stats/etrn/view/rank_a.php?prec_no=54&block_no=0537&year=&month=07&day=&view=p1"
      }
    },
    {
      "type": "Feature",
      "geometry": {
        "type": "Point",
        "coordinates": [
          137.875,
          37.043333
        ]
      },
      "properties": {
        "amedas_code": "54711",
        "name": "糸魚川",
        "name_kana": "イトイガワ",
        "name_en": "Itoigawa",
        "altitude_m": 8.0,
        "record_value": 15.4,
        "record_date": "1979-07-04",
        "record_status": "success",
        "prec_no": "54",
        "block_no": "0539",
        "station_class": "a",
        "record_rank_url": "https://www.data.jma.go.jp/stats/etrn/view/rank_a.php?prec_no=54&block_no=0539&year=&month=07&day=&view=p1"
      }
    },
    {
      "type": "Feature",
      "geometry": {
        "type": "Point",
        "coordinates": [
          138.023333,
          37.083333
        ]
      },
      "properties": {
        "amedas_code": "54721",
        "name": "能生",
        "name_kana": "ノウ",
        "name_en": "Nou",
        "altitude_m": 55.0,
        "record_value": 13.4,
        "record_date": "1979-07-04",
        "record_status": "success",
        "prec_no": "54",
        "block_no": "0540",
        "station_class": "a",
        "record_rank_url": "https://www.data.jma.go.jp/stats/etrn/view/rank_a.php?prec_no=54&block_no=0540&year=&month=07&day=&view=p1"
      }
    },
    {
      "type": "Feature",
      "geometry": {
        "type": "Point",
        "coordinates": [
          138.221667,
          36.933333
        ]
      },
      "properties": {
        "amedas_code": "54816",
        "name": "関山",
        "name_kana": "セキヤマ",
        "name_en": "Sekiyama",
        "altitude_m": 350.0,
        "record_value": 12.5,
        "record_date": "1979-07-04",
        "record_status": "success",
        "prec_no": "54",
        "block_no": "0998",
        "station_class": "a",
        "record_rank_url": "https://www.data.jma.go.jp/stats/etrn/view/rank_a.php?prec_no=54&block_no=0998&year=&month=07&day=&view=p1"
      }
    },
    {
      "type": "Feature",
      "geometry": {
        "type": "Point",
        "coordinates": [
          138.683333,
          36.996667
        ]
      },
      "properties": {
        "amedas_code": "54836",
        "name": "津南",
        "name_kana": "ツナン",
        "name_en": "Tsunan",
        "altitude_m": 452.0,
        "record_value": 10.5,
        "record_date": "1979-07-17",
        "record_status": "success",
        "prec_no": "54",
        "block_no": "0543",
        "station_class": "a",
        "record_rank_url": "https://www.data.jma.go.jp/stats/etrn/view/rank_a.php?prec_no=54&block_no=0543&year=&month=07&day=&view=p1"
      }
    },
    {
      "type": "Feature",
      "geometry": {
        "type": "Point",
        "coordinates": [
          138.81,
          36.941667
        ]
      },
      "properties": {
        "amedas_code": "54841",
        "name": "湯沢",
        "name_kana": "ユザワ",
        "name_en": "Yuzawa",
        "altitude_m": 340.0,
        "record_value": 11.6,
        "record_date": "1979-07-05",
        "record_status": "success",
        "prec_no": "54",
        "block_no": "0544",
        "station_class": "a",
        "record_rank_url": "https://www.data.jma.go.jp/stats/etrn/view/rank_a.php?prec_no=54&block_no=0544&year=&month=07&day=&view=p1"
      }
    },
    {
      "type": "Feature",
      "geometry": {
        "type": "Point",
        "coordinates": [
          137.563333,
          36.936667
        ]
      },
      "properties": {
        "amedas_code": "55022",
        "name": "朝日",
        "name_kana": "アサヒ",
        "name_en": "Asahi",
        "altitude_m": 43.0,
        "record_value": 15.2,
        "record_date": "1979-07-04",
        "record_status": "success",
        "prec_no": "55",
        "block_no": "0546",
        "station_class": "a",
        "record_rank_url": "https://www.data.jma.go.jp/stats/etrn/view/rank_a.php?prec_no=55&block_no=0546&year=&month=07&day=&view=p1"
      }
    },
    {
      "type": "Feature",
      "geometry": {
        "type": "Point",
        "coordinates": [
          136.968333,
          36.825
        ]
      },
      "properties": {
        "amedas_code": "55041",
        "name": "氷見",
        "name_kana": "ヒミ",
        "name_en": "Himi",
        "altitude_m": 1.0,
        "record_value": 12.8,
        "record_date": "1979-07-05",
        "record_status": "success",
        "prec_no": "55",
        "block_no": "1309",
        "station_class": "a",
        "record_rank_url": "https://www.data.jma.go.jp/stats/etrn/view/rank_a.php?prec_no=55&block_no=1309&year=&month=07&day=&view=p1"
      }
    },
    {
      "type": "Feature",
      "geometry": {
        "type": "Point",
        "coordinates": [
          137.428333,
          36.821667
        ]
      },
      "properties": {
        "amedas_code": "55056",
        "name": "魚津",
        "name_kana": "ウオヅ",
        "name_en": "Uozu",
        "altitude_m": 48.0,
        "record_value": 14.3,
        "record_date": "1979-07-05",
        "record_status": "success",
        "prec_no": "55",
        "block_no": "0547",
        "station_class": "a",
        "record_rank_url": "https://www.data.jma.go.jp/stats/etrn/view/rank_a.php?prec_no=55&block_no=0547&year=&month=07&day=&view=p1"
      }
    },
    {
      "type": "Feature",
      "geometry": {
        "type": "Point",
        "coordinates": [
          137.055,
          36.791667
        ]
      },
      "properties": {
        "amedas_code": "55091",
        "name": "伏木",
        "name_kana": "フシキ",
        "name_en": "Fushiki",
        "altitude_m": 12.0,
        "record_value": 12.7,
        "record_date": "1903-07-07",
        "record_status": "success",
        "prec_no": "55",
        "block_no": "47606",
        "station_class": "s",
        "record_rank_url": "https://www.data.jma.go.jp/stats/etrn/view/rank_s.php?prec_no=55&block_no=47606&year=&month=07&day=&view=p1"
      }
    },
    {
      "type": "Feature",
      "geometry": {
        "type": "Point",
        "coordinates": [
          137.201667,
          36.708333
        ]
      },
      "properties": {
        "amedas_code": "55102",
        "name": "富山",
        "name_kana": "トヤマ",
        "name_en": "Toyama",
        "altitude_m": 9.0,
        "record_value": 13.0,
        "record_date": "1966-07-05",
        "record_status": "success",
        "prec_no": "55",
        "block_no": "47607",
        "station_class": "s",
        "record_rank_url": "https://www.data.jma.go.jp/stats/etrn/view/rank_s.php?prec_no=55&block_no=47607&year=&month=07&day=&view=p1"
      }
    },
    {
      "type": "Feature",
      "geometry": {
        "type": "Point",
        "coordinates": [
          136.955,
          36.61
        ]
      },
      "properties": {
        "amedas_code": "55141",
        "name": "砺波",
        "name_kana": "トナミ",
        "name_en": "Tonami",
        "altitude_m": 69.0,
        "record_value": 14.7,
        "record_date": "1979-07-05",
        "record_status": "success",
        "prec_no": "55",
        "block_no": "0552",
        "station_class": "a",
        "record_rank_url": "https://www.data.jma.go.jp/stats/etrn/view/rank_a.php?prec_no=55&block_no=0552&year=&month=07&day=&view=p1"
      }
    },
    {
      "type": "Feature",
      "geometry": {
        "type": "Point",
        "coordinates": [
          137.186667,
          36.648333
        ]
      },
      "properties": {
        "amedas_code": "55151",
        "name": "秋ヶ島",
        "name_kana": "アキガシマ：富山空港",
        "name_en": "Akigashima",
        "altitude_m": 24.0,
        "record_value": 16.0,
        "record_date": "2008-07-02",
        "record_status": "success",
        "prec_no": "55",
        "block_no": "1533",
        "station_class": "a",
        "record_rank_url": "https://www.data.jma.go.jp/stats/etrn/view/rank_a.php?prec_no=55&block_no=1533&year=&month=07&day=&view=p1"
      }
    },
    {
      "type": "Feature",
      "geometry": {
        "type": "Point",
        "coordinates": [
          137.423333,
          36.67
        ]
      },
      "properties": {
        "amedas_code": "55166",
        "name": "上市",
        "name_kana": "カミイチ",
        "name_en": "Kamiichi",
        "altitude_m": 296.0,
        "record_value": 12.7,
        "record_date": "1989-07-06",
        "record_status": "success",
        "prec_no": "55",
        "block_no": "0553",
        "station_class": "a",
        "record_rank_url": "https://www.data.jma.go.jp/stats/etrn/view/rank_a.php?prec_no=55&block_no=0553&year=&month=07&day=&view=p1"
      }
    },
    {
      "type": "Feature",
      "geometry": {
        "type": "Point",
        "coordinates": [
          136.871667,
          36.545
        ]
      },
      "properties": {
        "amedas_code": "55191",
        "name": "南砺高宮",
        "name_kana": "ナントタカミヤ",
        "name_en": "Nanto-Takamiya",
        "altitude_m": 91.0,
        "record_value": 13.9,
        "record_date": "1979-07-06",
        "record_status": "success",
        "prec_no": "55",
        "block_no": "0554",
        "station_class": "a",
        "record_rank_url": "https://www.data.jma.go.jp/stats/etrn/view/rank_a.php?prec_no=55&block_no=0554&year=&month=07&day=&view=p1"
      }
    },
    {
      "type": "Feature",
      "geometry": {
        "type": "Point",
        "coordinates": [
          137.158333,
          36.57
        ]
      },
      "properties": {
        "amedas_code": "55206",
        "name": "八尾",
        "name_kana": "ヤツオ",
        "name_en": "Yatsuo",
        "altitude_m": 124.0,
        "record_value": 13.4,
        "record_date": "1979-07-06",
        "record_status": "success",
        "prec_no": "55",
        "block_no": "0555",
        "station_class": "a",
        "record_rank_url": "https://www.data.jma.go.jp/stats/etrn/view/rank_a.php?prec_no=55&block_no=0555&year=&month=07&day=&view=p1"
      }
    },
    {
      "type": "Feature",
      "geometry": {
        "type": "Point",
        "coordinates": [
          137.286667,
          37.446667
        ]
      },
      "properties": {
        "amedas_code": "56036",
        "name": "珠洲",
        "name_kana": "スズ",
        "name_en": "Suzu",
        "altitude_m": 4.0,
        "record_value": 11.7,
        "record_date": "1989-07-06",
        "record_status": "success",
        "prec_no": "56",
        "block_no": "0560",
        "station_class": "a",
        "record_rank_url": "https://www.data.jma.go.jp/stats/etrn/view/rank_a.php?prec_no=56&block_no=0560&year=&month=07&day=&view=p1"
      }
    },
    {
      "type": "Feature",
      "geometry": {
        "type": "Point",
        "coordinates": [
          136.895,
          37.39
        ]
      },
      "properties": {
        "amedas_code": "56052",
        "name": "輪島",
        "name_kana": "ワジマ",
        "name_en": "Wajima",
        "altitude_m": 5.0,
        "record_value": 10.3,
        "record_date": "1967-07-01",
        "record_status": "success",
        "prec_no": "56",
        "block_no": "47600",
        "station_class": "s",
        "record_rank_url": "https://www.data.jma.go.jp/stats/etrn/view/rank_s.php?prec_no=56&block_no=47600&year=&month=07&day=&view=p1"
      }
    },
    {
      "type": "Feature",
      "geometry": {
        "type": "Point",
        "coordinates": [
          136.961667,
          37.293333
        ]
      },
      "properties": {
        "amedas_code": "56093",
        "name": "三井",
        "name_kana": "ミイ：能登空港",
        "name_en": "Mii",
        "altitude_m": 219.0,
        "record_value": 13.5,
        "record_date": "2008-07-01",
        "record_status": "success",
        "prec_no": "56",
        "block_no": "1544",
        "station_class": "a",
        "record_rank_url": "https://www.data.jma.go.jp/stats/etrn/view/rank_a.php?prec_no=56&block_no=1544&year=&month=07&day=&view=p1"
      }
    },
    {
      "type": "Feature",
      "geometry": {
        "type": "Point",
        "coordinates": [
          136.725,
          37.143333
        ]
      },
      "properties": {
        "amedas_code": "56116",
        "name": "志賀",
        "name_kana": "シカ",
        "name_en": "Shika",
        "altitude_m": 6.0,
        "record_value": 12.1,
        "record_date": "1989-07-06",
        "record_status": "success",
        "prec_no": "56",
        "block_no": "0564",
        "station_class": "a",
        "record_rank_url": "https://www.data.jma.go.jp/stats/etrn/view/rank_a.php?prec_no=56&block_no=0564&year=&month=07&day=&view=p1"
      }
    },
    {
      "type": "Feature",
      "geometry": {
        "type": "Point",
        "coordinates": [
          136.991667,
          37.03
        ]
      },
      "properties": {
        "amedas_code": "56146",
        "name": "七尾",
        "name_kana": "ナナオ",
        "name_en": "Nanao",
        "altitude_m": 58.0,
        "record_value": 14.2,
        "record_date": "1979-07-05",
        "record_status": "success",
        "prec_no": "56",
        "block_no": "0565",
        "station_class": "a",
        "record_rank_url": "https://www.data.jma.go.jp/stats/etrn/view/rank_a.php?prec_no=56&block_no=0565&year=&month=07&day=&view=p1"
      }
    },
    {
      "type": "Feature",
      "geometry": {
        "type": "Point",
        "coordinates": [
          136.776667,
          36.893333
        ]
      },
      "properties": {
        "amedas_code": "56176",
        "name": "羽咋",
        "name_kana": "ハクイ",
        "name_en": "Hakui",
        "altitude_m": 15.0,
        "record_value": 15.3,
        "record_date": "1989-07-06",
        "record_status": "success",
        "prec_no": "56",
        "block_no": "0566",
        "station_class": "a",
        "record_rank_url": "https://www.data.jma.go.jp/stats/etrn/view/rank_a.php?prec_no=56&block_no=0566&year=&month=07&day=&view=p1"
      }
    },
    {
      "type": "Feature",
      "geometry": {
        "type": "Point",
        "coordinates": [
          136.691667,
          36.711667
        ]
      },
      "properties": {
        "amedas_code": "56186",
        "name": "かほく",
        "name_kana": "カホク",
        "name_en": "Kahoku",
        "altitude_m": 42.0,
        "record_value": 13.7,
        "record_date": "1979-07-05",
        "record_status": "success",
        "prec_no": "56",
        "block_no": "0567",
        "station_class": "a",
        "record_rank_url": "https://www.data.jma.go.jp/stats/etrn/view/rank_a.php?prec_no=56&block_no=0567&year=&month=07&day=&view=p1"
      }
    },
    {
      "type": "Feature",
      "geometry": {
        "type": "Point",
        "coordinates": [
          136.633333,
          36.588333
        ]
      },
      "properties": {
        "amedas_code": "56227",
        "name": "金沢",
        "name_kana": "カナザワ",
        "name_en": "Kanazawa",
        "altitude_m": 6.0,
        "record_value": 11.0,
        "record_date": "1903-07-07",
        "record_status": "success",
        "prec_no": "56",
        "block_no": "47605",
        "station_class": "s",
        "record_rank_url": "https://www.data.jma.go.jp/stats/etrn/view/rank_s.php?prec_no=56&block_no=47605&year=&month=07&day=&view=p1"
      }
    },
    {
      "type": "Feature",
      "geometry": {
        "type": "Point",
        "coordinates": [
          136.435,
          36.381667
        ]
      },
      "properties": {
        "amedas_code": "56276",
        "name": "小松",
        "name_kana": "コマツ",
        "name_en": "Komatsu",
        "altitude_m": 3.0,
        "record_value": 15.1,
        "record_date": "1988-07-02",
        "record_status": "success",
        "prec_no": "56",
        "block_no": "1324",
        "station_class": "a",
        "record_rank_url": "https://www.data.jma.go.jp/stats/etrn/view/rank_a.php?prec_no=56&block_no=1324&year=&month=07&day=&view=p1"
      }
    },
    {
      "type": "Feature",
      "geometry": {
        "type": "Point",
        "coordinates": [
          136.62,
          36.396667
        ]
      },
      "properties": {
        "amedas_code": "56286",
        "name": "白山河内",
        "name_kana": "ハクサンカワチ",
        "name_en": "Hakusan-kawachi",
        "altitude_m": 136.0,
        "record_value": 13.6,
        "record_date": "1988-07-02",
        "record_status": "success",
        "prec_no": "56",
        "block_no": "0973",
        "station_class": "a",
        "record_rank_url": "https://www.data.jma.go.jp/stats/etrn/view/rank_a.php?prec_no=56&block_no=0973&year=&month=07&day=&view=p1"
      }
    },
    {
      "type": "Feature",
      "geometry": {
        "type": "Point",
        "coordinates": [
          136.396667,
          36.261667
        ]
      },
      "properties": {
        "amedas_code": "56301",
        "name": "加賀中津原",
        "name_kana": "カガナカツハラ",
        "name_en": "Kaga-Nakatsuhara",
        "altitude_m": 65.0,
        "record_value": 13.3,
        "record_date": "1988-07-02",
        "record_status": "success",
        "prec_no": "56",
        "block_no": "0571",
        "station_class": "a",
        "record_rank_url": "https://www.data.jma.go.jp/stats/etrn/view/rank_a.php?prec_no=56&block_no=0571&year=&month=07&day=&view=p1"
      }
    },
    {
      "type": "Feature",
      "geometry": {
        "type": "Point",
        "coordinates": [
          136.173333,
          36.243333
        ]
      },
      "properties": {
        "amedas_code": "57001",
        "name": "三国",
        "name_kana": "ミクニ",
        "name_en": "Mikuni",
        "altitude_m": 34.0,
        "record_value": 14.4,
        "record_date": "1983-07-10",
        "record_status": "success",
        "prec_no": "57",
        "block_no": "1071",
        "station_class": "a",
        "record_rank_url": "https://www.data.jma.go.jp/stats/etrn/view/rank_a.php?prec_no=57&block_no=1071&year=&month=07&day=&view=p1"
      }
    },
    {
      "type": "Feature",
      "geometry": {
        "type": "Point",
        "coordinates": [
          136.223333,
          36.141667
        ]
      },
      "properties": {
        "amedas_code": "57026",
        "name": "春江",
        "name_kana": "ハルエ：福井空港",
        "name_en": "Harue",
        "altitude_m": 5.0,
        "record_value": 17.1,
        "record_date": "2003-07-02",
        "record_status": "success",
        "prec_no": "57",
        "block_no": "1537",
        "station_class": "a",
        "record_rank_url": "https://www.data.jma.go.jp/stats/etrn/view/rank_a.php?prec_no=57&block_no=1537&year=&month=07&day=&view=p1"
      }
    },
    {
      "type": "Feature",
      "geometry": {
        "type": "Point",
        "coordinates": [
          135.99,
          36.011667
        ]
      },
      "properties": {
        "amedas_code": "57051",
        "name": "越廼",
        "name_kana": "コシノ",
        "name_en": "Koshino",
        "altitude_m": 30.0,
        "record_value": 16.2,
        "record_date": "1986-07-03",
        "record_status": "success",
        "prec_no": "57",
        "block_no": "1316",
        "station_class": "a",
        "record_rank_url": "https://www.data.jma.go.jp/stats/etrn/view/rank_a.php?prec_no=57&block_no=1316&year=&month=07&day=&view=p1"
      }
    },
    {
      "type": "Feature",
      "geometry": {
        "type": "Point",
        "coordinates": [
          136.221667,
          36.055
        ]
      },
      "properties": {
        "amedas_code": "57066",
        "name": "福井",
        "name_kana": "フクイ",
        "name_en": "Fukui",
        "altitude_m": 9.0,
        "record_value": 12.8,
        "record_date": "1915-07-01",
        "record_status": "success",
        "prec_no": "57",
        "block_no": "47616",
        "station_class": "s",
        "record_rank_url": "https://www.data.jma.go.jp/stats/etrn/view/rank_s.php?prec_no=57&block_no=47616&year=&month=07&day=&view=p1"
      }
    },
    {
      "type": "Feature",
      "geometry": {
        "type": "Point",
        "coordinates": [
          136.521667,
          36.038333
        ]
      },
      "properties": {
        "amedas_code": "57082",
        "name": "勝山",
        "name_kana": "カツヤマ",
        "name_en": "Katsuyama",
        "altitude_m": 196.0,
        "record_value": 14.7,
        "record_date": "1996-07-12",
        "record_status": "success",
        "prec_no": "57",
        "block_no": "1226",
        "station_class": "a",
        "record_rank_url": "https://www.data.jma.go.jp/stats/etrn/view/rank_a.php?prec_no=57&block_no=1226&year=&month=07&day=&view=p1"
      }
    },
    {
      "type": "Feature",
      "geometry": {
        "type": "Point",
        "coordinates": [
          136.496667,
          35.971667
        ]
      },
      "properties": {
        "amedas_code": "57121",
        "name": "大野",
        "name_kana": "オオノ",
        "name_en": "Ono",
        "altitude_m": 182.0,
        "record_value": 13.4,
        "record_date": "1979-07-06",
        "record_status": "success",
        "prec_no": "57",
        "block_no": "0573",
        "station_class": "a",
        "record_rank_url": "https://www.data.jma.go.jp/stats/etrn/view/rank_a.php?prec_no=57&block_no=0573&year=&month=07&day=&view=p1"
      }
    },
    {
      "type": "Feature",
      "geometry": {
        "type": "Point",
        "coordinates": [
          136.2,
          35.766667
        ]
      },
      "properties": {
        "amedas_code": "57206",
        "name": "今庄",
        "name_kana": "イマジョウ",
        "name_en": "Imajo",
        "altitude_m": 128.0,
        "record_value": 12.2,
        "record_date": "1982-07-01",
        "record_status": "success",
        "prec_no": "57",
        "block_no": "0577",
        "station_class": "a",
        "record_rank_url": "https://www.data.jma.go.jp/stats/etrn/view/rank_a.php?prec_no=57&block_no=0577&year=&month=07&day=&view=p1"
      }
    },
    {
      "type": "Feature",
      "geometry": {
        "type": "Point",
        "coordinates": [
          136.061667,
          35.653333
        ]
      },
      "properties": {
        "amedas_code": "57248",
        "name": "敦賀",
        "name_kana": "ツルガ",
        "name_en": "Tsuruga",
        "altitude_m": 2.0,
        "record_value": 13.1,
        "record_date": "1915-07-01",
        "record_status": "success",
        "prec_no": "57",
        "block_no": "47631",
        "station_class": "s",
        "record_rank_url": "https://www.data.jma.go.jp/stats/etrn/view/rank_s.php?prec_no=57&block_no=47631&year=&month=07&day=&view=p1"
      }
    },
    {
      "type": "Feature",
      "geometry": {
        "type": "Point",
        "coordinates": [
          135.916667,
          35.6
        ]
      },
      "properties": {
        "amedas_code": "57286",
        "name": "美浜",
        "name_kana": "ミハマ",
        "name_en": "Mihama",
        "altitude_m": 10.0,
        "record_value": 14.2,
        "record_date": "1982-07-01",
        "record_status": "success",
        "prec_no": "57",
        "block_no": "1010",
        "station_class": "a",
        "record_rank_url": "https://www.data.jma.go.jp/stats/etrn/view/rank_a.php?prec_no=57&block_no=1010&year=&month=07&day=&view=p1"
      }
    },
    {
      "type": "Feature",
      "geometry": {
        "type": "Point",
        "coordinates": [
          135.781667,
          35.483333
        ]
      },
      "properties": {
        "amedas_code": "57317",
        "name": "小浜",
        "name_kana": "オバマ",
        "name_en": "Obama",
        "altitude_m": 10.0,
        "record_value": 13.6,
        "record_date": "1982-07-01",
        "record_status": "success",
        "prec_no": "57",
        "block_no": "0579",
        "station_class": "a",
        "record_rank_url": "https://www.data.jma.go.jp/stats/etrn/view/rank_a.php?prec_no=57&block_no=0579&year=&month=07&day=&view=p1"
      }
    },
    {
      "type": "Feature",
      "geometry": {
        "type": "Point",
        "coordinates": [
          136.028333,
          35.411667
        ]
      },
      "properties": {
        "amedas_code": "60051",
        "name": "今津",
        "name_kana": "イマヅ",
        "name_en": "Imazu",
        "altitude_m": 88.0,
        "record_value": 12.6,
        "record_date": "1982-07-01",
        "record_status": "success",
        "prec_no": "60",
        "block_no": "0580",
        "station_class": "a",
        "record_rank_url": "https://www.data.jma.go.jp/stats/etrn/view/rank_a.php?prec_no=60&block_no=0580&year=&month=07&day=&view=p1"
      }
    },
    {
      "type": "Feature",
      "geometry": {
        "type": "Point",
        "coordinates": [
          136.241667,
          35.423333
        ]
      },
      "properties": {
        "amedas_code": "60061",
        "name": "長浜",
        "name_kana": "ナガハマ",
        "name_en": "Nagahama",
        "altitude_m": 95.0,
        "record_value": 12.8,
        "record_date": "1982-07-01",
        "record_status": "success",
        "prec_no": "60",
        "block_no": "0976",
        "station_class": "a",
        "record_rank_url": "https://www.data.jma.go.jp/stats/etrn/view/rank_a.php?prec_no=60&block_no=0976&year=&month=07&day=&view=p1"
      }
    },
    {
      "type": "Feature",
      "geometry": {
        "type": "Point",
        "coordinates": [
          136.343333,
          35.383333
        ]
      },
      "properties": {
        "amedas_code": "60102",
        "name": "米原",
        "name_kana": "マイバラ",
        "name_en": "Maibara",
        "altitude_m": 147.0,
        "record_value": 14.9,
        "record_date": "2007-07-31",
        "record_status": "success",
        "prec_no": "60",
        "block_no": "1524",
        "station_class": "a",
        "record_rank_url": "https://www.data.jma.go.jp/stats/etrn/view/rank_a.php?prec_no=60&block_no=1524&year=&month=07&day=&view=p1"
      }
    },
    {
      "type": "Feature",
      "geometry": {
        "type": "Point",
        "coordinates": [
          135.956667,
          35.235
        ]
      },
      "properties": {
        "amedas_code": "60116",
        "name": "南小松",
        "name_kana": "ミナミコマツ",
        "name_en": "Minami-Komatsu",
        "altitude_m": 90.0,
        "record_value": 14.3,
        "record_date": "1982-07-01",
        "record_status": "success",
        "prec_no": "60",
        "block_no": "1083",
        "station_class": "a",
        "record_rank_url": "https://www.data.jma.go.jp/stats/etrn/view/rank_a.php?prec_no=60&block_no=1083&year=&month=07&day=&view=p1"
      }
    },
    {
      "type": "Feature",
      "geometry": {
        "type": "Point",
        "coordinates": [
          136.243333,
          35.275
        ]
      },
      "properties": {
        "amedas_code": "60131",
        "name": "彦根",
        "name_kana": "ヒコネ",
        "name_en": "Hikone",
        "altitude_m": 87.0,
        "record_value": 12.8,
        "record_date": "1915-07-08",
        "record_status": "success",
        "prec_no": "60",
        "block_no": "47761",
        "station_class": "s",
        "record_rank_url": "https://www.data.jma.go.jp/stats/etrn/view/rank_s.php?prec_no=60&block_no=47761&year=&month=07&day=&view=p1"
      }
    },
    {
      "type": "Feature",
      "geometry": {
        "type": "Point",
        "coordinates": [
          136.19,
          35.061667
        ]
      },
      "properties": {
        "amedas_code": "60196",
        "name": "東近江",
        "name_kana": "ヒガシオウミ",
        "name_en": "Higashi-Omi",
        "altitude_m": 128.0,
        "record_value": 13.2,
        "record_date": "1982-07-03",
        "record_status": "success",
        "prec_no": "60",
        "block_no": "0963",
        "station_class": "a",
        "record_rank_url": "https://www.data.jma.go.jp/stats/etrn/view/rank_a.php?prec_no=60&block_no=0963&year=&month=07&day=&view=p1"
      }
    },
    {
      "type": "Feature",
      "geometry": {
        "type": "Point",
        "coordinates": [
          135.911667,
          34.991667
        ]
      },
      "properties": {
        "amedas_code": "60216",
        "name": "大津",
        "name_kana": "オオツ",
        "name_en": "Otsu",
        "altitude_m": 86.0,
        "record_value": 15.1,
        "record_date": "2003-07-16",
        "record_status": "success",
        "prec_no": "60",
        "block_no": "0586",
        "station_class": "a",
        "record_rank_url": "https://www.data.jma.go.jp/stats/etrn/view/rank_a.php?prec_no=60&block_no=0586&year=&month=07&day=&view=p1"
      }
    },
    {
      "type": "Feature",
      "geometry": {
        "type": "Point",
        "coordinates": [
          136.08,
          34.913333
        ]
      },
      "properties": {
        "amedas_code": "60226",
        "name": "信楽",
        "name_kana": "シガラキ",
        "name_en": "Shigaraki",
        "altitude_m": 265.0,
        "record_value": 10.8,
        "record_date": "1982-07-03",
        "record_status": "success",
        "prec_no": "60",
        "block_no": "0964",
        "station_class": "a",
        "record_rank_url": "https://www.data.jma.go.jp/stats/etrn/view/rank_a.php?prec_no=60&block_no=0964&year=&month=07&day=&view=p1"
      }
    },
    {
      "type": "Feature",
      "geometry": {
        "type": "Point",
        "coordinates": [
          136.278333,
          34.938333
        ]
      },
      "properties": {
        "amedas_code": "60236",
        "name": "土山",
        "name_kana": "ツチヤマ",
        "name_en": "Tsuchiyama",
        "altitude_m": 248.0,
        "record_value": 13.1,
        "record_date": "1979-07-06",
        "record_status": "success",
        "prec_no": "60",
        "block_no": "0587",
        "station_class": "a",
        "record_rank_url": "https://www.data.jma.go.jp/stats/etrn/view/rank_a.php?prec_no=60&block_no=0587&year=&month=07&day=&view=p1"
      }
    },
    {
      "type": "Feature",
      "geometry": {
        "type": "Point",
        "coordinates": [
          135.086667,
          35.736667
        ]
      },
      "properties": {
        "amedas_code": "61001",
        "name": "間人",
        "name_kana": "タイザ",
        "name_en": "Taiza",
        "altitude_m": 42.0,
        "record_value": 16.3,
        "record_date": "1982-07-01",
        "record_status": "success",
        "prec_no": "61",
        "block_no": "0965",
        "station_class": "a",
        "record_rank_url": "https://www.data.jma.go.jp/stats/etrn/view/rank_a.php?prec_no=61&block_no=0965&year=&month=07&day=&view=p1"
      }
    },
    {
      "type": "Feature",
      "geometry": {
        "type": "Point",
        "coordinates": [
          135.235,
          35.55
        ]
      },
      "properties": {
        "amedas_code": "61076",
        "name": "宮津",
        "name_kana": "ミヤヅ",
        "name_en": "Miyazu",
        "altitude_m": 2.0,
        "record_value": 13.6,
        "record_date": "1982-07-01",
        "record_status": "success",
        "prec_no": "61",
        "block_no": "0589",
        "station_class": "a",
        "record_rank_url": "https://www.data.jma.go.jp/stats/etrn/view/rank_a.php?prec_no=61&block_no=0589&year=&month=07&day=&view=p1"
      }
    },
    {
      "type": "Feature",
      "geometry": {
        "type": "Point",
        "coordinates": [
          135.316667,
          35.45
        ]
      },
      "properties": {
        "amedas_code": "61111",
        "name": "舞鶴",
        "name_kana": "マイヅル",
        "name_en": "Maizuru",
        "altitude_m": 2.0,
        "record_value": 13.0,
        "record_date": "1966-07-05",
        "record_status": "success",
        "prec_no": "61",
        "block_no": "47750",
        "station_class": "s",
        "record_rank_url": "https://www.data.jma.go.jp/stats/etrn/view/rank_s.php?prec_no=61&block_no=47750&year=&month=07&day=&view=p1"
      }
    },
    {
      "type": "Feature",
      "geometry": {
        "type": "Point",
        "coordinates": [
          135.113333,
          35.311667
        ]
      },
      "properties": {
        "amedas_code": "61187",
        "name": "福知山",
        "name_kana": "フクチヤマ",
        "name_en": "Fukuchiyama",
        "altitude_m": 17.0,
        "record_value": 12.8,
        "record_date": "1982-07-01",
        "record_status": "success",
        "prec_no": "61",
        "block_no": "0593",
        "station_class": "a",
        "record_rank_url": "https://www.data.jma.go.jp/stats/etrn/view/rank_a.php?prec_no=61&block_no=0593&year=&month=07&day=&view=p1"
      }
    },
    {
      "type": "Feature",
      "geometry": {
        "type": "Point",
        "coordinates": [
          135.55,
          35.275
        ]
      },
      "properties": {
        "amedas_code": "61206",
        "name": "美山",
        "name_kana": "ミヤマ",
        "name_en": "Miyama",
        "altitude_m": 200.0,
        "record_value": 11.9,
        "record_date": "1982-07-01",
        "record_status": "success",
        "prec_no": "61",
        "block_no": "1303",
        "station_class": "a",
        "record_rank_url": "https://www.data.jma.go.jp/stats/etrn/view/rank_a.php?prec_no=61&block_no=1303&year=&month=07&day=&view=p1"
      }
    },
    {
      "type": "Feature",
      "geometry": {
        "type": "Point",
        "coordinates": [
          135.455,
          35.108333
        ]
      },
      "properties": {
        "amedas_code": "61242",
        "name": "園部",
        "name_kana": "ソノベ",
        "name_en": "Sonobe",
        "altitude_m": 134.0,
        "record_value": 15.0,
        "record_date": "2007-07-31",
        "record_status": "success",
        "prec_no": "61",
        "block_no": "0596",
        "station_class": "a",
        "record_rank_url": "https://www.data.jma.go.jp/stats/etrn/view/rank_a.php?prec_no=61&block_no=0596&year=&month=07&day=&view=p1"
      }
    },
    {
      "type": "Feature",
      "geometry": {
        "type": "Point",
        "coordinates": [
          135.731667,
          35.013333
        ]
      },
      "properties": {
        "amedas_code": "61286",
        "name": "京都",
        "name_kana": "キョウト",
        "name_en": "Kyoto",
        "altitude_m": 41.0,
        "record_value": 10.6,
        "record_date": "1909-07-04",
        "record_status": "success",
        "prec_no": "61",
        "block_no": "47759",
        "station_class": "s",
        "record_rank_url": "https://www.data.jma.go.jp/stats/etrn/view/rank_s.php?prec_no=61&block_no=47759&year=&month=07&day=&view=p1"
      }
    },
    {
      "type": "Feature",
      "geometry": {
        "type": "Point",
        "coordinates": [
          135.76,
          34.83
        ]
      },
      "properties": {
        "amedas_code": "61326",
        "name": "京田辺",
        "name_kana": "キョウタナベ",
        "name_en": "Kyotanabe",
        "altitude_m": 20.0,
        "record_value": 13.8,
        "record_date": "1982-07-01",
        "record_status": "success",
        "prec_no": "61",
        "block_no": "0598",
        "station_class": "a",
        "record_rank_url": "https://www.data.jma.go.jp/stats/etrn/view/rank_a.php?prec_no=61&block_no=0598&year=&month=07&day=&view=p1"
      }
    },
    {
      "type": "Feature",
      "geometry": {
        "type": "Point",
        "coordinates": [
          135.455,
          34.948333
        ]
      },
      "properties": {
        "amedas_code": "62016",
        "name": "能勢",
        "name_kana": "ノセ",
        "name_en": "Nose",
        "altitude_m": 235.0,
        "record_value": 12.3,
        "record_date": "1982-07-01",
        "record_status": "success",
        "prec_no": "62",
        "block_no": "0600",
        "station_class": "a",
        "record_rank_url": "https://www.data.jma.go.jp/stats/etrn/view/rank_a.php?prec_no=62&block_no=0600&year=&month=07&day=&view=p1"
      }
    },
    {
      "type": "Feature",
      "geometry": {
        "type": "Point",
        "coordinates": [
          135.671667,
          34.808333
        ]
      },
      "properties": {
        "amedas_code": "62046",
        "name": "枚方",
        "name_kana": "ヒラカタ",
        "name_en": "Hirakata",
        "altitude_m": 26.0,
        "record_value": 15.2,
        "record_date": "1982-07-01",
        "record_status": "success",
        "prec_no": "62",
        "block_no": "1065",
        "station_class": "a",
        "record_rank_url": "https://www.data.jma.go.jp/stats/etrn/view/rank_a.php?prec_no=62&block_no=1065&year=&month=07&day=&view=p1"
      }
    },
    {
      "type": "Feature",
      "geometry": {
        "type": "Point",
        "coordinates": [
          135.438333,
          34.783333
        ]
      },
      "properties": {
        "amedas_code": "62051",
        "name": "豊中",
        "name_kana": "トヨナカ：大阪国際空港",
        "name_en": "Toyonaka",
        "altitude_m": 12.0,
        "record_value": 15.7,
        "record_date": "1982-07-01",
        "record_status": "success",
        "prec_no": "62",
        "block_no": "0602",
        "station_class": "a",
        "record_rank_url": "https://www.data.jma.go.jp/stats/etrn/view/rank_a.php?prec_no=62&block_no=0602&year=&month=07&day=&view=p1"
      }
    },
    {
      "type": "Feature",
      "geometry": {
        "type": "Point",
        "coordinates": [
          135.518333,
          34.681667
        ]
      },
      "properties": {
        "amedas_code": "62078",
        "name": "大阪",
        "name_kana": "オオサカ",
        "name_en": "Osaka",
        "altitude_m": 23.0,
        "record_value": 14.8,
        "record_date": "1913-07-10",
        "record_status": "success",
        "prec_no": "62",
        "block_no": "47772",
        "station_class": "s",
        "record_rank_url": "https://www.data.jma.go.jp/stats/etrn/view/rank_s.php?prec_no=62&block_no=47772&year=&month=07&day=&view=p1"
      }
    },
    {
      "type": "Feature",
      "geometry": {
        "type": "Point",
        "coordinates": [
          135.676667,
          34.675
        ]
      },
      "properties": {
        "amedas_code": "62081",
        "name": "生駒山",
        "name_kana": "イコマヤマ",
        "name_en": "Mt. Ikoma",
        "altitude_m": 626.0,
        "record_value": 12.2,
        "record_date": "1976-07-03",
        "record_status": "success",
        "prec_no": "62",
        "block_no": "0604",
        "station_class": "a",
        "record_rank_url": "https://www.data.jma.go.jp/stats/etrn/view/rank_a.php?prec_no=62&block_no=0604&year=&month=07&day=&view=p1"
      }
    },
    {
      "type": "Feature",
      "geometry": {
        "type": "Point",
        "coordinates": [
          135.485,
          34.555
        ]
      },
      "properties": {
        "amedas_code": "62091",
        "name": "堺",
        "name_kana": "サカイ",
        "name_en": "Sakai",
        "altitude_m": 20.0,
        "record_value": 15.5,
        "record_date": "1989-07-05",
        "record_status": "success",
        "prec_no": "62",
        "block_no": "1062",
        "station_class": "a",
        "record_rank_url": "https://www.data.jma.go.jp/stats/etrn/view/rank_a.php?prec_no=62&block_no=1062&year=&month=07&day=&view=p1"
      }
    },
    {
      "type": "Feature",
      "geometry": {
        "type": "Point",
        "coordinates": [
          135.6,
          34.596667
        ]
      },
      "properties": {
        "amedas_code": "62096",
        "name": "八尾",
        "name_kana": "ヤオ：八尾空港",
        "name_en": "Yao",
        "altitude_m": 10.0,
        "record_value": 17.6,
        "record_date": "2003-07-16",
        "record_status": "success",
        "prec_no": "62",
        "block_no": "1470",
        "station_class": "a",
        "record_rank_url": "https://www.data.jma.go.jp/stats/etrn/view/rank_a.php?prec_no=62&block_no=1470&year=&month=07&day=&view=p1"
      }
    },
    {
      "type": "Feature",
      "geometry": {
        "type": "Point",
        "coordinates": [
          135.231667,
          34.433333
        ]
      },
      "properties": {
        "amedas_code": "62101",
        "name": "関空島",
        "name_kana": "カンクウジマ：関西国際空港",
        "name_en": "Kanku Island",
        "altitude_m": 5.0,
        "record_value": 19.5,
        "record_date": "2003-07-16",
        "record_status": "success",
        "prec_no": "62",
        "block_no": "1471",
        "station_class": "a",
        "record_rank_url": "https://www.data.jma.go.jp/stats/etrn/view/rank_a.php?prec_no=62&block_no=1471&year=&month=07&day=&view=p1"
      }
    },
    {
      "type": "Feature",
      "geometry": {
        "type": "Point",
        "coordinates": [
          135.35,
          34.385
        ]
      },
      "properties": {
        "amedas_code": "62131",
        "name": "熊取",
        "name_kana": "クマトリ",
        "name_en": "Kumatori",
        "altitude_m": 68.0,
        "record_value": 14.9,
        "record_date": "1982-07-01",
        "record_status": "success",
        "prec_no": "62",
        "block_no": "0606",
        "station_class": "a",
        "record_rank_url": "https://www.data.jma.go.jp/stats/etrn/view/rank_a.php?prec_no=62&block_no=0606&year=&month=07&day=&view=p1"
      }
    },
    {
      "type": "Feature",
      "geometry": {
        "type": "Point",
        "coordinates": [
          134.626667,
          35.625
        ]
      },
      "properties": {
        "amedas_code": "63016",
        "name": "香住",
        "name_kana": "カスミ",
        "name_en": "Kasumi",
        "altitude_m": 5.0,
        "record_value": 14.3,
        "record_date": "1982-07-01",
        "record_status": "success",
        "prec_no": "63",
        "block_no": "0607",
        "station_class": "a",
        "record_rank_url": "https://www.data.jma.go.jp/stats/etrn/view/rank_a.php?prec_no=63&block_no=0607&year=&month=07&day=&view=p1"
      }
    },
    {
      "type": "Feature",
      "geometry": {
        "type": "Point",
        "coordinates": [
          134.821667,
          35.535
        ]
      },
      "properties": {
        "amedas_code": "63051",
        "name": "豊岡",
        "name_kana": "トヨオカ",
        "name_en": "Toyooka",
        "altitude_m": 3.0,
        "record_value": 13.0,
        "record_date": "1966-07-04",
        "record_status": "success",
        "prec_no": "63",
        "block_no": "47747",
        "station_class": "s",
        "record_rank_url": "https://www.data.jma.go.jp/stats/etrn/view/rank_s.php?prec_no=63&block_no=47747&year=&month=07&day=&view=p1"
      }
    },
    {
      "type": "Feature",
      "geometry": {
        "type": "Point",
        "coordinates": [
          134.583333,
          35.431667
        ]
      },
      "properties": {
        "amedas_code": "63071",
        "name": "兎和野高原",
        "name_kana": "ウワノコウゲン",
        "name_en": "Uwano Highlands",
        "altitude_m": 540.0,
        "record_value": 13.2,
        "record_date": "2007-07-24",
        "record_status": "success",
        "prec_no": "63",
        "block_no": "0977",
        "station_class": "a",
        "record_rank_url": "https://www.data.jma.go.jp/stats/etrn/view/rank_a.php?prec_no=63&block_no=0977&year=&month=07&day=&view=p1"
      }
    },
    {
      "type": "Feature",
      "geometry": {
        "type": "Point",
        "coordinates": [
          134.848333,
          35.323333
        ]
      },
      "properties": {
        "amedas_code": "63121",
        "name": "和田山",
        "name_kana": "ワダヤマ",
        "name_en": "Wadayama",
        "altitude_m": 80.0,
        "record_value": 13.8,
        "record_date": "1982-07-01",
        "record_status": "success",
        "prec_no": "63",
        "block_no": "0612",
        "station_class": "a",
        "record_rank_url": "https://www.data.jma.go.jp/stats/etrn/view/rank_a.php?prec_no=63&block_no=0612&year=&month=07&day=&view=p1"
      }
    },
    {
      "type": "Feature",
      "geometry": {
        "type": "Point",
        "coordinates": [
          134.791667,
          35.166667
        ]
      },
      "properties": {
        "amedas_code": "63201",
        "name": "生野",
        "name_kana": "イクノ",
        "name_en": "Ikuno",
        "altitude_m": 320.0,
        "record_value": 13.3,
        "record_date": "1982-07-04",
        "record_status": "success",
        "prec_no": "63",
        "block_no": "0613",
        "station_class": "a",
        "record_rank_url": "https://www.data.jma.go.jp/stats/etrn/view/rank_a.php?prec_no=63&block_no=0613&year=&month=07&day=&view=p1"
      }
    },
    {
      "type": "Feature",
      "geometry": {
        "type": "Point",
        "coordinates": [
          135.065,
          35.136667
        ]
      },
      "properties": {
        "amedas_code": "63216",
        "name": "柏原",
        "name_kana": "カイバラ",
        "name_en": "Kaibara",
        "altitude_m": 98.0,
        "record_value": 13.1,
        "record_date": "1982-07-01",
        "record_status": "success",
        "prec_no": "63",
        "block_no": "0614",
        "station_class": "a",
        "record_rank_url": "https://www.data.jma.go.jp/stats/etrn/view/rank_a.php?prec_no=63&block_no=0614&year=&month=07&day=&view=p1"
      }
    },
    {
      "type": "Feature",
      "geometry": {
        "type": "Point",
        "coordinates": [
          134.585,
          35.096667
        ]
      },
      "properties": {
        "amedas_code": "63251",
        "name": "一宮",
        "name_kana": "イチノミヤ",
        "name_en": "Ichinomiya",
        "altitude_m": 195.0,
        "record_value": 13.6,
        "record_date": "1982-07-01",
        "record_status": "success",
        "prec_no": "63",
        "block_no": "0615",
        "station_class": "a",
        "record_rank_url": "https://www.data.jma.go.jp/stats/etrn/view/rank_a.php?prec_no=63&block_no=0615&year=&month=07&day=&view=p1"
      }
    },
    {
      "type": "Feature",
      "geometry": {
        "type": "Point",
        "coordinates": [
          134.748333,
          34.95
        ]
      },
      "properties": {
        "amedas_code": "63321",
        "name": "福崎",
        "name_kana": "フクサキ",
        "name_en": "Fukusaki",
        "altitude_m": 72.0,
        "record_value": 15.0,
        "record_date": "1982-07-01",
        "record_status": "success",
        "prec_no": "63",
        "block_no": "0968",
        "station_class": "a",
        "record_rank_url": "https://www.data.jma.go.jp/stats/etrn/view/rank_a.php?prec_no=63&block_no=0968&year=&month=07&day=&view=p1"
      }
    },
    {
      "type": "Feature",
      "geometry": {
        "type": "Point",
        "coordinates": [
          134.996667,
          34.998333
        ]
      },
      "properties": {
        "amedas_code": "63331",
        "name": "西脇",
        "name_kana": "ニシワキ",
        "name_en": "Nishiwaki",
        "altitude_m": 72.0,
        "record_value": 14.8,
        "record_date": "1982-07-04",
        "record_status": "success",
        "prec_no": "63",
        "block_no": "0956",
        "station_class": "a",
        "record_rank_url": "https://www.data.jma.go.jp/stats/etrn/view/rank_a.php?prec_no=63&block_no=0956&year=&month=07&day=&view=p1"
      }
    },
    {
      "type": "Feature",
      "geometry": {
        "type": "Point",
        "coordinates": [
          134.373333,
          34.858333
        ]
      },
      "properties": {
        "amedas_code": "63366",
        "name": "上郡",
        "name_kana": "カミゴオリ",
        "name_en": "Kamigori",
        "altitude_m": 20.0,
        "record_value": 14.3,
        "record_date": "1982-07-01",
        "record_status": "success",
        "prec_no": "63",
        "block_no": "0619",
        "station_class": "a",
        "record_rank_url": "https://www.data.jma.go.jp/stats/etrn/view/rank_a.php?prec_no=63&block_no=0619&year=&month=07&day=&view=p1"
      }
    },
    {
      "type": "Feature",
      "geometry": {
        "type": "Point",
        "coordinates": [
          134.67,
          34.838333
        ]
      },
      "properties": {
        "amedas_code": "63383",
        "name": "姫路",
        "name_kana": "ヒメジ",
        "name_en": "Himeji",
        "altitude_m": 38.0,
        "record_value": 13.0,
        "record_date": "1966-07-04",
        "record_status": "success",
        "prec_no": "63",
        "block_no": "47769",
        "station_class": "s",
        "record_rank_url": "https://www.data.jma.go.jp/stats/etrn/view/rank_s.php?prec_no=63&block_no=47769&year=&month=07&day=&view=p1"
      }
    },
    {
      "type": "Feature",
      "geometry": {
        "type": "Point",
        "coordinates": [
          135.211667,
          34.895
        ]
      },
      "properties": {
        "amedas_code": "63411",
        "name": "三田",
        "name_kana": "サンダ",
        "name_en": "Sanda",
        "altitude_m": 150.0,
        "record_value": 12.6,
        "record_date": "1982-07-01",
        "record_status": "success",
        "prec_no": "63",
        "block_no": "0969",
        "station_class": "a",
        "record_rank_url": "https://www.data.jma.go.jp/stats/etrn/view/rank_a.php?prec_no=63&block_no=0969&year=&month=07&day=&view=p1"
      }
    },
    {
      "type": "Feature",
      "geometry": {
        "type": "Point",
        "coordinates": [
          135.013333,
          34.776667
        ]
      },
      "properties": {
        "amedas_code": "63461",
        "name": "三木",
        "name_kana": "ミキ",
        "name_en": "Miki",
        "altitude_m": 145.0,
        "record_value": 14.7,
        "record_date": "1982-07-01",
        "record_status": "success",
        "prec_no": "63",
        "block_no": "1227",
        "station_class": "a",
        "record_rank_url": "https://www.data.jma.go.jp/stats/etrn/view/rank_a.php?prec_no=63&block_no=1227&year=&month=07&day=&view=p1"
      }
    },
    {
      "type": "Feature",
      "geometry": {
        "type": "Point",
        "coordinates": [
          134.526667,
          34.671667
        ]
      },
      "properties": {
        "amedas_code": "63491",
        "name": "家島",
        "name_kana": "イエシマ",
        "name_en": "Ieshima",
        "altitude_m": 88.0,
        "record_value": 16.5,
        "record_date": "1982-07-01",
        "record_status": "success",
        "prec_no": "63",
        "block_no": "0624",
        "station_class": "a",
        "record_rank_url": "https://www.data.jma.go.jp/stats/etrn/view/rank_a.php?prec_no=63&block_no=0624&year=&month=07&day=&view=p1"
      }
    },
    {
      "type": "Feature",
      "geometry": {
        "type": "Point",
        "coordinates": [
          134.876667,
          34.686667
        ]
      },
      "properties": {
        "amedas_code": "63496",
        "name": "明石",
        "name_kana": "アカシ",
        "name_en": "Akashi",
        "altitude_m": 3.0,
        "record_value": 17.7,
        "record_date": "2003-07-16",
        "record_status": "success",
        "prec_no": "63",
        "block_no": "0625",
        "station_class": "a",
        "record_rank_url": "https://www.data.jma.go.jp/stats/etrn/view/rank_a.php?prec_no=63&block_no=0625&year=&month=07&day=&view=p1"
      }
    },
    {
      "type": "Feature",
      "geometry": {
        "type": "Point",
        "coordinates": [
          135.223333,
          34.631667
        ]
      },
      "properties": {
        "amedas_code": "63517",
        "name": "神戸空港",
        "name_kana": "コウベクウコウ：神戸空港",
        "name_en": "Kobe Airport",
        "altitude_m": 5.0,
        "record_value": 19.4,
        "record_date": "2020-07-13",
        "record_status": "success",
        "prec_no": "63",
        "block_no": "1587",
        "station_class": "a",
        "record_rank_url": "https://www.data.jma.go.jp/stats/etrn/view/rank_a.php?prec_no=63&block_no=1587&year=&month=07&day=&view=p1"
      }
    },
    {
      "type": "Feature",
      "geometry": {
        "type": "Point",
        "coordinates": [
          135.211667,
          34.696667
        ]
      },
      "properties": {
        "amedas_code": "63518",
        "name": "神戸",
        "name_kana": "コウベ",
        "name_en": "Kobe",
        "altitude_m": 5.0,
        "record_value": 14.5,
        "record_date": "1966-07-04",
        "record_status": "success",
        "prec_no": "63",
        "block_no": "47770",
        "station_class": "s",
        "record_rank_url": "https://www.data.jma.go.jp/stats/etrn/view/rank_s.php?prec_no=63&block_no=47770&year=&month=07&day=&view=p1"
      }
    },
    {
      "type": "Feature",
      "geometry": {
        "type": "Point",
        "coordinates": [
          134.848333,
          34.466667
        ]
      },
      "properties": {
        "amedas_code": "63551",
        "name": "郡家",
        "name_kana": "グンゲ",
        "name_en": "Gunge",
        "altitude_m": 5.0,
        "record_value": 16.6,
        "record_date": "1982-07-03",
        "record_status": "success",
        "prec_no": "63",
        "block_no": "0970",
        "station_class": "a",
        "record_rank_url": "https://www.data.jma.go.jp/stats/etrn/view/rank_a.php?prec_no=63&block_no=0970&year=&month=07&day=&view=p1"
      }
    },
    {
      "type": "Feature",
      "geometry": {
        "type": "Point",
        "coordinates": [
          134.848333,
          34.31
        ]
      },
      "properties": {
        "amedas_code": "63571",
        "name": "洲本",
        "name_kana": "スモト",
        "name_en": "Sumoto",
        "altitude_m": 69.0,
        "record_value": 15.5,
        "record_date": "1945-07-08",
        "record_status": "success",
        "prec_no": "63",
        "block_no": "47776",
        "station_class": "s",
        "record_rank_url": "https://www.data.jma.go.jp/stats/etrn/view/rank_s.php?prec_no=63&block_no=47776&year=&month=07&day=&view=p1"
      }
    },
    {
      "type": "Feature",
      "geometry": {
        "type": "Point",
        "coordinates": [
          134.72,
          34.218333
        ]
      },
      "properties": {
        "amedas_code": "63588",
        "name": "南淡",
        "name_kana": "ナンダン",
        "name_en": "Nandan",
        "altitude_m": 5.0,
        "record_value": 18.1,
        "record_date": "2007-07-31",
        "record_status": "success",
        "prec_no": "63",
        "block_no": "1337",
        "station_class": "a",
        "record_rank_url": "https://www.data.jma.go.jp/stats/etrn/view/rank_a.php?prec_no=63&block_no=1337&year=&month=07&day=&view=p1"
      }
    },
    {
      "type": "Feature",
      "geometry": {
        "type": "Point",
        "coordinates": [
          135.836667,
          34.673333
        ]
      },
      "properties": {
        "amedas_code": "64036",
        "name": "奈良",
        "name_kana": "ナラ",
        "name_en": "Nara",
        "altitude_m": 102.0,
        "record_value": 12.2,
        "record_date": "1966-07-04",
        "record_status": "success",
        "prec_no": "64",
        "block_no": "47780",
        "station_class": "s",
        "record_rank_url": "https://www.data.jma.go.jp/stats/etrn/view/rank_s.php?prec_no=64&block_no=47780&year=&month=07&day=&view=p1"
      }
    },
    {
      "type": "Feature",
      "geometry": {
        "type": "Point",
        "coordinates": [
          135.951667,
          34.605
        ]
      },
      "properties": {
        "amedas_code": "64041",
        "name": "針",
        "name_kana": "ハリ",
        "name_en": "Hari",
        "altitude_m": 468.0,
        "record_value": 10.6,
        "record_date": "1982-07-03",
        "record_status": "success",
        "prec_no": "64",
        "block_no": "0630",
        "station_class": "a",
        "record_rank_url": "https://www.data.jma.go.jp/stats/etrn/view/rank_a.php?prec_no=64&block_no=0630&year=&month=07&day=&view=p1"
      }
    },
    {
      "type": "Feature",
      "geometry": {
        "type": "Point",
        "coordinates": [
          135.931667,
          34.488333
        ]
      },
      "properties": {
        "amedas_code": "64101",
        "name": "大宇陀",
        "name_kana": "オオウダ",
        "name_en": "Ouda",
        "altitude_m": 349.0,
        "record_value": 11.3,
        "record_date": "1982-07-03",
        "record_status": "success",
        "prec_no": "64",
        "block_no": "0633",
        "station_class": "a",
        "record_rank_url": "https://www.data.jma.go.jp/stats/etrn/view/rank_a.php?prec_no=64&block_no=0633&year=&month=07&day=&view=p1"
      }
    },
    {
      "type": "Feature",
      "geometry": {
        "type": "Point",
        "coordinates": [
          135.73,
          34.38
        ]
      },
      "properties": {
        "amedas_code": "64127",
        "name": "五條",
        "name_kana": "ゴジョウ",
        "name_en": "Gojo",
        "altitude_m": 190.0,
        "record_value": 15.2,
        "record_date": "2007-07-31",
        "record_status": "success",
        "prec_no": "64",
        "block_no": "0635",
        "station_class": "a",
        "record_rank_url": "https://www.data.jma.go.jp/stats/etrn/view/rank_a.php?prec_no=64&block_no=0635&year=&month=07&day=&view=p1"
      }
    },
    {
      "type": "Feature",
      "geometry": {
        "type": "Point",
        "coordinates": [
          136.005,
          34.136667
        ]
      },
      "properties": {
        "amedas_code": "64206",
        "name": "上北山",
        "name_kana": "カミキタヤマ",
        "name_en": "Kamikitayama",
        "altitude_m": 334.0,
        "record_value": 12.8,
        "record_date": "1982-07-04",
        "record_status": "success",
        "prec_no": "64",
        "block_no": "0957",
        "station_class": "a",
        "record_rank_url": "https://www.data.jma.go.jp/stats/etrn/view/rank_a.php?prec_no=64&block_no=0957&year=&month=07&day=&view=p1"
      }
    },
    {
      "type": "Feature",
      "geometry": {
        "type": "Point",
        "coordinates": [
          135.786667,
          34.045
        ]
      },
      "properties": {
        "amedas_code": "64227",
        "name": "風屋",
        "name_kana": "カゼヤ",
        "name_en": "Kazeya",
        "altitude_m": 301.0,
        "record_value": 13.0,
        "record_date": "1982-07-03",
        "record_status": "success",
        "prec_no": "64",
        "block_no": "1228",
        "station_class": "a",
        "record_rank_url": "https://www.data.jma.go.jp/stats/etrn/view/rank_a.php?prec_no=64&block_no=1228&year=&month=07&day=&view=p1"
      }
    },
    {
      "type": "Feature",
      "geometry": {
        "type": "Point",
        "coordinates": [
          135.528333,
          34.31
        ]
      },
      "properties": {
        "amedas_code": "65026",
        "name": "かつらぎ",
        "name_kana": "カツラギ",
        "name_en": "Katsuragi",
        "altitude_m": 142.0,
        "record_value": 14.2,
        "record_date": "1982-07-03",
        "record_status": "success",
        "prec_no": "65",
        "block_no": "1342",
        "station_class": "a",
        "record_rank_url": "https://www.data.jma.go.jp/stats/etrn/view/rank_a.php?prec_no=65&block_no=1342&year=&month=07&day=&view=p1"
      }
    },
    {
      "type": "Feature",
      "geometry": {
        "type": "Point",
        "coordinates": [
          134.998333,
          34.28
        ]
      },
      "properties": {
        "amedas_code": "65036",
        "name": "友ケ島",
        "name_kana": "トモガシマ",
        "name_en": "Tomogashima Island",
        "altitude_m": 44.0,
        "record_value": 18.8,
        "record_date": "2009-07-04",
        "record_status": "success",
        "prec_no": "65",
        "block_no": "1457",
        "station_class": "a",
        "record_rank_url": "https://www.data.jma.go.jp/stats/etrn/view/rank_a.php?prec_no=65&block_no=1457&year=&month=07&day=&view=p1"
      }
    },
    {
      "type": "Feature",
      "geometry": {
        "type": "Point",
        "coordinates": [
          135.163333,
          34.228333
        ]
      },
      "properties": {
        "amedas_code": "65042",
        "name": "和歌山",
        "name_kana": "ワカヤマ",
        "name_en": "Wakayama",
        "altitude_m": 14.0,
        "record_value": 14.4,
        "record_date": "1887-07-04",
        "record_status": "success",
        "prec_no": "65",
        "block_no": "47777",
        "station_class": "s",
        "record_rank_url": "https://www.data.jma.go.jp/stats/etrn/view/rank_s.php?prec_no=65&block_no=47777&year=&month=07&day=&view=p1"
      }
    },
    {
      "type": "Feature",
      "geometry": {
        "type": "Point",
        "coordinates": [
          135.59,
          34.221667
        ]
      },
      "properties": {
        "amedas_code": "65061",
        "name": "高野山",
        "name_kana": "コウヤサン",
        "name_en": "Koyasan",
        "altitude_m": 801.0,
        "record_value": 9.9,
        "record_date": "1982-07-03",
        "record_status": "success",
        "prec_no": "65",
        "block_no": "0645",
        "station_class": "a",
        "record_rank_url": "https://www.data.jma.go.jp/stats/etrn/view/rank_a.php?prec_no=65&block_no=0645&year=&month=07&day=&view=p1"
      }
    },
    {
      "type": "Feature",
      "geometry": {
        "type": "Point",
        "coordinates": [
          135.425,
          34.086667
        ]
      },
      "properties": {
        "amedas_code": "65121",
        "name": "清水",
        "name_kana": "シミズ",
        "name_en": "Shimizu",
        "altitude_m": 240.0,
        "record_value": 11.6,
        "record_date": "1982-07-03",
        "record_status": "success",
        "prec_no": "65",
        "block_no": "1063",
        "station_class": "a",
        "record_rank_url": "https://www.data.jma.go.jp/stats/etrn/view/rank_a.php?prec_no=65&block_no=1063&year=&month=07&day=&view=p1"
      }
    },
    {
      "type": "Feature",
      "geometry": {
        "type": "Point",
        "coordinates": [
          135.556667,
          33.945
        ]
      },
      "properties": {
        "amedas_code": "65162",
        "name": "龍神",
        "name_kana": "リュウジン",
        "name_en": "Ryujin",
        "altitude_m": 410.0,
        "record_value": 14.2,
        "record_date": "1996-07-12",
        "record_status": "success",
        "prec_no": "65",
        "block_no": "1089",
        "station_class": "a",
        "record_rank_url": "https://www.data.jma.go.jp/stats/etrn/view/rank_a.php?prec_no=65&block_no=1089&year=&month=07&day=&view=p1"
      }
    },
    {
      "type": "Feature",
      "geometry": {
        "type": "Point",
        "coordinates": [
          135.216667,
          33.893333
        ]
      },
      "properties": {
        "amedas_code": "65201",
        "name": "川辺",
        "name_kana": "カワベ",
        "name_en": "Kawabe",
        "altitude_m": 84.0,
        "record_value": 16.7,
        "record_date": "1999-07-09",
        "record_status": "success",
        "prec_no": "65",
        "block_no": "1485",
        "station_class": "a",
        "record_rank_url": "https://www.data.jma.go.jp/stats/etrn/view/rank_a.php?prec_no=65&block_no=1485&year=&month=07&day=&view=p1"
      }
    },
    {
      "type": "Feature",
      "geometry": {
        "type": "Point",
        "coordinates": [
          135.513333,
          33.791667
        ]
      },
      "properties": {
        "amedas_code": "65256",
        "name": "栗栖川",
        "name_kana": "クリスガワ",
        "name_en": "Kurisugawa",
        "altitude_m": 160.0,
        "record_value": 12.9,
        "record_date": "1982-07-03",
        "record_status": "success",
        "prec_no": "65",
        "block_no": "0971",
        "station_class": "a",
        "record_rank_url": "https://www.data.jma.go.jp/stats/etrn/view/rank_a.php?prec_no=65&block_no=0971&year=&month=07&day=&view=p1"
      }
    },
    {
      "type": "Feature",
      "geometry": {
        "type": "Point",
        "coordinates": [
          135.97,
          33.686667
        ]
      },
      "properties": {
        "amedas_code": "65276",
        "name": "新宮",
        "name_kana": "シングウ",
        "name_en": "Shingu",
        "altitude_m": 18.0,
        "record_value": 17.3,
        "record_date": "1982-07-02",
        "record_status": "success",
        "prec_no": "65",
        "block_no": "0649",
        "station_class": "a",
        "record_rank_url": "https://www.data.jma.go.jp/stats/etrn/view/rank_a.php?prec_no=65&block_no=0649&year=&month=07&day=&view=p1"
      }
    },
    {
      "type": "Feature",
      "geometry": {
        "type": "Point",
        "coordinates": [
          135.363333,
          33.661667
        ]
      },
      "properties": {
        "amedas_code": "65288",
        "name": "南紀白浜",
        "name_kana": "ナンキシラハマ：南紀白浜空港",
        "name_en": "Nanki-Shirahama",
        "altitude_m": 89.0,
        "record_value": 18.0,
        "record_date": "2009-07-04",
        "record_status": "success",
        "prec_no": "65",
        "block_no": "1589",
        "station_class": "a",
        "record_rank_url": "https://www.data.jma.go.jp/stats/etrn/view/rank_a.php?prec_no=65&block_no=1589&year=&month=07&day=&view=p1"
      }
    },
    {
      "type": "Feature",
      "geometry": {
        "type": "Point",
        "coordinates": [
          135.71,
          33.638333
        ]
      },
      "properties": {
        "amedas_code": "65306",
        "name": "西川",
        "name_kana": "ニシカワ",
        "name_en": "Nishikawa",
        "altitude_m": 150.0,
        "record_value": 14.0,
        "record_date": "1983-07-01",
        "record_status": "success",
        "prec_no": "65",
        "block_no": "1347",
        "station_class": "a",
        "record_rank_url": "https://www.data.jma.go.jp/stats/etrn/view/rank_a.php?prec_no=65&block_no=1347&year=&month=07&day=&view=p1"
      }
    },
    {
      "type": "Feature",
      "geometry": {
        "type": "Point",
        "coordinates": [
          135.756667,
          33.45
        ]
      },
      "properties": {
        "amedas_code": "65356",
        "name": "潮岬",
        "name_kana": "シオノミサキ",
        "name_en": "Cape Shiono",
        "altitude_m": 68.0,
        "record_value": 15.3,
        "record_date": "1976-07-03",
        "record_status": "success",
        "prec_no": "65",
        "block_no": "47778",
        "station_class": "s",
        "record_rank_url": "https://www.data.jma.go.jp/stats/etrn/view/rank_s.php?prec_no=65&block_no=47778&year=&month=07&day=&view=p1"
      }
    },
    {
      "type": "Feature",
      "geometry": {
        "type": "Point",
        "coordinates": [
          133.725,
          35.296667
        ]
      },
      "properties": {
        "amedas_code": "66046",
        "name": "上長田",
        "name_kana": "カミナガタ",
        "name_en": "Kaminagata",
        "altitude_m": 430.0,
        "record_value": 7.0,
        "record_date": "1982-07-01",
        "record_status": "success",
        "prec_no": "66",
        "block_no": "1328",
        "station_class": "a",
        "record_rank_url": "https://www.data.jma.go.jp/stats/etrn/view/rank_a.php?prec_no=66&block_no=1328&year=&month=07&day=&view=p1"
      }
    },
    {
      "type": "Feature",
      "geometry": {
        "type": "Point",
        "coordinates": [
          133.435,
          35.103333
        ]
      },
      "properties": {
        "amedas_code": "66091",
        "name": "千屋",
        "name_kana": "チヤ",
        "name_en": "Chiya",
        "altitude_m": 525.0,
        "record_value": 6.7,
        "record_date": "1982-07-01",
        "record_status": "success",
        "prec_no": "66",
        "block_no": "1330",
        "station_class": "a",
        "record_rank_url": "https://www.data.jma.go.jp/stats/etrn/view/rank_a.php?prec_no=66&block_no=1330&year=&month=07&day=&view=p1"
      }
    },
    {
      "type": "Feature",
      "geometry": {
        "type": "Point",
        "coordinates": [
          134.17,
          35.111667
        ]
      },
      "properties": {
        "amedas_code": "66127",
        "name": "奈義",
        "name_kana": "ナギ",
        "name_en": "Nagi",
        "altitude_m": 212.0,
        "record_value": 11.8,
        "record_date": "1997-07-19",
        "record_status": "success",
        "prec_no": "66",
        "block_no": "1140",
        "station_class": "a",
        "record_rank_url": "https://www.data.jma.go.jp/stats/etrn/view/rank_a.php?prec_no=66&block_no=1140&year=&month=07&day=&view=p1"
      }
    },
    {
      "type": "Feature",
      "geometry": {
        "type": "Point",
        "coordinates": [
          134.325,
          35.098333
        ]
      },
      "properties": {
        "amedas_code": "66136",
        "name": "今岡",
        "name_kana": "イマオカ",
        "name_en": "Imaoka",
        "altitude_m": 207.0,
        "record_value": 11.4,
        "record_date": "1982-07-01",
        "record_status": "success",
        "prec_no": "66",
        "block_no": "0655",
        "station_class": "a",
        "record_rank_url": "https://www.data.jma.go.jp/stats/etrn/view/rank_a.php?prec_no=66&block_no=0655&year=&month=07&day=&view=p1"
      }
    },
    {
      "type": "Feature",
      "geometry": {
        "type": "Point",
        "coordinates": [
          133.753333,
          35.068333
        ]
      },
      "properties": {
        "amedas_code": "66171",
        "name": "久世",
        "name_kana": "クセ",
        "name_en": "Kuse",
        "altitude_m": 144.0,
        "record_value": 11.0,
        "record_date": "1982-07-01",
        "record_status": "success",
        "prec_no": "66",
        "block_no": "0656",
        "station_class": "a",
        "record_rank_url": "https://www.data.jma.go.jp/stats/etrn/view/rank_a.php?prec_no=66&block_no=0656&year=&month=07&day=&view=p1"
      }
    },
    {
      "type": "Feature",
      "geometry": {
        "type": "Point",
        "coordinates": [
          134.008333,
          35.063333
        ]
      },
      "properties": {
        "amedas_code": "66186",
        "name": "津山",
        "name_kana": "ツヤマ",
        "name_en": "Tsuyama",
        "altitude_m": 146.0,
        "record_value": 11.4,
        "record_date": "1966-07-04",
        "record_status": "success",
        "prec_no": "66",
        "block_no": "47756",
        "station_class": "s",
        "record_rank_url": "https://www.data.jma.go.jp/stats/etrn/view/rank_s.php?prec_no=66&block_no=47756&year=&month=07&day=&view=p1"
      }
    },
    {
      "type": "Feature",
      "geometry": {
        "type": "Point",
        "coordinates": [
          133.518333,
          34.943333
        ]
      },
      "properties": {
        "amedas_code": "66221",
        "name": "新見",
        "name_kana": "ニイミ",
        "name_en": "Niimi",
        "altitude_m": 393.0,
        "record_value": 9.9,
        "record_date": "1982-07-01",
        "record_status": "success",
        "prec_no": "66",
        "block_no": "0658",
        "station_class": "a",
        "record_rank_url": "https://www.data.jma.go.jp/stats/etrn/view/rank_a.php?prec_no=66&block_no=0658&year=&month=07&day=&view=p1"
      }
    },
    {
      "type": "Feature",
      "geometry": {
        "type": "Point",
        "coordinates": [
          133.903333,
          34.866667
        ]
      },
      "properties": {
        "amedas_code": "66296",
        "name": "福渡",
        "name_kana": "フクワタリ",
        "name_en": "Fukuwatari",
        "altitude_m": 63.0,
        "record_value": 12.0,
        "record_date": "1982-07-01",
        "record_status": "success",
        "prec_no": "66",
        "block_no": "0663",
        "station_class": "a",
        "record_rank_url": "https://www.data.jma.go.jp/stats/etrn/view/rank_a.php?prec_no=66&block_no=0663&year=&month=07&day=&view=p1"
      }
    },
    {
      "type": "Feature",
      "geometry": {
        "type": "Point",
        "coordinates": [
          134.183333,
          34.815
        ]
      },
      "properties": {
        "amedas_code": "66306",
        "name": "和気",
        "name_kana": "ワケ",
        "name_en": "Wake",
        "altitude_m": 35.0,
        "record_value": 12.5,
        "record_date": "1982-07-01",
        "record_status": "success",
        "prec_no": "66",
        "block_no": "0664",
        "station_class": "a",
        "record_rank_url": "https://www.data.jma.go.jp/stats/etrn/view/rank_a.php?prec_no=66&block_no=0664&year=&month=07&day=&view=p1"
      }
    },
    {
      "type": "Feature",
      "geometry": {
        "type": "Point",
        "coordinates": [
          133.61,
          34.791667
        ]
      },
      "properties": {
        "amedas_code": "66336",
        "name": "高梁",
        "name_kana": "タカハシ",
        "name_en": "Takahashi",
        "altitude_m": 60.0,
        "record_value": 12.8,
        "record_date": "1982-07-01",
        "record_status": "success",
        "prec_no": "66",
        "block_no": "0930",
        "station_class": "a",
        "record_rank_url": "https://www.data.jma.go.jp/stats/etrn/view/rank_a.php?prec_no=66&block_no=0930&year=&month=07&day=&view=p1"
      }
    },
    {
      "type": "Feature",
      "geometry": {
        "type": "Point",
        "coordinates": [
          133.855,
          34.756667
        ]
      },
      "properties": {
        "amedas_code": "66346",
        "name": "日応寺",
        "name_kana": "ニチオウジ：岡山空港",
        "name_en": "Nichioji",
        "altitude_m": 239.0,
        "record_value": 14.8,
        "record_date": "2008-07-01",
        "record_status": "success",
        "prec_no": "66",
        "block_no": "1531",
        "station_class": "a",
        "record_rank_url": "https://www.data.jma.go.jp/stats/etrn/view/rank_a.php?prec_no=66&block_no=1531&year=&month=07&day=&view=p1"
      }
    },
    {
      "type": "Feature",
      "geometry": {
        "type": "Point",
        "coordinates": [
          133.925,
          34.685
        ]
      },
      "properties": {
        "amedas_code": "66408",
        "name": "岡山",
        "name_kana": "オカヤマ",
        "name_en": "Okayama",
        "altitude_m": 5.0,
        "record_value": 12.6,
        "record_date": "1966-07-04",
        "record_status": "success",
        "prec_no": "66",
        "block_no": "47768",
        "station_class": "s",
        "record_rank_url": "https://www.data.jma.go.jp/stats/etrn/view/rank_s.php?prec_no=66&block_no=47768&year=&month=07&day=&view=p1"
      }
    },
    {
      "type": "Feature",
      "geometry": {
        "type": "Point",
        "coordinates": [
          134.206667,
          34.681667
        ]
      },
      "properties": {
        "amedas_code": "66421",
        "name": "虫明",
        "name_kana": "ムシアゲ",
        "name_en": "Mushiage",
        "altitude_m": 10.0,
        "record_value": 14.9,
        "record_date": "1982-07-01",
        "record_status": "success",
        "prec_no": "66",
        "block_no": "0668",
        "station_class": "a",
        "record_rank_url": "https://www.data.jma.go.jp/stats/etrn/view/rank_a.php?prec_no=66&block_no=0668&year=&month=07&day=&view=p1"
      }
    },
    {
      "type": "Feature",
      "geometry": {
        "type": "Point",
        "coordinates": [
          133.768333,
          34.59
        ]
      },
      "properties": {
        "amedas_code": "66446",
        "name": "倉敷",
        "name_kana": "クラシキ",
        "name_en": "Kurashiki",
        "altitude_m": 3.0,
        "record_value": 16.0,
        "record_date": "1982-07-01",
        "record_status": "success",
        "prec_no": "66",
        "block_no": "0669",
        "station_class": "a",
        "record_rank_url": "https://www.data.jma.go.jp/stats/etrn/view/rank_a.php?prec_no=66&block_no=0669&year=&month=07&day=&view=p1"
      }
    },
    {
      "type": "Feature",
      "geometry": {
        "type": "Point",
        "coordinates": [
          133.495,
          34.501667
        ]
      },
      "properties": {
        "amedas_code": "66481",
        "name": "笠岡",
        "name_kana": "カサオカ",
        "name_en": "Kasaoka",
        "altitude_m": 0.0,
        "record_value": 15.8,
        "record_date": "1982-07-01",
        "record_status": "success",
        "prec_no": "66",
        "block_no": "0919",
        "station_class": "a",
        "record_rank_url": "https://www.data.jma.go.jp/stats/etrn/view/rank_a.php?prec_no=66&block_no=0919&year=&month=07&day=&view=p1"
      }
    },
    {
      "type": "Feature",
      "geometry": {
        "type": "Point",
        "coordinates": [
          133.95,
          34.486667
        ]
      },
      "properties": {
        "amedas_code": "66501",
        "name": "玉野",
        "name_kana": "タマノ",
        "name_en": "Tamano",
        "altitude_m": 2.0,
        "record_value": 17.5,
        "record_date": "2003-07-02",
        "record_status": "success",
        "prec_no": "66",
        "block_no": "0670",
        "station_class": "a",
        "record_rank_url": "https://www.data.jma.go.jp/stats/etrn/view/rank_a.php?prec_no=66&block_no=0670&year=&month=07&day=&view=p1"
      }
    },
    {
      "type": "Feature",
      "geometry": {
        "type": "Point",
        "coordinates": [
          132.901667,
          35.033333
        ]
      },
      "properties": {
        "amedas_code": "67016",
        "name": "高野",
        "name_kana": "タカノ",
        "name_en": "Takano",
        "altitude_m": 570.0,
        "record_value": 5.3,
        "record_date": "1982-07-01",
        "record_status": "success",
        "prec_no": "67",
        "block_no": "0947",
        "station_class": "a",
        "record_rank_url": "https://www.data.jma.go.jp/stats/etrn/view/rank_a.php?prec_no=67&block_no=0947&year=&month=07&day=&view=p1"
      }
    },
    {
      "type": "Feature",
      "geometry": {
        "type": "Point",
        "coordinates": [
          132.85,
          34.811667
        ]
      },
      "properties": {
        "amedas_code": "67106",
        "name": "三次",
        "name_kana": "ミヨシ",
        "name_en": "Miyoshi",
        "altitude_m": 159.0,
        "record_value": 10.7,
        "record_date": "1982-07-01",
        "record_status": "success",
        "prec_no": "67",
        "block_no": "0674",
        "station_class": "a",
        "record_rank_url": "https://www.data.jma.go.jp/stats/etrn/view/rank_a.php?prec_no=67&block_no=0674&year=&month=07&day=&view=p1"
      }
    },
    {
      "type": "Feature",
      "geometry": {
        "type": "Point",
        "coordinates": [
          133.023333,
          34.86
        ]
      },
      "properties": {
        "amedas_code": "67116",
        "name": "庄原",
        "name_kana": "ショウバラ",
        "name_en": "Shobara",
        "altitude_m": 300.0,
        "record_value": 9.1,
        "record_date": "1982-07-01",
        "record_status": "success",
        "prec_no": "67",
        "block_no": "0675",
        "station_class": "a",
        "record_rank_url": "https://www.data.jma.go.jp/stats/etrn/view/rank_a.php?prec_no=67&block_no=0675&year=&month=07&day=&view=p1"
      }
    },
    {
      "type": "Feature",
      "geometry": {
        "type": "Point",
        "coordinates": [
          132.463333,
          34.768333
        ]
      },
      "properties": {
        "amedas_code": "67151",
        "name": "大朝",
        "name_kana": "オオアサ",
        "name_en": "Oasa",
        "altitude_m": 399.0,
        "record_value": 6.8,
        "record_date": "1982-07-01",
        "record_status": "success",
        "prec_no": "67",
        "block_no": "0676",
        "station_class": "a",
        "record_rank_url": "https://www.data.jma.go.jp/stats/etrn/view/rank_a.php?prec_no=67&block_no=0676&year=&month=07&day=&view=p1"
      }
    },
    {
      "type": "Feature",
      "geometry": {
        "type": "Point",
        "coordinates": [
          133.278333,
          34.763333
        ]
      },
      "properties": {
        "amedas_code": "67191",
        "name": "油木",
        "name_kana": "ユキ",
        "name_en": "Yuki",
        "altitude_m": 510.0,
        "record_value": 7.9,
        "record_date": "1982-07-01",
        "record_status": "success",
        "prec_no": "67",
        "block_no": "1325",
        "station_class": "a",
        "record_rank_url": "https://www.data.jma.go.jp/stats/etrn/view/rank_a.php?prec_no=67&block_no=1325&year=&month=07&day=&view=p1"
      }
    },
    {
      "type": "Feature",
      "geometry": {
        "type": "Point",
        "coordinates": [
          132.32,
          34.61
        ]
      },
      "properties": {
        "amedas_code": "67212",
        "name": "加計",
        "name_kana": "カケ",
        "name_en": "Kake",
        "altitude_m": 210.0,
        "record_value": 12.0,
        "record_date": "1997-07-19",
        "record_status": "success",
        "prec_no": "67",
        "block_no": "0677",
        "station_class": "a",
        "record_rank_url": "https://www.data.jma.go.jp/stats/etrn/view/rank_a.php?prec_no=67&block_no=0677&year=&month=07&day=&view=p1"
      }
    },
    {
      "type": "Feature",
      "geometry": {
        "type": "Point",
        "coordinates": [
          132.53,
          34.545
        ]
      },
      "properties": {
        "amedas_code": "67292",
        "name": "三入",
        "name_kana": "ミイリ",
        "name_en": "Miiri",
        "altitude_m": 70.0,
        "record_value": 14.8,
        "record_date": "1982-07-01",
        "record_status": "success",
        "prec_no": "67",
        "block_no": "0950",
        "station_class": "a",
        "record_rank_url": "https://www.data.jma.go.jp/stats/etrn/view/rank_a.php?prec_no=67&block_no=0950&year=&month=07&day=&view=p1"
      }
    },
    {
      "type": "Feature",
      "geometry": {
        "type": "Point",
        "coordinates": [
          133.05,
          34.583333
        ]
      },
      "properties": {
        "amedas_code": "67316",
        "name": "世羅",
        "name_kana": "セラ",
        "name_en": "Sera",
        "altitude_m": 350.0,
        "record_value": 10.8,
        "record_date": "1982-07-01",
        "record_status": "success",
        "prec_no": "67",
        "block_no": "0681",
        "station_class": "a",
        "record_rank_url": "https://www.data.jma.go.jp/stats/etrn/view/rank_a.php?prec_no=67&block_no=0681&year=&month=07&day=&view=p1"
      }
    },
    {
      "type": "Feature",
      "geometry": {
        "type": "Point",
        "coordinates": [
          133.231667,
          34.561667
        ]
      },
      "properties": {
        "amedas_code": "67326",
        "name": "府中",
        "name_kana": "フチュウ",
        "name_en": "Fuchu",
        "altitude_m": 70.0,
        "record_value": 13.4,
        "record_date": "1997-07-19",
        "record_status": "success",
        "prec_no": "67",
        "block_no": "0951",
        "station_class": "a",
        "record_rank_url": "https://www.data.jma.go.jp/stats/etrn/view/rank_a.php?prec_no=67&block_no=0951&year=&month=07&day=&view=p1"
      }
    },
    {
      "type": "Feature",
      "geometry": {
        "type": "Point",
        "coordinates": [
          132.7,
          34.416667
        ]
      },
      "properties": {
        "amedas_code": "67376",
        "name": "東広島",
        "name_kana": "ヒガシヒロシマ",
        "name_en": "Higashi-Hiroshima",
        "altitude_m": 224.0,
        "record_value": 12.7,
        "record_date": "1982-07-01",
        "record_status": "success",
        "prec_no": "67",
        "block_no": "0683",
        "station_class": "a",
        "record_rank_url": "https://www.data.jma.go.jp/stats/etrn/view/rank_a.php?prec_no=67&block_no=0683&year=&month=07&day=&view=p1"
      }
    },
    {
      "type": "Feature",
      "geometry": {
        "type": "Point",
        "coordinates": [
          132.918333,
          34.435
        ]
      },
      "properties": {
        "amedas_code": "67386",
        "name": "本郷",
        "name_kana": "ホンゴウ：広島空港",
        "name_en": "Hongo",
        "altitude_m": 331.0,
        "record_value": 15.4,
        "record_date": "2008-07-01",
        "record_status": "success",
        "prec_no": "67",
        "block_no": "1472",
        "station_class": "a",
        "record_rank_url": "https://www.data.jma.go.jp/stats/etrn/view/rank_a.php?prec_no=67&block_no=1472&year=&month=07&day=&view=p1"
      }
    },
    {
      "type": "Feature",
      "geometry": {
        "type": "Point",
        "coordinates": [
          133.246667,
          34.446667
        ]
      },
      "properties": {
        "amedas_code": "67401",
        "name": "福山",
        "name_kana": "フクヤマ",
        "name_en": "Fukuyama",
        "altitude_m": 2.0,
        "record_value": 13.2,
        "record_date": "1966-07-04",
        "record_status": "success",
        "prec_no": "67",
        "block_no": "47767",
        "station_class": "s",
        "record_rank_url": "https://www.data.jma.go.jp/stats/etrn/view/rank_s.php?prec_no=67&block_no=47767&year=&month=07&day=&view=p1"
      }
    },
    {
      "type": "Feature",
      "geometry": {
        "type": "Point",
        "coordinates": [
          132.19,
          34.365
        ]
      },
      "properties": {
        "amedas_code": "67421",
        "name": "廿日市津田",
        "name_kana": "ハツカイチツタ",
        "name_en": "Hatsukaichi-Tsuta",
        "altitude_m": 317.0,
        "record_value": 10.5,
        "record_date": "1982-07-01",
        "record_status": "success",
        "prec_no": "67",
        "block_no": "1326",
        "station_class": "a",
        "record_rank_url": "https://www.data.jma.go.jp/stats/etrn/view/rank_a.php?prec_no=67&block_no=1326&year=&month=07&day=&view=p1"
      }
    },
    {
      "type": "Feature",
      "geometry": {
        "type": "Point",
        "coordinates": [
          132.461667,
          34.398333
        ]
      },
      "properties": {
        "amedas_code": "67437",
        "name": "広島",
        "name_kana": "ヒロシマ",
        "name_en": "Hiroshima",
        "altitude_m": 4.0,
        "record_value": 14.1,
        "record_date": "1966-07-04",
        "record_status": "success",
        "prec_no": "67",
        "block_no": "47765",
        "station_class": "s",
        "record_rank_url": "https://www.data.jma.go.jp/stats/etrn/view/rank_s.php?prec_no=67&block_no=47765&year=&month=07&day=&view=p1"
      }
    },
    {
      "type": "Feature",
      "geometry": {
        "type": "Point",
        "coordinates": [
          132.981667,
          34.33
        ]
      },
      "properties": {
        "amedas_code": "67461",
        "name": "竹原",
        "name_kana": "タケハラ",
        "name_en": "Takehara",
        "altitude_m": 5.0,
        "record_value": 16.1,
        "record_date": "1982-07-01",
        "record_status": "success",
        "prec_no": "67",
        "block_no": "0686",
        "station_class": "a",
        "record_rank_url": "https://www.data.jma.go.jp/stats/etrn/view/rank_a.php?prec_no=67&block_no=0686&year=&month=07&day=&view=p1"
      }
    },
    {
      "type": "Feature",
      "geometry": {
        "type": "Point",
        "coordinates": [
          133.123333,
          34.278333
        ]
      },
      "properties": {
        "amedas_code": "67471",
        "name": "生口島",
        "name_kana": "イクチジマ",
        "name_en": "Ikuchijima  Island",
        "altitude_m": 3.0,
        "record_value": 15.6,
        "record_date": "1982-07-01",
        "record_status": "success",
        "prec_no": "67",
        "block_no": "0687",
        "station_class": "a",
        "record_rank_url": "https://www.data.jma.go.jp/stats/etrn/view/rank_a.php?prec_no=67&block_no=0687&year=&month=07&day=&view=p1"
      }
    },
    {
      "type": "Feature",
      "geometry": {
        "type": "Point",
        "coordinates": [
          132.22,
          34.221667
        ]
      },
      "properties": {
        "amedas_code": "67496",
        "name": "大竹",
        "name_kana": "オオタケ",
        "name_en": "Otake",
        "altitude_m": 1.0,
        "record_value": 15.7,
        "record_date": "1982-07-01",
        "record_status": "success",
        "prec_no": "67",
        "block_no": "0688",
        "station_class": "a",
        "record_rank_url": "https://www.data.jma.go.jp/stats/etrn/view/rank_a.php?prec_no=67&block_no=0688&year=&month=07&day=&view=p1"
      }
    },
    {
      "type": "Feature",
      "geometry": {
        "type": "Point",
        "coordinates": [
          132.55,
          34.24
        ]
      },
      "properties": {
        "amedas_code": "67511",
        "name": "呉",
        "name_kana": "クレ",
        "name_en": "Kure",
        "altitude_m": 4.0,
        "record_value": 14.8,
        "record_date": "1966-07-04",
        "record_status": "success",
        "prec_no": "67",
        "block_no": "47766",
        "station_class": "s",
        "record_rank_url": "https://www.data.jma.go.jp/stats/etrn/view/rank_s.php?prec_no=67&block_no=47766&year=&month=07&day=&view=p1"
      }
    },
    {
      "type": "Feature",
      "geometry": {
        "type": "Point",
        "coordinates": [
          132.748333,
          34.165
        ]
      },
      "properties": {
        "amedas_code": "67576",
        "name": "呉市蒲刈",
        "name_kana": "クレシカマガリ",
        "name_en": "Kamagari, Kure City",
        "altitude_m": 48.0,
        "record_value": 17.8,
        "record_date": "2020-07-02",
        "record_status": "success",
        "prec_no": "67",
        "block_no": "1606",
        "station_class": "a",
        "record_rank_url": "https://www.data.jma.go.jp/stats/etrn/view/rank_a.php?prec_no=67&block_no=1606&year=&month=07&day=&view=p1"
      }
    },
    {
      "type": "Feature",
      "geometry": {
        "type": "Point",
        "coordinates": [
          133.333333,
          36.203333
        ]
      },
      "properties": {
        "amedas_code": "68022",
        "name": "西郷",
        "name_kana": "サイゴウ",
        "name_en": "Saigo",
        "altitude_m": 27.0,
        "record_value": 11.5,
        "record_date": "1966-07-04",
        "record_status": "success",
        "prec_no": "68",
        "block_no": "47740",
        "station_class": "s",
        "record_rank_url": "https://www.data.jma.go.jp/stats/etrn/view/rank_s.php?prec_no=68&block_no=47740&year=&month=07&day=&view=p1"
      }
    },
    {
      "type": "Feature",
      "geometry": {
        "type": "Point",
        "coordinates": [
          133.323333,
          36.178333
        ]
      },
      "properties": {
        "amedas_code": "68046",
        "name": "西郷岬",
        "name_kana": "サイゴウミサキ：隠岐空港",
        "name_en": "Cape Saigo",
        "altitude_m": 80.0,
        "record_value": 16.1,
        "record_date": "2008-07-01",
        "record_status": "success",
        "prec_no": "68",
        "block_no": "1473",
        "station_class": "a",
        "record_rank_url": "https://www.data.jma.go.jp/stats/etrn/view/rank_a.php?prec_no=68&block_no=1473&year=&month=07&day=&view=p1"
      }
    },
    {
      "type": "Feature",
      "geometry": {
        "type": "Point",
        "coordinates": [
          133.096667,
          36.096667
        ]
      },
      "properties": {
        "amedas_code": "68056",
        "name": "海士",
        "name_kana": "アマ",
        "name_en": "Ama",
        "altitude_m": 3.0,
        "record_value": 11.4,
        "record_date": "1982-07-01",
        "record_status": "success",
        "prec_no": "68",
        "block_no": "1307",
        "station_class": "a",
        "record_rank_url": "https://www.data.jma.go.jp/stats/etrn/view/rank_a.php?prec_no=68&block_no=1307&year=&month=07&day=&view=p1"
      }
    },
    {
      "type": "Feature",
      "geometry": {
        "type": "Point",
        "coordinates": [
          132.983333,
          35.52
        ]
      },
      "properties": {
        "amedas_code": "68091",
        "name": "鹿島",
        "name_kana": "カシマ",
        "name_en": "Kashima",
        "altitude_m": 3.0,
        "record_value": 12.3,
        "record_date": "1982-07-01",
        "record_status": "success",
        "prec_no": "68",
        "block_no": "0693",
        "station_class": "a",
        "record_rank_url": "https://www.data.jma.go.jp/stats/etrn/view/rank_a.php?prec_no=68&block_no=0693&year=&month=07&day=&view=p1"
      }
    },
    {
      "type": "Feature",
      "geometry": {
        "type": "Point",
        "coordinates": [
          132.89,
          35.413333
        ]
      },
      "properties": {
        "amedas_code": "68121",
        "name": "斐川",
        "name_kana": "ヒカワ：出雲空港",
        "name_en": "Hikawa",
        "altitude_m": 2.0,
        "record_value": 15.8,
        "record_date": "2008-07-01",
        "record_status": "success",
        "prec_no": "68",
        "block_no": "0694",
        "station_class": "a",
        "record_rank_url": "https://www.data.jma.go.jp/stats/etrn/view/rank_a.php?prec_no=68&block_no=0694&year=&month=07&day=&view=p1"
      }
    },
    {
      "type": "Feature",
      "geometry": {
        "type": "Point",
        "coordinates": [
          133.065,
          35.456667
        ]
      },
      "properties": {
        "amedas_code": "68132",
        "name": "松江",
        "name_kana": "マツエ",
        "name_en": "Matsue",
        "altitude_m": 17.0,
        "record_value": 12.9,
        "record_date": "1966-07-04",
        "record_status": "success",
        "prec_no": "68",
        "block_no": "47741",
        "station_class": "s",
        "record_rank_url": "https://www.data.jma.go.jp/stats/etrn/view/rank_s.php?prec_no=68&block_no=47741&year=&month=07&day=&view=p1"
      }
    },
    {
      "type": "Feature",
      "geometry": {
        "type": "Point",
        "coordinates": [
          132.73,
          35.331667
        ]
      },
      "properties": {
        "amedas_code": "68156",
        "name": "出雲",
        "name_kana": "イズモ",
        "name_en": "Izumo",
        "altitude_m": 20.0,
        "record_value": 11.7,
        "record_date": "1982-07-01",
        "record_status": "success",
        "prec_no": "68",
        "block_no": "1310",
        "station_class": "a",
        "record_rank_url": "https://www.data.jma.go.jp/stats/etrn/view/rank_a.php?prec_no=68&block_no=1310&year=&month=07&day=&view=p1"
      }
    },
    {
      "type": "Feature",
      "geometry": {
        "type": "Point",
        "coordinates": [
          132.496667,
          35.19
        ]
      },
      "properties": {
        "amedas_code": "68246",
        "name": "大田",
        "name_kana": "オオダ",
        "name_en": "Oda",
        "altitude_m": 30.0,
        "record_value": 11.6,
        "record_date": "1982-07-01",
        "record_status": "success",
        "prec_no": "68",
        "block_no": "0697",
        "station_class": "a",
        "record_rank_url": "https://www.data.jma.go.jp/stats/etrn/view/rank_a.php?prec_no=68&block_no=0697&year=&month=07&day=&view=p1"
      }
    },
    {
      "type": "Feature",
      "geometry": {
        "type": "Point",
        "coordinates": [
          132.815,
          35.196667
        ]
      },
      "properties": {
        "amedas_code": "68261",
        "name": "掛合",
        "name_kana": "カケヤ",
        "name_en": "Kakeya",
        "altitude_m": 215.0,
        "record_value": 8.2,
        "record_date": "1982-07-01",
        "record_status": "success",
        "prec_no": "68",
        "block_no": "0698",
        "station_class": "a",
        "record_rank_url": "https://www.data.jma.go.jp/stats/etrn/view/rank_a.php?prec_no=68&block_no=0698&year=&month=07&day=&view=p1"
      }
    },
    {
      "type": "Feature",
      "geometry": {
        "type": "Point",
        "coordinates": [
          133.103333,
          35.173333
        ]
      },
      "properties": {
        "amedas_code": "68276",
        "name": "横田",
        "name_kana": "ヨコタ",
        "name_en": "Yokota",
        "altitude_m": 369.0,
        "record_value": 7.5,
        "record_date": "1982-07-01",
        "record_status": "success",
        "prec_no": "68",
        "block_no": "0699",
        "station_class": "a",
        "record_rank_url": "https://www.data.jma.go.jp/stats/etrn/view/rank_a.php?prec_no=68&block_no=0699&year=&month=07&day=&view=p1"
      }
    },
    {
      "type": "Feature",
      "geometry": {
        "type": "Point",
        "coordinates": [
          132.711667,
          35.001667
        ]
      },
      "properties": {
        "amedas_code": "68306",
        "name": "赤名",
        "name_kana": "アカナ",
        "name_en": "Akana",
        "altitude_m": 444.0,
        "record_value": 6.7,
        "record_date": "1982-07-01",
        "record_status": "success",
        "prec_no": "68",
        "block_no": "1320",
        "station_class": "a",
        "record_rank_url": "https://www.data.jma.go.jp/stats/etrn/view/rank_a.php?prec_no=68&block_no=1320&year=&month=07&day=&view=p1"
      }
    },
    {
      "type": "Feature",
      "geometry": {
        "type": "Point",
        "coordinates": [
          132.491667,
          34.976667
        ]
      },
      "properties": {
        "amedas_code": "68351",
        "name": "川本",
        "name_kana": "カワモト",
        "name_en": "Kawamoto",
        "altitude_m": 132.0,
        "record_value": 11.5,
        "record_date": "1982-07-02",
        "record_status": "success",
        "prec_no": "68",
        "block_no": "0701",
        "station_class": "a",
        "record_rank_url": "https://www.data.jma.go.jp/stats/etrn/view/rank_a.php?prec_no=68&block_no=0701&year=&month=07&day=&view=p1"
      }
    },
    {
      "type": "Feature",
      "geometry": {
        "type": "Point",
        "coordinates": [
          132.07,
          34.896667
        ]
      },
      "properties": {
        "amedas_code": "68376",
        "name": "浜田",
        "name_kana": "ハマダ",
        "name_en": "Hamada",
        "altitude_m": 19.0,
        "record_value": 11.0,
        "record_date": "1913-07-11",
        "record_status": "success",
        "prec_no": "68",
        "block_no": "47755",
        "station_class": "s",
        "record_rank_url": "https://www.data.jma.go.jp/stats/etrn/view/rank_s.php?prec_no=68&block_no=47755&year=&month=07&day=&view=p1"
      }
    },
    {
      "type": "Feature",
      "geometry": {
        "type": "Point",
        "coordinates": [
          132.53,
          34.853333
        ]
      },
      "properties": {
        "amedas_code": "68401",
        "name": "瑞穂",
        "name_kana": "ミズホ",
        "name_en": "Mizuho",
        "altitude_m": 327.0,
        "record_value": 9.2,
        "record_date": "1982-07-01",
        "record_status": "success",
        "prec_no": "68",
        "block_no": "1094",
        "station_class": "a",
        "record_rank_url": "https://www.data.jma.go.jp/stats/etrn/view/rank_a.php?prec_no=68&block_no=1094&year=&month=07&day=&view=p1"
      }
    },
    {
      "type": "Feature",
      "geometry": {
        "type": "Point",
        "coordinates": [
          132.108333,
          34.776667
        ]
      },
      "properties": {
        "amedas_code": "68431",
        "name": "弥栄",
        "name_kana": "ヤサカ",
        "name_en": "Yasaka",
        "altitude_m": 380.0,
        "record_value": 7.0,
        "record_date": "1982-07-01",
        "record_status": "success",
        "prec_no": "68",
        "block_no": "1321",
        "station_class": "a",
        "record_rank_url": "https://www.data.jma.go.jp/stats/etrn/view/rank_a.php?prec_no=68&block_no=1321&year=&month=07&day=&view=p1"
      }
    },
    {
      "type": "Feature",
      "geometry": {
        "type": "Point",
        "coordinates": [
          131.79,
          34.675
        ]
      },
      "properties": {
        "amedas_code": "68456",
        "name": "高津",
        "name_kana": "タカツ：石見空港",
        "name_en": "Takatsu",
        "altitude_m": 54.0,
        "record_value": 15.3,
        "record_date": "2008-07-01",
        "record_status": "success",
        "prec_no": "68",
        "block_no": "1474",
        "station_class": "a",
        "record_rank_url": "https://www.data.jma.go.jp/stats/etrn/view/rank_a.php?prec_no=68&block_no=1474&year=&month=07&day=&view=p1"
      }
    },
    {
      "type": "Feature",
      "geometry": {
        "type": "Point",
        "coordinates": [
          131.85,
          34.686667
        ]
      },
      "properties": {
        "amedas_code": "68462",
        "name": "益田",
        "name_kana": "マスダ",
        "name_en": "Masuda",
        "altitude_m": 22.0,
        "record_value": 13.6,
        "record_date": "1982-07-01",
        "record_status": "success",
        "prec_no": "68",
        "block_no": "0704",
        "station_class": "a",
        "record_rank_url": "https://www.data.jma.go.jp/stats/etrn/view/rank_a.php?prec_no=68&block_no=0704&year=&month=07&day=&view=p1"
      }
    },
    {
      "type": "Feature",
      "geometry": {
        "type": "Point",
        "coordinates": [
          131.77,
          34.461667
        ]
      },
      "properties": {
        "amedas_code": "68516",
        "name": "津和野",
        "name_kana": "ツワノ",
        "name_en": "Tsuwano",
        "altitude_m": 165.0,
        "record_value": 13.0,
        "record_date": "1982-07-02",
        "record_status": "success",
        "prec_no": "68",
        "block_no": "0707",
        "station_class": "a",
        "record_rank_url": "https://www.data.jma.go.jp/stats/etrn/view/rank_a.php?prec_no=68&block_no=0707&year=&month=07&day=&view=p1"
      }
    },
    {
      "type": "Feature",
      "geometry": {
        "type": "Point",
        "coordinates": [
          131.893333,
          34.391667
        ]
      },
      "properties": {
        "amedas_code": "68541",
        "name": "吉賀",
        "name_kana": "ヨシカ",
        "name_en": "Yoshika",
        "altitude_m": 250.0,
        "record_value": 14.1,
        "record_date": "2015-07-03",
        "record_status": "success",
        "prec_no": "68",
        "block_no": "1592",
        "station_class": "a",
        "record_rank_url": "https://www.data.jma.go.jp/stats/etrn/view/rank_a.php?prec_no=68&block_no=1592&year=&month=07&day=&view=p1"
      }
    },
    {
      "type": "Feature",
      "geometry": {
        "type": "Point",
        "coordinates": [
          133.235,
          35.543333
        ]
      },
      "properties": {
        "amedas_code": "69006",
        "name": "境",
        "name_kana": "サカイ",
        "name_en": "Sakai",
        "altitude_m": 2.0,
        "record_value": 12.0,
        "record_date": "1913-07-10",
        "record_status": "success",
        "prec_no": "69",
        "block_no": "47742",
        "station_class": "s",
        "record_rank_url": "https://www.data.jma.go.jp/stats/etrn/view/rank_s.php?prec_no=69&block_no=47742&year=&month=07&day=&view=p1"
      }
    },
    {
      "type": "Feature",
      "geometry": {
        "type": "Point",
        "coordinates": [
          133.566667,
          35.523333
        ]
      },
      "properties": {
        "amedas_code": "69021",
        "name": "塩津",
        "name_kana": "シオツ",
        "name_en": "Shiotsu",
        "altitude_m": 15.0,
        "record_value": 12.9,
        "record_date": "1982-07-01",
        "record_status": "success",
        "prec_no": "69",
        "block_no": "1231",
        "station_class": "a",
        "record_rank_url": "https://www.data.jma.go.jp/stats/etrn/view/rank_a.php?prec_no=69&block_no=1231&year=&month=07&day=&view=p1"
      }
    },
    {
      "type": "Feature",
      "geometry": {
        "type": "Point",
        "coordinates": [
          133.996667,
          35.52
        ]
      },
      "properties": {
        "amedas_code": "69041",
        "name": "青谷",
        "name_kana": "アオヤ",
        "name_en": "Aoya",
        "altitude_m": 13.0,
        "record_value": 12.5,
        "record_date": "1982-07-01",
        "record_status": "success",
        "prec_no": "69",
        "block_no": "0709",
        "station_class": "a",
        "record_rank_url": "https://www.data.jma.go.jp/stats/etrn/view/rank_a.php?prec_no=69&block_no=0709&year=&month=07&day=&view=p1"
      }
    },
    {
      "type": "Feature",
      "geometry": {
        "type": "Point",
        "coordinates": [
          134.165,
          35.53
        ]
      },
      "properties": {
        "amedas_code": "69052",
        "name": "湖山",
        "name_kana": "コヤマ：鳥取空港",
        "name_en": "Koyama",
        "altitude_m": 15.0,
        "record_value": 16.5,
        "record_date": "2003-07-17",
        "record_status": "success",
        "prec_no": "69",
        "block_no": "1519",
        "station_class": "a",
        "record_rank_url": "https://www.data.jma.go.jp/stats/etrn/view/rank_a.php?prec_no=69&block_no=1519&year=&month=07&day=&view=p1"
      }
    },
    {
      "type": "Feature",
      "geometry": {
        "type": "Point",
        "coordinates": [
          134.36,
          35.558333
        ]
      },
      "properties": {
        "amedas_code": "69061",
        "name": "岩井",
        "name_kana": "イワイ",
        "name_en": "Iwai",
        "altitude_m": 19.0,
        "record_value": 11.4,
        "record_date": "1982-07-01",
        "record_status": "success",
        "prec_no": "69",
        "block_no": "0711",
        "station_class": "a",
        "record_rank_url": "https://www.data.jma.go.jp/stats/etrn/view/rank_a.php?prec_no=69&block_no=0711&year=&month=07&day=&view=p1"
      }
    },
    {
      "type": "Feature",
      "geometry": {
        "type": "Point",
        "coordinates": [
          133.338333,
          35.433333
        ]
      },
      "properties": {
        "amedas_code": "69076",
        "name": "米子",
        "name_kana": "ヨナゴ",
        "name_en": "Yonago",
        "altitude_m": 7.0,
        "record_value": 12.2,
        "record_date": "1982-07-01",
        "record_status": "success",
        "prec_no": "69",
        "block_no": "47744",
        "station_class": "s",
        "record_rank_url": "https://www.data.jma.go.jp/stats/etrn/view/rank_s.php?prec_no=69&block_no=47744&year=&month=07&day=&view=p1"
      }
    },
    {
      "type": "Feature",
      "geometry": {
        "type": "Point",
        "coordinates": [
          133.838333,
          35.473333
        ]
      },
      "properties": {
        "amedas_code": "69101",
        "name": "倉吉",
        "name_kana": "クラヨシ",
        "name_en": "Kurayoshi",
        "altitude_m": 8.0,
        "record_value": 13.3,
        "record_date": "1982-07-01",
        "record_status": "success",
        "prec_no": "69",
        "block_no": "0713",
        "station_class": "a",
        "record_rank_url": "https://www.data.jma.go.jp/stats/etrn/view/rank_a.php?prec_no=69&block_no=0713&year=&month=07&day=&view=p1"
      }
    },
    {
      "type": "Feature",
      "geometry": {
        "type": "Point",
        "coordinates": [
          134.238333,
          35.486667
        ]
      },
      "properties": {
        "amedas_code": "69122",
        "name": "鳥取",
        "name_kana": "トットリ",
        "name_en": "Tottori",
        "altitude_m": 7.0,
        "record_value": 12.6,
        "record_date": "1966-07-04",
        "record_status": "success",
        "prec_no": "69",
        "block_no": "47746",
        "station_class": "s",
        "record_rank_url": "https://www.data.jma.go.jp/stats/etrn/view/rank_s.php?prec_no=69&block_no=47746&year=&month=07&day=&view=p1"
      }
    },
    {
      "type": "Feature",
      "geometry": {
        "type": "Point",
        "coordinates": [
          134.24,
          35.263333
        ]
      },
      "properties": {
        "amedas_code": "69246",
        "name": "智頭",
        "name_kana": "チズ",
        "name_en": "Chizu",
        "altitude_m": 182.0,
        "record_value": 11.6,
        "record_date": "1985-07-16",
        "record_status": "success",
        "prec_no": "69",
        "block_no": "0718",
        "station_class": "a",
        "record_rank_url": "https://www.data.jma.go.jp/stats/etrn/view/rank_a.php?prec_no=69&block_no=0718&year=&month=07&day=&view=p1"
      }
    },
    {
      "type": "Feature",
      "geometry": {
        "type": "Point",
        "coordinates": [
          133.23,
          35.186667
        ]
      },
      "properties": {
        "amedas_code": "69271",
        "name": "茶屋",
        "name_kana": "チャヤ",
        "name_en": "Chaya",
        "altitude_m": 490.0,
        "record_value": 6.3,
        "record_date": "1982-07-01",
        "record_status": "success",
        "prec_no": "69",
        "block_no": "1304",
        "station_class": "a",
        "record_rank_url": "https://www.data.jma.go.jp/stats/etrn/view/rank_a.php?prec_no=69&block_no=1304&year=&month=07&day=&view=p1"
      }
    },
    {
      "type": "Feature",
      "geometry": {
        "type": "Point",
        "coordinates": [
          133.795,
          34.023333
        ]
      },
      "properties": {
        "amedas_code": "71066",
        "name": "池田",
        "name_kana": "イケダ",
        "name_en": "Ikeda",
        "altitude_m": 214.0,
        "record_value": 13.6,
        "record_date": "1982-07-03",
        "record_status": "success",
        "prec_no": "71",
        "block_no": "0720",
        "station_class": "a",
        "record_rank_url": "https://www.data.jma.go.jp/stats/etrn/view/rank_a.php?prec_no=71&block_no=0720&year=&month=07&day=&view=p1"
      }
    },
    {
      "type": "Feature",
      "geometry": {
        "type": "Point",
        "coordinates": [
          134.156667,
          34.04
        ]
      },
      "properties": {
        "amedas_code": "71087",
        "name": "穴吹",
        "name_kana": "アナブキ",
        "name_en": "Anabuki",
        "altitude_m": 160.0,
        "record_value": 16.1,
        "record_date": "2008-07-01",
        "record_status": "success",
        "prec_no": "71",
        "block_no": "0972",
        "station_class": "a",
        "record_rank_url": "https://www.data.jma.go.jp/stats/etrn/view/rank_a.php?prec_no=71&block_no=0972&year=&month=07&day=&view=p1"
      }
    },
    {
      "type": "Feature",
      "geometry": {
        "type": "Point",
        "coordinates": [
          134.573333,
          34.066667
        ]
      },
      "properties": {
        "amedas_code": "71106",
        "name": "徳島",
        "name_kana": "トクシマ",
        "name_en": "Tokushima",
        "altitude_m": 2.0,
        "record_value": 15.3,
        "record_date": "1913-07-10",
        "record_status": "success",
        "prec_no": "71",
        "block_no": "47895",
        "station_class": "s",
        "record_rank_url": "https://www.data.jma.go.jp/stats/etrn/view/rank_s.php?prec_no=71&block_no=47895&year=&month=07&day=&view=p1"
      }
    },
    {
      "type": "Feature",
      "geometry": {
        "type": "Point",
        "coordinates": [
          133.978333,
          33.87
        ]
      },
      "properties": {
        "amedas_code": "71192",
        "name": "東祖谷",
        "name_kana": "ヒガシイヤ",
        "name_en": "Higashiiya",
        "altitude_m": 781.0,
        "record_value": 15.1,
        "record_date": "2026-07-10",
        "record_status": "success",
        "prec_no": "71",
        "block_no": "1677",
        "station_class": "a",
        "record_rank_url": "https://www.data.jma.go.jp/stats/etrn/view/rank_a.php?prec_no=71&block_no=1677&year=&month=07&day=&view=p1"
      }
    },
    {
      "type": "Feature",
      "geometry": {
        "type": "Point",
        "coordinates": [
          134.741667,
          33.836667
        ]
      },
      "properties": {
        "amedas_code": "71231",
        "name": "蒲生田",
        "name_kana": "カモダ",
        "name_en": "Kamoda",
        "altitude_m": 10.0,
        "record_value": 16.2,
        "record_date": "1982-07-04",
        "record_status": "success",
        "prec_no": "71",
        "block_no": "1242",
        "station_class": "a",
        "record_rank_url": "https://www.data.jma.go.jp/stats/etrn/view/rank_a.php?prec_no=71&block_no=1242&year=&month=07&day=&view=p1"
      }
    },
    {
      "type": "Feature",
      "geometry": {
        "type": "Point",
        "coordinates": [
          134.198333,
          33.771667
        ]
      },
      "properties": {
        "amedas_code": "71251",
        "name": "木頭",
        "name_kana": "キトウ",
        "name_en": "Kito",
        "altitude_m": 363.0,
        "record_value": 12.0,
        "record_date": "1982-07-01",
        "record_status": "success",
        "prec_no": "71",
        "block_no": "1352",
        "station_class": "a",
        "record_rank_url": "https://www.data.jma.go.jp/stats/etrn/view/rank_a.php?prec_no=71&block_no=1352&year=&month=07&day=&view=p1"
      }
    },
    {
      "type": "Feature",
      "geometry": {
        "type": "Point",
        "coordinates": [
          134.538333,
          33.731667
        ]
      },
      "properties": {
        "amedas_code": "71266",
        "name": "日和佐",
        "name_kana": "ヒワサ",
        "name_en": "Hiwasa",
        "altitude_m": 3.0,
        "record_value": 15.6,
        "record_date": "1976-07-04",
        "record_status": "success",
        "prec_no": "71",
        "block_no": "0724",
        "station_class": "a",
        "record_rank_url": "https://www.data.jma.go.jp/stats/etrn/view/rank_a.php?prec_no=71&block_no=0724&year=&month=07&day=&view=p1"
      }
    },
    {
      "type": "Feature",
      "geometry": {
        "type": "Point",
        "coordinates": [
          134.355,
          33.611667
        ]
      },
      "properties": {
        "amedas_code": "71291",
        "name": "海陽",
        "name_kana": "カイヨウ",
        "name_en": "Kaiyo",
        "altitude_m": 5.0,
        "record_value": 17.7,
        "record_date": "2009-07-04",
        "record_status": "success",
        "prec_no": "71",
        "block_no": "1604",
        "station_class": "a",
        "record_rank_url": "https://www.data.jma.go.jp/stats/etrn/view/rank_a.php?prec_no=71&block_no=1604&year=&month=07&day=&view=p1"
      }
    },
    {
      "type": "Feature",
      "geometry": {
        "type": "Point",
        "coordinates": [
          134.273333,
          34.471667
        ]
      },
      "properties": {
        "amedas_code": "72061",
        "name": "内海",
        "name_kana": "ウチノミ",
        "name_en": "Uchinomi",
        "altitude_m": 20.0,
        "record_value": 15.5,
        "record_date": "1982-07-01",
        "record_status": "success",
        "prec_no": "72",
        "block_no": "0726",
        "station_class": "a",
        "record_rank_url": "https://www.data.jma.go.jp/stats/etrn/view/rank_a.php?prec_no=72&block_no=0726&year=&month=07&day=&view=p1"
      }
    },
    {
      "type": "Feature",
      "geometry": {
        "type": "Point",
        "coordinates": [
          134.053333,
          34.318333
        ]
      },
      "properties": {
        "amedas_code": "72086",
        "name": "高松",
        "name_kana": "タカマツ",
        "name_en": "Takamatsu",
        "altitude_m": 9.0,
        "record_value": 15.3,
        "record_date": "1966-07-04",
        "record_status": "success",
        "prec_no": "72",
        "block_no": "47891",
        "station_class": "s",
        "record_rank_url": "https://www.data.jma.go.jp/stats/etrn/view/rank_s.php?prec_no=72&block_no=47891&year=&month=07&day=&view=p1"
      }
    },
    {
      "type": "Feature",
      "geometry": {
        "type": "Point",
        "coordinates": [
          133.751667,
          34.275
        ]
      },
      "properties": {
        "amedas_code": "72111",
        "name": "多度津",
        "name_kana": "タドツ",
        "name_en": "Tadotsu",
        "altitude_m": 4.0,
        "record_value": 15.5,
        "record_date": "1909-07-04",
        "record_status": "success",
        "prec_no": "72",
        "block_no": "47890",
        "station_class": "s",
        "record_rank_url": "https://www.data.jma.go.jp/stats/etrn/view/rank_s.php?prec_no=72&block_no=47890&year=&month=07&day=&view=p1"
      }
    },
    {
      "type": "Feature",
      "geometry": {
        "type": "Point",
        "coordinates": [
          133.923333,
          34.236667
        ]
      },
      "properties": {
        "amedas_code": "72121",
        "name": "滝宮",
        "name_kana": "タキノミヤ",
        "name_en": "Takinomiya",
        "altitude_m": 60.0,
        "record_value": 14.0,
        "record_date": "1982-07-01",
        "record_status": "success",
        "prec_no": "72",
        "block_no": "0729",
        "station_class": "a",
        "record_rank_url": "https://www.data.jma.go.jp/stats/etrn/view/rank_a.php?prec_no=72&block_no=0729&year=&month=07&day=&view=p1"
      }
    },
    {
      "type": "Feature",
      "geometry": {
        "type": "Point",
        "coordinates": [
          134.015,
          34.213333
        ]
      },
      "properties": {
        "amedas_code": "72126",
        "name": "香南",
        "name_kana": "コウナン：高松空港",
        "name_en": "Konan",
        "altitude_m": 185.0,
        "record_value": 16.3,
        "record_date": "2008-07-01",
        "record_status": "success",
        "prec_no": "72",
        "block_no": "1475",
        "station_class": "a",
        "record_rank_url": "https://www.data.jma.go.jp/stats/etrn/view/rank_a.php?prec_no=72&block_no=1475&year=&month=07&day=&view=p1"
      }
    },
    {
      "type": "Feature",
      "geometry": {
        "type": "Point",
        "coordinates": [
          134.406667,
          34.213333
        ]
      },
      "properties": {
        "amedas_code": "72146",
        "name": "引田",
        "name_kana": "ヒケタ",
        "name_en": "Hiketa",
        "altitude_m": 12.0,
        "record_value": 16.6,
        "record_date": "1982-07-01",
        "record_status": "success",
        "prec_no": "72",
        "block_no": "0730",
        "station_class": "a",
        "record_rank_url": "https://www.data.jma.go.jp/stats/etrn/view/rank_a.php?prec_no=72&block_no=0730&year=&month=07&day=&view=p1"
      }
    },
    {
      "type": "Feature",
      "geometry": {
        "type": "Point",
        "coordinates": [
          133.771667,
          34.12
        ]
      },
      "properties": {
        "amedas_code": "72161",
        "name": "財田",
        "name_kana": "サイタ",
        "name_en": "Saita",
        "altitude_m": 65.0,
        "record_value": 14.5,
        "record_date": "1982-07-01",
        "record_status": "success",
        "prec_no": "72",
        "block_no": "1239",
        "station_class": "a",
        "record_rank_url": "https://www.data.jma.go.jp/stats/etrn/view/rank_a.php?prec_no=72&block_no=1239&year=&month=07&day=&view=p1"
      }
    },
    {
      "type": "Feature",
      "geometry": {
        "type": "Point",
        "coordinates": [
          133.006667,
          34.25
        ]
      },
      "properties": {
        "amedas_code": "73001",
        "name": "大三島",
        "name_kana": "オオミシマ",
        "name_en": "Omishima",
        "altitude_m": 9.0,
        "record_value": 15.5,
        "record_date": "2020-07-02",
        "record_status": "success",
        "prec_no": "73",
        "block_no": "0732",
        "station_class": "a",
        "record_rank_url": "https://www.data.jma.go.jp/stats/etrn/view/rank_a.php?prec_no=73&block_no=0732&year=&month=07&day=&view=p1"
      }
    },
    {
      "type": "Feature",
      "geometry": {
        "type": "Point",
        "coordinates": [
          132.975,
          34.053333
        ]
      },
      "properties": {
        "amedas_code": "73076",
        "name": "今治",
        "name_kana": "イマバリ",
        "name_en": "Imabari",
        "altitude_m": 27.0,
        "record_value": 16.0,
        "record_date": "1982-07-01",
        "record_status": "success",
        "prec_no": "73",
        "block_no": "1077",
        "station_class": "a",
        "record_rank_url": "https://www.data.jma.go.jp/stats/etrn/view/rank_a.php?prec_no=73&block_no=1077&year=&month=07&day=&view=p1"
      }
    },
    {
      "type": "Feature",
      "geometry": {
        "type": "Point",
        "coordinates": [
          133.08,
          33.915
        ]
      },
      "properties": {
        "amedas_code": "73126",
        "name": "西条",
        "name_kana": "サイジョウ",
        "name_en": "Saijo",
        "altitude_m": 4.0,
        "record_value": 16.4,
        "record_date": "1982-07-01",
        "record_status": "success",
        "prec_no": "73",
        "block_no": "0958",
        "station_class": "a",
        "record_rank_url": "https://www.data.jma.go.jp/stats/etrn/view/rank_a.php?prec_no=73&block_no=0958&year=&month=07&day=&view=p1"
      }
    },
    {
      "type": "Feature",
      "geometry": {
        "type": "Point",
        "coordinates": [
          133.338333,
          33.936667
        ]
      },
      "properties": {
        "amedas_code": "73141",
        "name": "新居浜",
        "name_kana": "ニイハマ",
        "name_en": "Niihama",
        "altitude_m": 90.0,
        "record_value": 16.6,
        "record_date": "2020-07-02",
        "record_status": "success",
        "prec_no": "73",
        "block_no": "0734",
        "station_class": "a",
        "record_rank_url": "https://www.data.jma.go.jp/stats/etrn/view/rank_a.php?prec_no=73&block_no=0734&year=&month=07&day=&view=p1"
      }
    },
    {
      "type": "Feature",
      "geometry": {
        "type": "Point",
        "coordinates": [
          133.581667,
          33.981667
        ]
      },
      "properties": {
        "amedas_code": "73151",
        "name": "四国中央",
        "name_kana": "シコクチュウオウ",
        "name_en": "Shikoku-Chuo",
        "altitude_m": 75.0,
        "record_value": 17.0,
        "record_date": "1982-07-01",
        "record_status": "success",
        "prec_no": "73",
        "block_no": "0735",
        "station_class": "a",
        "record_rank_url": "https://www.data.jma.go.jp/stats/etrn/view/rank_a.php?prec_no=73&block_no=0735&year=&month=07&day=&view=p1"
      }
    },
    {
      "type": "Feature",
      "geometry": {
        "type": "Point",
        "coordinates": [
          132.776667,
          33.843333
        ]
      },
      "properties": {
        "amedas_code": "73166",
        "name": "松山",
        "name_kana": "マツヤマ",
        "name_en": "Matsuyama",
        "altitude_m": 32.0,
        "record_value": 14.3,
        "record_date": "1913-07-11",
        "record_status": "success",
        "prec_no": "73",
        "block_no": "47887",
        "station_class": "s",
        "record_rank_url": "https://www.data.jma.go.jp/stats/etrn/view/rank_s.php?prec_no=73&block_no=47887&year=&month=07&day=&view=p1"
      }
    },
    {
      "type": "Feature",
      "geometry": {
        "type": "Point",
        "coordinates": [
          132.698333,
          33.826667
        ]
      },
      "properties": {
        "amedas_code": "73168",
        "name": "松山南吉田",
        "name_kana": "マツヤマミナミヨシダ：松山空港",
        "name_en": "Matsuyama-Minamiyoshida",
        "altitude_m": 4.0,
        "record_value": 18.4,
        "record_date": "2020-07-02",
        "record_status": "success",
        "prec_no": "73",
        "block_no": "1521",
        "station_class": "a",
        "record_rank_url": "https://www.data.jma.go.jp/stats/etrn/view/rank_a.php?prec_no=73&block_no=1521&year=&month=07&day=&view=p1"
      }
    },
    {
      "type": "Feature",
      "geometry": {
        "type": "Point",
        "coordinates": [
          132.48,
          33.616667
        ]
      },
      "properties": {
        "amedas_code": "73256",
        "name": "長浜",
        "name_kana": "ナガハマ",
        "name_en": "Nagahama",
        "altitude_m": 4.0,
        "record_value": 14.9,
        "record_date": "1982-07-01",
        "record_status": "success",
        "prec_no": "73",
        "block_no": "0739",
        "station_class": "a",
        "record_rank_url": "https://www.data.jma.go.jp/stats/etrn/view/rank_a.php?prec_no=73&block_no=0739&year=&month=07&day=&view=p1"
      }
    },
    {
      "type": "Feature",
      "geometry": {
        "type": "Point",
        "coordinates": [
          132.895,
          33.663333
        ]
      },
      "properties": {
        "amedas_code": "73276",
        "name": "久万",
        "name_kana": "クマ",
        "name_en": "Kuma",
        "altitude_m": 511.0,
        "record_value": 10.5,
        "record_date": "1982-07-01",
        "record_status": "success",
        "prec_no": "73",
        "block_no": "0741",
        "station_class": "a",
        "record_rank_url": "https://www.data.jma.go.jp/stats/etrn/view/rank_a.php?prec_no=73&block_no=0741&year=&month=07&day=&view=p1"
      }
    },
    {
      "type": "Feature",
      "geometry": {
        "type": "Point",
        "coordinates": [
          132.535,
          33.508333
        ]
      },
      "properties": {
        "amedas_code": "73306",
        "name": "大洲",
        "name_kana": "オオズ",
        "name_en": "Ozu",
        "altitude_m": 20.0,
        "record_value": 14.0,
        "record_date": "1982-07-01",
        "record_status": "success",
        "prec_no": "73",
        "block_no": "0959",
        "station_class": "a",
        "record_rank_url": "https://www.data.jma.go.jp/stats/etrn/view/rank_a.php?prec_no=73&block_no=0959&year=&month=07&day=&view=p1"
      }
    },
    {
      "type": "Feature",
      "geometry": {
        "type": "Point",
        "coordinates": [
          132.256667,
          33.446667
        ]
      },
      "properties": {
        "amedas_code": "73341",
        "name": "瀬戸",
        "name_kana": "セト",
        "name_en": "Seto",
        "altitude_m": 143.0,
        "record_value": 17.5,
        "record_date": "2015-07-05",
        "record_status": "success",
        "prec_no": "73",
        "block_no": "1456",
        "station_class": "a",
        "record_rank_url": "https://www.data.jma.go.jp/stats/etrn/view/rank_a.php?prec_no=73&block_no=1456&year=&month=07&day=&view=p1"
      }
    },
    {
      "type": "Feature",
      "geometry": {
        "type": "Point",
        "coordinates": [
          132.503333,
          33.366667
        ]
      },
      "properties": {
        "amedas_code": "73406",
        "name": "宇和",
        "name_kana": "ウワ",
        "name_en": "Uwa",
        "altitude_m": 200.0,
        "record_value": 12.4,
        "record_date": "1982-07-01",
        "record_status": "success",
        "prec_no": "73",
        "block_no": "0961",
        "station_class": "a",
        "record_rank_url": "https://www.data.jma.go.jp/stats/etrn/view/rank_a.php?prec_no=73&block_no=0961&year=&month=07&day=&view=p1"
      }
    },
    {
      "type": "Feature",
      "geometry": {
        "type": "Point",
        "coordinates": [
          132.551667,
          33.226667
        ]
      },
      "properties": {
        "amedas_code": "73442",
        "name": "宇和島",
        "name_kana": "ウワジマ",
        "name_en": "Uwajima",
        "altitude_m": 2.0,
        "record_value": 14.5,
        "record_date": "1945-07-08",
        "record_status": "success",
        "prec_no": "73",
        "block_no": "47892",
        "station_class": "s",
        "record_rank_url": "https://www.data.jma.go.jp/stats/etrn/view/rank_s.php?prec_no=73&block_no=47892&year=&month=07&day=&view=p1"
      }
    },
    {
      "type": "Feature",
      "geometry": {
        "type": "Point",
        "coordinates": [
          132.675,
          33.253333
        ]
      },
      "properties": {
        "amedas_code": "73446",
        "name": "近永",
        "name_kana": "チカナガ",
        "name_en": "Chikanaga",
        "altitude_m": 129.0,
        "record_value": 14.2,
        "record_date": "1982-07-01",
        "record_status": "success",
        "prec_no": "73",
        "block_no": "1350",
        "station_class": "a",
        "record_rank_url": "https://www.data.jma.go.jp/stats/etrn/view/rank_a.php?prec_no=73&block_no=1350&year=&month=07&day=&view=p1"
      }
    },
    {
      "type": "Feature",
      "geometry": {
        "type": "Point",
        "coordinates": [
          132.57,
          32.963333
        ]
      },
      "properties": {
        "amedas_code": "73516",
        "name": "御荘",
        "name_kana": "ミショウ",
        "name_en": "Misho",
        "altitude_m": 12.0,
        "record_value": 14.8,
        "record_date": "1982-07-01",
        "record_status": "success",
        "prec_no": "73",
        "block_no": "0745",
        "station_class": "a",
        "record_rank_url": "https://www.data.jma.go.jp/stats/etrn/view/rank_a.php?prec_no=73&block_no=0745&year=&month=07&day=&view=p1"
      }
    },
    {
      "type": "Feature",
      "geometry": {
        "type": "Point",
        "coordinates": [
          133.338333,
          33.765
        ]
      },
      "properties": {
        "amedas_code": "74056",
        "name": "本川",
        "name_kana": "ホンガワ",
        "name_en": "Hongawa",
        "altitude_m": 605.0,
        "record_value": 9.4,
        "record_date": "1982-07-01",
        "record_status": "success",
        "prec_no": "74",
        "block_no": "1351",
        "station_class": "a",
        "record_rank_url": "https://www.data.jma.go.jp/stats/etrn/view/rank_a.php?prec_no=74&block_no=1351&year=&month=07&day=&view=p1"
      }
    },
    {
      "type": "Feature",
      "geometry": {
        "type": "Point",
        "coordinates": [
          133.575,
          33.753333
        ]
      },
      "properties": {
        "amedas_code": "74071",
        "name": "本山",
        "name_kana": "モトヤマ",
        "name_en": "Motoyama",
        "altitude_m": 252.0,
        "record_value": 13.4,
        "record_date": "1982-07-01",
        "record_status": "success",
        "prec_no": "74",
        "block_no": "0746",
        "station_class": "a",
        "record_rank_url": "https://www.data.jma.go.jp/stats/etrn/view/rank_a.php?prec_no=74&block_no=0746&year=&month=07&day=&view=p1"
      }
    },
    {
      "type": "Feature",
      "geometry": {
        "type": "Point",
        "coordinates": [
          133.875,
          33.698333
        ]
      },
      "properties": {
        "amedas_code": "74136",
        "name": "大栃",
        "name_kana": "オオドチ",
        "name_en": "Odochi",
        "altitude_m": 210.0,
        "record_value": 13.3,
        "record_date": "1982-07-03",
        "record_status": "success",
        "prec_no": "74",
        "block_no": "1229",
        "station_class": "a",
        "record_rank_url": "https://www.data.jma.go.jp/stats/etrn/view/rank_a.php?prec_no=74&block_no=1229&year=&month=07&day=&view=p1"
      }
    },
    {
      "type": "Feature",
      "geometry": {
        "type": "Point",
        "coordinates": [
          133.548333,
          33.566667
        ]
      },
      "properties": {
        "amedas_code": "74182",
        "name": "高知",
        "name_kana": "コウチ",
        "name_en": "Kochi",
        "altitude_m": 1.0,
        "record_value": 14.6,
        "record_date": "1945-07-08",
        "record_status": "success",
        "prec_no": "74",
        "block_no": "47893",
        "station_class": "s",
        "record_rank_url": "https://www.data.jma.go.jp/stats/etrn/view/rank_s.php?prec_no=74&block_no=47893&year=&month=07&day=&view=p1"
      }
    },
    {
      "type": "Feature",
      "geometry": {
        "type": "Point",
        "coordinates": [
          133.643333,
          33.59
        ]
      },
      "properties": {
        "amedas_code": "74187",
        "name": "後免",
        "name_kana": "ゴメン",
        "name_en": "Gomen",
        "altitude_m": 12.0,
        "record_value": 14.4,
        "record_date": "1982-07-01",
        "record_status": "success",
        "prec_no": "74",
        "block_no": "1249",
        "station_class": "a",
        "record_rank_url": "https://www.data.jma.go.jp/stats/etrn/view/rank_a.php?prec_no=74&block_no=1249&year=&month=07&day=&view=p1"
      }
    },
    {
      "type": "Feature",
      "geometry": {
        "type": "Point",
        "coordinates": [
          133.668333,
          33.545
        ]
      },
      "properties": {
        "amedas_code": "74188",
        "name": "南国日章",
        "name_kana": "ナンコクニッショウ：高知空港",
        "name_en": "Nankoku-Nissho",
        "altitude_m": 9.0,
        "record_value": 17.9,
        "record_date": "2009-07-04",
        "record_status": "success",
        "prec_no": "74",
        "block_no": "1476",
        "station_class": "a",
        "record_rank_url": "https://www.data.jma.go.jp/stats/etrn/view/rank_a.php?prec_no=74&block_no=1476&year=&month=07&day=&view=p1"
      }
    },
    {
      "type": "Feature",
      "geometry": {
        "type": "Point",
        "coordinates": [
          133.933333,
          33.488333
        ]
      },
      "properties": {
        "amedas_code": "74271",
        "name": "安芸",
        "name_kana": "アキ",
        "name_en": "Aki",
        "altitude_m": 6.0,
        "record_value": 17.1,
        "record_date": "1979-07-05",
        "record_status": "success",
        "prec_no": "74",
        "block_no": "0755",
        "station_class": "a",
        "record_rank_url": "https://www.data.jma.go.jp/stats/etrn/view/rank_a.php?prec_no=74&block_no=0755&year=&month=07&day=&view=p1"
      }
    },
    {
      "type": "Feature",
      "geometry": {
        "type": "Point",
        "coordinates": [
          132.921667,
          33.39
        ]
      },
      "properties": {
        "amedas_code": "74296",
        "name": "梼原",
        "name_kana": "ユスハラ",
        "name_en": "Yusuhara",
        "altitude_m": 415.0,
        "record_value": 13.2,
        "record_date": "1982-07-03",
        "record_status": "success",
        "prec_no": "74",
        "block_no": "0921",
        "station_class": "a",
        "record_rank_url": "https://www.data.jma.go.jp/stats/etrn/view/rank_a.php?prec_no=74&block_no=0921&year=&month=07&day=&view=p1"
      }
    },
    {
      "type": "Feature",
      "geometry": {
        "type": "Point",
        "coordinates": [
          133.276667,
          33.385
        ]
      },
      "properties": {
        "amedas_code": "74311",
        "name": "須崎",
        "name_kana": "スサキ",
        "name_en": "Susaki",
        "altitude_m": 4.0,
        "record_value": 16.5,
        "record_date": "1982-07-01",
        "record_status": "success",
        "prec_no": "74",
        "block_no": "0756",
        "station_class": "a",
        "record_rank_url": "https://www.data.jma.go.jp/stats/etrn/view/rank_a.php?prec_no=74&block_no=0756&year=&month=07&day=&view=p1"
      }
    },
    {
      "type": "Feature",
      "geometry": {
        "type": "Point",
        "coordinates": [
          133.128333,
          33.206667
        ]
      },
      "properties": {
        "amedas_code": "74361",
        "name": "窪川",
        "name_kana": "クボカワ",
        "name_en": "Kubokawa",
        "altitude_m": 205.0,
        "record_value": 14.1,
        "record_date": "1982-07-01",
        "record_status": "success",
        "prec_no": "74",
        "block_no": "0758",
        "station_class": "a",
        "record_rank_url": "https://www.data.jma.go.jp/stats/etrn/view/rank_a.php?prec_no=74&block_no=0758&year=&month=07&day=&view=p1"
      }
    },
    {
      "type": "Feature",
      "geometry": {
        "type": "Point",
        "coordinates": [
          134.176667,
          33.251667
        ]
      },
      "properties": {
        "amedas_code": "74372",
        "name": "室戸岬",
        "name_kana": "ムロトミサキ",
        "name_en": "Cape Muroto",
        "altitude_m": 185.0,
        "record_value": 16.5,
        "record_date": "1992-07-01",
        "record_status": "success",
        "prec_no": "74",
        "block_no": "47899",
        "station_class": "s",
        "record_rank_url": "https://www.data.jma.go.jp/stats/etrn/view/rank_s.php?prec_no=74&block_no=47899&year=&month=07&day=&view=p1"
      }
    },
    {
      "type": "Feature",
      "geometry": {
        "type": "Point",
        "coordinates": [
          132.791667,
          33.17
        ]
      },
      "properties": {
        "amedas_code": "74381",
        "name": "江川崎",
        "name_kana": "エカワサキ",
        "name_en": "Ekawasaki",
        "altitude_m": 72.0,
        "record_value": 14.6,
        "record_date": "1982-07-01",
        "record_status": "success",
        "prec_no": "74",
        "block_no": "1235",
        "station_class": "a",
        "record_rank_url": "https://www.data.jma.go.jp/stats/etrn/view/rank_a.php?prec_no=74&block_no=1235&year=&month=07&day=&view=p1"
      }
    },
    {
      "type": "Feature",
      "geometry": {
        "type": "Point",
        "coordinates": [
          133.101667,
          33.078333
        ]
      },
      "properties": {
        "amedas_code": "74436",
        "name": "佐賀",
        "name_kana": "サガ",
        "name_en": "Saga",
        "altitude_m": 3.0,
        "record_value": 15.5,
        "record_date": "1982-07-01",
        "record_status": "success",
        "prec_no": "74",
        "block_no": "1233",
        "station_class": "a",
        "record_rank_url": "https://www.data.jma.go.jp/stats/etrn/view/rank_a.php?prec_no=74&block_no=1233&year=&month=07&day=&view=p1"
      }
    },
    {
      "type": "Feature",
      "geometry": {
        "type": "Point",
        "coordinates": [
          132.716667,
          32.905
        ]
      },
      "properties": {
        "amedas_code": "74447",
        "name": "宿毛",
        "name_kana": "スクモ",
        "name_en": "Sukumo",
        "altitude_m": 21.0,
        "record_value": 15.7,
        "record_date": "1945-07-08",
        "record_status": "success",
        "prec_no": "74",
        "block_no": "47897",
        "station_class": "s",
        "record_rank_url": "https://www.data.jma.go.jp/stats/etrn/view/rank_s.php?prec_no=74&block_no=47897&year=&month=07&day=&view=p1"
      }
    },
    {
      "type": "Feature",
      "geometry": {
        "type": "Point",
        "coordinates": [
          132.92,
          32.99
        ]
      },
      "properties": {
        "amedas_code": "74456",
        "name": "中村",
        "name_kana": "ナカムラ",
        "name_en": "Nakamura",
        "altitude_m": 8.0,
        "record_value": 14.2,
        "record_date": "1982-07-01",
        "record_status": "success",
        "prec_no": "74",
        "block_no": "0763",
        "station_class": "a",
        "record_rank_url": "https://www.data.jma.go.jp/stats/etrn/view/rank_a.php?prec_no=74&block_no=0763&year=&month=07&day=&view=p1"
      }
    },
    {
      "type": "Feature",
      "geometry": {
        "type": "Point",
        "coordinates": [
          133.01,
          32.721667
        ]
      },
      "properties": {
        "amedas_code": "74516",
        "name": "清水",
        "name_kana": "シミズ",
        "name_en": "Shimizu",
        "altitude_m": 31.0,
        "record_value": 17.3,
        "record_date": "1949-07-07",
        "record_status": "success",
        "prec_no": "74",
        "block_no": "47898",
        "station_class": "s",
        "record_rank_url": "https://www.data.jma.go.jp/stats/etrn/view/rank_s.php?prec_no=74&block_no=47898&year=&month=07&day=&view=p1"
      }
    },
    {
      "type": "Feature",
      "geometry": {
        "type": "Point",
        "coordinates": [
          131.623333,
          34.615
        ]
      },
      "properties": {
        "amedas_code": "81011",
        "name": "須佐",
        "name_kana": "スサ",
        "name_en": "Susa",
        "altitude_m": 50.0,
        "record_value": 12.6,
        "record_date": "1982-07-01",
        "record_status": "success",
        "prec_no": "81",
        "block_no": "0765",
        "station_class": "a",
        "record_rank_url": "https://www.data.jma.go.jp/stats/etrn/view/rank_a.php?prec_no=81&block_no=0765&year=&month=07&day=&view=p1"
      }
    },
    {
      "type": "Feature",
      "geometry": {
        "type": "Point",
        "coordinates": [
          131.405,
          34.41
        ]
      },
      "properties": {
        "amedas_code": "81071",
        "name": "萩",
        "name_kana": "ハギ",
        "name_en": "Hagi",
        "altitude_m": 2.0,
        "record_value": 12.2,
        "record_date": "1966-07-04",
        "record_status": "success",
        "prec_no": "81",
        "block_no": "47754",
        "station_class": "s",
        "record_rank_url": "https://www.data.jma.go.jp/stats/etrn/view/rank_s.php?prec_no=81&block_no=47754&year=&month=07&day=&view=p1"
      }
    },
    {
      "type": "Feature",
      "geometry": {
        "type": "Point",
        "coordinates": [
          131.055,
          34.37
        ]
      },
      "properties": {
        "amedas_code": "81116",
        "name": "油谷",
        "name_kana": "ユヤ",
        "name_en": "Yuya",
        "altitude_m": 20.0,
        "record_value": 13.7,
        "record_date": "1982-07-02",
        "record_status": "success",
        "prec_no": "81",
        "block_no": "0939",
        "station_class": "a",
        "record_rank_url": "https://www.data.jma.go.jp/stats/etrn/view/rank_a.php?prec_no=81&block_no=0939&year=&month=07&day=&view=p1"
      }
    },
    {
      "type": "Feature",
      "geometry": {
        "type": "Point",
        "coordinates": [
          131.725,
          34.398333
        ]
      },
      "properties": {
        "amedas_code": "81151",
        "name": "徳佐",
        "name_kana": "トクサ",
        "name_en": "Tokusa",
        "altitude_m": 310.0,
        "record_value": 12.2,
        "record_date": "1982-07-01",
        "record_status": "success",
        "prec_no": "81",
        "block_no": "0767",
        "station_class": "a",
        "record_rank_url": "https://www.data.jma.go.jp/stats/etrn/view/rank_a.php?prec_no=81&block_no=0767&year=&month=07&day=&view=p1"
      }
    },
    {
      "type": "Feature",
      "geometry": {
        "type": "Point",
        "coordinates": [
          131.306667,
          34.235
        ]
      },
      "properties": {
        "amedas_code": "81196",
        "name": "秋吉台",
        "name_kana": "アキヨシダイ",
        "name_en": "Akiyoshidai",
        "altitude_m": 240.0,
        "record_value": 14.0,
        "record_date": "2020-07-02",
        "record_status": "success",
        "prec_no": "81",
        "block_no": "0769",
        "station_class": "a",
        "record_rank_url": "https://www.data.jma.go.jp/stats/etrn/view/rank_a.php?prec_no=81&block_no=0769&year=&month=07&day=&view=p1"
      }
    },
    {
      "type": "Feature",
      "geometry": {
        "type": "Point",
        "coordinates": [
          131.951667,
          34.261667
        ]
      },
      "properties": {
        "amedas_code": "81231",
        "name": "広瀬",
        "name_kana": "ヒロセ",
        "name_en": "Hirose",
        "altitude_m": 97.0,
        "record_value": 12.9,
        "record_date": "1982-07-01",
        "record_status": "success",
        "prec_no": "81",
        "block_no": "0771",
        "station_class": "a",
        "record_rank_url": "https://www.data.jma.go.jp/stats/etrn/view/rank_a.php?prec_no=81&block_no=0771&year=&month=07&day=&view=p1"
      }
    },
    {
      "type": "Feature",
      "geometry": {
        "type": "Point",
        "coordinates": [
          131.076667,
          34.186667
        ]
      },
      "properties": {
        "amedas_code": "81266",
        "name": "豊田",
        "name_kana": "トヨタ",
        "name_en": "Toyota",
        "altitude_m": 40.0,
        "record_value": 12.0,
        "record_date": "1982-07-02",
        "record_status": "success",
        "prec_no": "81",
        "block_no": "0772",
        "station_class": "a",
        "record_rank_url": "https://www.data.jma.go.jp/stats/etrn/view/rank_a.php?prec_no=81&block_no=0772&year=&month=07&day=&view=p1"
      }
    },
    {
      "type": "Feature",
      "geometry": {
        "type": "Point",
        "coordinates": [
          131.461667,
          34.161667
        ]
      },
      "properties": {
        "amedas_code": "81286",
        "name": "山口",
        "name_kana": "ヤマグチ",
        "name_en": "Yamaguchi",
        "altitude_m": 18.0,
        "record_value": 13.1,
        "record_date": "1966-07-04",
        "record_status": "success",
        "prec_no": "81",
        "block_no": "47784",
        "station_class": "s",
        "record_rank_url": "https://www.data.jma.go.jp/stats/etrn/view/rank_s.php?prec_no=81&block_no=47784&year=&month=07&day=&view=p1"
      }
    },
    {
      "type": "Feature",
      "geometry": {
        "type": "Point",
        "coordinates": [
          132.178333,
          34.155
        ]
      },
      "properties": {
        "amedas_code": "81321",
        "name": "岩国",
        "name_kana": "イワクニ",
        "name_en": "Iwakuni",
        "altitude_m": 41.0,
        "record_value": 14.8,
        "record_date": "1982-07-01",
        "record_status": "success",
        "prec_no": "81",
        "block_no": "0940",
        "station_class": "a",
        "record_rank_url": "https://www.data.jma.go.jp/stats/etrn/view/rank_a.php?prec_no=81&block_no=0940&year=&month=07&day=&view=p1"
      }
    },
    {
      "type": "Feature",
      "geometry": {
        "type": "Point",
        "coordinates": [
          131.533333,
          34.04
        ]
      },
      "properties": {
        "amedas_code": "81371",
        "name": "防府",
        "name_kana": "ホウフ",
        "name_en": "Hofu",
        "altitude_m": 4.0,
        "record_value": 16.2,
        "record_date": "1992-07-01",
        "record_status": "success",
        "prec_no": "81",
        "block_no": "0775",
        "station_class": "a",
        "record_rank_url": "https://www.data.jma.go.jp/stats/etrn/view/rank_a.php?prec_no=81&block_no=0775&year=&month=07&day=&view=p1"
      }
    },
    {
      "type": "Feature",
      "geometry": {
        "type": "Point",
        "coordinates": [
          131.871667,
          34.01
        ]
      },
      "properties": {
        "amedas_code": "81386",
        "name": "下松",
        "name_kana": "クダマツ",
        "name_en": "Kudamatsu",
        "altitude_m": 27.0,
        "record_value": 15.9,
        "record_date": "1992-07-01",
        "record_status": "success",
        "prec_no": "81",
        "block_no": "0776",
        "station_class": "a",
        "record_rank_url": "https://www.data.jma.go.jp/stats/etrn/view/rank_a.php?prec_no=81&block_no=0776&year=&month=07&day=&view=p1"
      }
    },
    {
      "type": "Feature",
      "geometry": {
        "type": "Point",
        "coordinates": [
          132.075,
          34.095
        ]
      },
      "properties": {
        "amedas_code": "81397",
        "name": "玖珂",
        "name_kana": "クガ",
        "name_en": "Kuga",
        "altitude_m": 68.0,
        "record_value": 14.6,
        "record_date": "1982-07-01",
        "record_status": "success",
        "prec_no": "81",
        "block_no": "0913",
        "station_class": "a",
        "record_rank_url": "https://www.data.jma.go.jp/stats/etrn/view/rank_a.php?prec_no=81&block_no=0913&year=&month=07&day=&view=p1"
      }
    },
    {
      "type": "Feature",
      "geometry": {
        "type": "Point",
        "coordinates": [
          130.925,
          33.948333
        ]
      },
      "properties": {
        "amedas_code": "81428",
        "name": "下関",
        "name_kana": "シモノセキ",
        "name_en": "Shimonoseki",
        "altitude_m": 3.0,
        "record_value": 15.1,
        "record_date": "1966-07-04",
        "record_status": "success",
        "prec_no": "81",
        "block_no": "47762",
        "station_class": "s",
        "record_rank_url": "https://www.data.jma.go.jp/stats/etrn/view/rank_s.php?prec_no=81&block_no=47762&year=&month=07&day=&view=p1"
      }
    },
    {
      "type": "Feature",
      "geometry": {
        "type": "Point",
        "coordinates": [
          131.278333,
          33.93
        ]
      },
      "properties": {
        "amedas_code": "81436",
        "name": "宇部",
        "name_kana": "ウベ：山口宇部空港",
        "name_en": "Ube",
        "altitude_m": 5.0,
        "record_value": 17.5,
        "record_date": "2020-07-02",
        "record_status": "success",
        "prec_no": "81",
        "block_no": "0778",
        "station_class": "a",
        "record_rank_url": "https://www.data.jma.go.jp/stats/etrn/view/rank_a.php?prec_no=81&block_no=0778&year=&month=07&day=&view=p1"
      }
    },
    {
      "type": "Feature",
      "geometry": {
        "type": "Point",
        "coordinates": [
          132.113333,
          33.958333
        ]
      },
      "properties": {
        "amedas_code": "81481",
        "name": "柳井",
        "name_kana": "ヤナイ",
        "name_en": "Yanai",
        "altitude_m": 3.0,
        "record_value": 15.9,
        "record_date": "1992-07-01",
        "record_status": "success",
        "prec_no": "81",
        "block_no": "0942",
        "station_class": "a",
        "record_rank_url": "https://www.data.jma.go.jp/stats/etrn/view/rank_a.php?prec_no=81&block_no=0942&year=&month=07&day=&view=p1"
      }
    },
    {
      "type": "Feature",
      "geometry": {
        "type": "Point",
        "coordinates": [
          132.293333,
          33.903333
        ]
      },
      "properties": {
        "amedas_code": "81486",
        "name": "安下庄",
        "name_kana": "アゲノショウ",
        "name_en": "Agenosho",
        "altitude_m": 5.0,
        "record_value": 15.4,
        "record_date": "1982-07-01",
        "record_status": "success",
        "prec_no": "81",
        "block_no": "0779",
        "station_class": "a",
        "record_rank_url": "https://www.data.jma.go.jp/stats/etrn/view/rank_a.php?prec_no=81&block_no=0779&year=&month=07&day=&view=p1"
      }
    },
    {
      "type": "Feature",
      "geometry": {
        "type": "Point",
        "coordinates": [
          130.538333,
          33.808333
        ]
      },
      "properties": {
        "amedas_code": "82046",
        "name": "宗像",
        "name_kana": "ムナカタ",
        "name_en": "Munakata",
        "altitude_m": 7.0,
        "record_value": 14.4,
        "record_date": "1982-07-01",
        "record_status": "success",
        "prec_no": "82",
        "block_no": "0943",
        "station_class": "a",
        "record_rank_url": "https://www.data.jma.go.jp/stats/etrn/view/rank_a.php?prec_no=82&block_no=0943&year=&month=07&day=&view=p1"
      }
    },
    {
      "type": "Feature",
      "geometry": {
        "type": "Point",
        "coordinates": [
          130.743333,
          33.851667
        ]
      },
      "properties": {
        "amedas_code": "82056",
        "name": "八幡",
        "name_kana": "ヤハタ",
        "name_en": "Yahata",
        "altitude_m": 20.0,
        "record_value": 15.4,
        "record_date": "1982-07-01",
        "record_status": "success",
        "prec_no": "82",
        "block_no": "0780",
        "station_class": "a",
        "record_rank_url": "https://www.data.jma.go.jp/stats/etrn/view/rank_a.php?prec_no=82&block_no=0780&year=&month=07&day=&view=p1"
      }
    },
    {
      "type": "Feature",
      "geometry": {
        "type": "Point",
        "coordinates": [
          131.035,
          33.845
        ]
      },
      "properties": {
        "amedas_code": "82068",
        "name": "空港北町",
        "name_kana": "クウコウキタマチ：北九州空港",
        "name_en": "Kukokitamachi",
        "altitude_m": 7.0,
        "record_value": 18.6,
        "record_date": "2008-07-01",
        "record_status": "success",
        "prec_no": "82",
        "block_no": "1590",
        "station_class": "a",
        "record_rank_url": "https://www.data.jma.go.jp/stats/etrn/view/rank_a.php?prec_no=82&block_no=1590&year=&month=07&day=&view=p1"
      }
    },
    {
      "type": "Feature",
      "geometry": {
        "type": "Point",
        "coordinates": [
          130.975,
          33.713333
        ]
      },
      "properties": {
        "amedas_code": "82101",
        "name": "行橋",
        "name_kana": "ユクハシ",
        "name_en": "Yukuhashi",
        "altitude_m": 9.0,
        "record_value": 14.7,
        "record_date": "1982-07-01",
        "record_status": "success",
        "prec_no": "82",
        "block_no": "0782",
        "station_class": "a",
        "record_rank_url": "https://www.data.jma.go.jp/stats/etrn/view/rank_a.php?prec_no=82&block_no=0782&year=&month=07&day=&view=p1"
      }
    },
    {
      "type": "Feature",
      "geometry": {
        "type": "Point",
        "coordinates": [
          130.693333,
          33.651667
        ]
      },
      "properties": {
        "amedas_code": "82136",
        "name": "飯塚",
        "name_kana": "イイヅカ",
        "name_en": "Iizuka",
        "altitude_m": 37.0,
        "record_value": 13.1,
        "record_date": "1966-07-04",
        "record_status": "success",
        "prec_no": "82",
        "block_no": "47809",
        "station_class": "s",
        "record_rank_url": "https://www.data.jma.go.jp/stats/etrn/view/rank_s.php?prec_no=82&block_no=47809&year=&month=07&day=&view=p1"
      }
    },
    {
      "type": "Feature",
      "geometry": {
        "type": "Point",
        "coordinates": [
          130.19,
          33.56
        ]
      },
      "properties": {
        "amedas_code": "82171",
        "name": "前原",
        "name_kana": "マエバル",
        "name_en": "Maebaru",
        "altitude_m": 5.0,
        "record_value": 15.3,
        "record_date": "1982-07-01",
        "record_status": "success",
        "prec_no": "82",
        "block_no": "0785",
        "station_class": "a",
        "record_rank_url": "https://www.data.jma.go.jp/stats/etrn/view/rank_a.php?prec_no=82&block_no=0785&year=&month=07&day=&view=p1"
      }
    },
    {
      "type": "Feature",
      "geometry": {
        "type": "Point",
        "coordinates": [
          130.375,
          33.581667
        ]
      },
      "properties": {
        "amedas_code": "82182",
        "name": "福岡",
        "name_kana": "フクオカ",
        "name_en": "Fukuoka",
        "altitude_m": 3.0,
        "record_value": 13.8,
        "record_date": "1966-07-04",
        "record_status": "success",
        "prec_no": "82",
        "block_no": "47807",
        "station_class": "s",
        "record_rank_url": "https://www.data.jma.go.jp/stats/etrn/view/rank_s.php?prec_no=82&block_no=47807&year=&month=07&day=&view=p1"
      }
    },
    {
      "type": "Feature",
      "geometry": {
        "type": "Point",
        "coordinates": [
          130.451667,
          33.583333
        ]
      },
      "properties": {
        "amedas_code": "82186",
        "name": "博多",
        "name_kana": "ハカタ：福岡空港",
        "name_en": "Hakata",
        "altitude_m": 9.0,
        "record_value": 17.8,
        "record_date": "2008-07-01",
        "record_status": "success",
        "prec_no": "82",
        "block_no": "1477",
        "station_class": "a",
        "record_rank_url": "https://www.data.jma.go.jp/stats/etrn/view/rank_a.php?prec_no=82&block_no=1477&year=&month=07&day=&view=p1"
      }
    },
    {
      "type": "Feature",
      "geometry": {
        "type": "Point",
        "coordinates": [
          130.49,
          33.496667
        ]
      },
      "properties": {
        "amedas_code": "82191",
        "name": "太宰府",
        "name_kana": "ダザイフ",
        "name_en": "Dazaifu",
        "altitude_m": 52.0,
        "record_value": 16.0,
        "record_date": "1989-07-05",
        "record_status": "success",
        "prec_no": "82",
        "block_no": "1141",
        "station_class": "a",
        "record_rank_url": "https://www.data.jma.go.jp/stats/etrn/view/rank_a.php?prec_no=82&block_no=1141&year=&month=07&day=&view=p1"
      }
    },
    {
      "type": "Feature",
      "geometry": {
        "type": "Point",
        "coordinates": [
          130.855,
          33.558333
        ]
      },
      "properties": {
        "amedas_code": "82206",
        "name": "添田",
        "name_kana": "ソエダ",
        "name_en": "Soeda",
        "altitude_m": 92.0,
        "record_value": 12.6,
        "record_date": "1982-07-01",
        "record_status": "success",
        "prec_no": "82",
        "block_no": "1046",
        "station_class": "a",
        "record_rank_url": "https://www.data.jma.go.jp/stats/etrn/view/rank_a.php?prec_no=82&block_no=1046&year=&month=07&day=&view=p1"
      }
    },
    {
      "type": "Feature",
      "geometry": {
        "type": "Point",
        "coordinates": [
          130.695,
          33.406667
        ]
      },
      "properties": {
        "amedas_code": "82261",
        "name": "朝倉",
        "name_kana": "アサクラ",
        "name_en": "Asakura",
        "altitude_m": 38.0,
        "record_value": 14.1,
        "record_date": "1982-07-01",
        "record_status": "success",
        "prec_no": "82",
        "block_no": "0788",
        "station_class": "a",
        "record_rank_url": "https://www.data.jma.go.jp/stats/etrn/view/rank_a.php?prec_no=82&block_no=0788&year=&month=07&day=&view=p1"
      }
    },
    {
      "type": "Feature",
      "geometry": {
        "type": "Point",
        "coordinates": [
          130.493333,
          33.303333
        ]
      },
      "properties": {
        "amedas_code": "82306",
        "name": "久留米",
        "name_kana": "クルメ",
        "name_en": "Kurume",
        "altitude_m": 7.0,
        "record_value": 16.8,
        "record_date": "1980-07-04",
        "record_status": "success",
        "prec_no": "82",
        "block_no": "0790",
        "station_class": "a",
        "record_rank_url": "https://www.data.jma.go.jp/stats/etrn/view/rank_a.php?prec_no=82&block_no=0790&year=&month=07&day=&view=p1"
      }
    },
    {
      "type": "Feature",
      "geometry": {
        "type": "Point",
        "coordinates": [
          130.645,
          33.225
        ]
      },
      "properties": {
        "amedas_code": "82317",
        "name": "黒木",
        "name_kana": "クロギ",
        "name_en": "Kurogi",
        "altitude_m": 144.0,
        "record_value": 13.5,
        "record_date": "1982-07-01",
        "record_status": "success",
        "prec_no": "82",
        "block_no": "0792",
        "station_class": "a",
        "record_rank_url": "https://www.data.jma.go.jp/stats/etrn/view/rank_a.php?prec_no=82&block_no=0792&year=&month=07&day=&view=p1"
      }
    },
    {
      "type": "Feature",
      "geometry": {
        "type": "Point",
        "coordinates": [
          130.466667,
          33.006667
        ]
      },
      "properties": {
        "amedas_code": "82361",
        "name": "大牟田",
        "name_kana": "オオムタ",
        "name_en": "Omuta",
        "altitude_m": 40.0,
        "record_value": 15.1,
        "record_date": "1982-07-01",
        "record_status": "success",
        "prec_no": "82",
        "block_no": "0793",
        "station_class": "a",
        "record_rank_url": "https://www.data.jma.go.jp/stats/etrn/view/rank_a.php?prec_no=82&block_no=0793&year=&month=07&day=&view=p1"
      }
    },
    {
      "type": "Feature",
      "geometry": {
        "type": "Point",
        "coordinates": [
          131.575,
          33.678333
        ]
      },
      "properties": {
        "amedas_code": "83021",
        "name": "国見",
        "name_kana": "クニミ",
        "name_en": "Kunimi",
        "altitude_m": 53.0,
        "record_value": 15.6,
        "record_date": "1982-07-01",
        "record_status": "success",
        "prec_no": "83",
        "block_no": "1137",
        "station_class": "a",
        "record_rank_url": "https://www.data.jma.go.jp/stats/etrn/view/rank_a.php?prec_no=83&block_no=1137&year=&month=07&day=&view=p1"
      }
    },
    {
      "type": "Feature",
      "geometry": {
        "type": "Point",
        "coordinates": [
          131.245,
          33.586667
        ]
      },
      "properties": {
        "amedas_code": "83051",
        "name": "中津",
        "name_kana": "ナカツ",
        "name_en": "Nakatsu",
        "altitude_m": 12.0,
        "record_value": 17.3,
        "record_date": "2015-07-02",
        "record_status": "success",
        "prec_no": "83",
        "block_no": "0794",
        "station_class": "a",
        "record_rank_url": "https://www.data.jma.go.jp/stats/etrn/view/rank_a.php?prec_no=83&block_no=0794&year=&month=07&day=&view=p1"
      }
    },
    {
      "type": "Feature",
      "geometry": {
        "type": "Point",
        "coordinates": [
          131.433333,
          33.57
        ]
      },
      "properties": {
        "amedas_code": "83061",
        "name": "豊後高田",
        "name_kana": "ブンゴタカダ",
        "name_en": "Bungo-Takada",
        "altitude_m": 5.0,
        "record_value": 15.2,
        "record_date": "1982-07-01",
        "record_status": "success",
        "prec_no": "83",
        "block_no": "0795",
        "station_class": "a",
        "record_rank_url": "https://www.data.jma.go.jp/stats/etrn/view/rank_a.php?prec_no=83&block_no=0795&year=&month=07&day=&view=p1"
      }
    },
    {
      "type": "Feature",
      "geometry": {
        "type": "Point",
        "coordinates": [
          131.316667,
          33.42
        ]
      },
      "properties": {
        "amedas_code": "83106",
        "name": "院内",
        "name_kana": "インナイ",
        "name_en": "Innai",
        "altitude_m": 90.0,
        "record_value": 12.4,
        "record_date": "1982-07-01",
        "record_status": "success",
        "prec_no": "83",
        "block_no": "0931",
        "station_class": "a",
        "record_rank_url": "https://www.data.jma.go.jp/stats/etrn/view/rank_a.php?prec_no=83&block_no=0931&year=&month=07&day=&view=p1"
      }
    },
    {
      "type": "Feature",
      "geometry": {
        "type": "Point",
        "coordinates": [
          131.596667,
          33.416667
        ]
      },
      "properties": {
        "amedas_code": "83121",
        "name": "杵築",
        "name_kana": "キツキ",
        "name_en": "Kitsuki",
        "altitude_m": 5.0,
        "record_value": 14.9,
        "record_date": "1982-07-01",
        "record_status": "success",
        "prec_no": "83",
        "block_no": "1237",
        "station_class": "a",
        "record_rank_url": "https://www.data.jma.go.jp/stats/etrn/view/rank_a.php?prec_no=83&block_no=1237&year=&month=07&day=&view=p1"
      }
    },
    {
      "type": "Feature",
      "geometry": {
        "type": "Point",
        "coordinates": [
          131.736667,
          33.478333
        ]
      },
      "properties": {
        "amedas_code": "83126",
        "name": "武蔵",
        "name_kana": "ムサシ：大分空港",
        "name_en": "Musashi",
        "altitude_m": 5.0,
        "record_value": 17.4,
        "record_date": "2015-07-02",
        "record_status": "success",
        "prec_no": "83",
        "block_no": "0796",
        "station_class": "a",
        "record_rank_url": "https://www.data.jma.go.jp/stats/etrn/view/rank_a.php?prec_no=83&block_no=0796&year=&month=07&day=&view=p1"
      }
    },
    {
      "type": "Feature",
      "geometry": {
        "type": "Point",
        "coordinates": [
          130.928333,
          33.321667
        ]
      },
      "properties": {
        "amedas_code": "83137",
        "name": "日田",
        "name_kana": "ヒタ",
        "name_en": "Hita",
        "altitude_m": 83.0,
        "record_value": 12.7,
        "record_date": "1966-07-04",
        "record_status": "success",
        "prec_no": "83",
        "block_no": "47814",
        "station_class": "s",
        "record_rank_url": "https://www.data.jma.go.jp/stats/etrn/view/rank_s.php?prec_no=83&block_no=47814&year=&month=07&day=&view=p1"
      }
    },
    {
      "type": "Feature",
      "geometry": {
        "type": "Point",
        "coordinates": [
          131.155,
          33.291667
        ]
      },
      "properties": {
        "amedas_code": "83191",
        "name": "玖珠",
        "name_kana": "クス",
        "name_en": "Kusu",
        "altitude_m": 331.0,
        "record_value": 11.7,
        "record_date": "1982-07-01",
        "record_status": "success",
        "prec_no": "83",
        "block_no": "0932",
        "station_class": "a",
        "record_rank_url": "https://www.data.jma.go.jp/stats/etrn/view/rank_a.php?prec_no=83&block_no=0932&year=&month=07&day=&view=p1"
      }
    },
    {
      "type": "Feature",
      "geometry": {
        "type": "Point",
        "coordinates": [
          131.346667,
          33.253333
        ]
      },
      "properties": {
        "amedas_code": "83201",
        "name": "湯布院",
        "name_kana": "ユフイン",
        "name_en": "Yufuin",
        "altitude_m": 435.0,
        "record_value": 10.7,
        "record_date": "1982-07-01",
        "record_status": "success",
        "prec_no": "83",
        "block_no": "0799",
        "station_class": "a",
        "record_rank_url": "https://www.data.jma.go.jp/stats/etrn/view/rank_a.php?prec_no=83&block_no=0799&year=&month=07&day=&view=p1"
      }
    },
    {
      "type": "Feature",
      "geometry": {
        "type": "Point",
        "coordinates": [
          131.618333,
          33.235
        ]
      },
      "properties": {
        "amedas_code": "83216",
        "name": "大分",
        "name_kana": "オオイタ",
        "name_en": "Oita",
        "altitude_m": 5.0,
        "record_value": 14.0,
        "record_date": "1910-07-05",
        "record_status": "success",
        "prec_no": "83",
        "block_no": "47815",
        "station_class": "s",
        "record_rank_url": "https://www.data.jma.go.jp/stats/etrn/view/rank_s.php?prec_no=83&block_no=47815&year=&month=07&day=&view=p1"
      }
    },
    {
      "type": "Feature",
      "geometry": {
        "type": "Point",
        "coordinates": [
          131.631667,
          33.065
        ]
      },
      "properties": {
        "amedas_code": "83341",
        "name": "犬飼",
        "name_kana": "イヌカイ",
        "name_en": "Inukai",
        "altitude_m": 121.0,
        "record_value": 13.2,
        "record_date": "1982-07-01",
        "record_status": "success",
        "prec_no": "83",
        "block_no": "0805",
        "station_class": "a",
        "record_rank_url": "https://www.data.jma.go.jp/stats/etrn/view/rank_a.php?prec_no=83&block_no=0805&year=&month=07&day=&view=p1"
      }
    },
    {
      "type": "Feature",
      "geometry": {
        "type": "Point",
        "coordinates": [
          131.398333,
          32.973333
        ]
      },
      "properties": {
        "amedas_code": "83371",
        "name": "竹田",
        "name_kana": "タケタ",
        "name_en": "Taketa",
        "altitude_m": 261.0,
        "record_value": 12.1,
        "record_date": "1982-07-01",
        "record_status": "success",
        "prec_no": "83",
        "block_no": "0806",
        "station_class": "a",
        "record_rank_url": "https://www.data.jma.go.jp/stats/etrn/view/rank_a.php?prec_no=83&block_no=0806&year=&month=07&day=&view=p1"
      }
    },
    {
      "type": "Feature",
      "geometry": {
        "type": "Point",
        "coordinates": [
          131.901667,
          32.95
        ]
      },
      "properties": {
        "amedas_code": "83401",
        "name": "佐伯",
        "name_kana": "サイキ",
        "name_en": "Saiki",
        "altitude_m": 2.0,
        "record_value": 15.6,
        "record_date": "1982-07-01",
        "record_status": "success",
        "prec_no": "83",
        "block_no": "0808",
        "station_class": "a",
        "record_rank_url": "https://www.data.jma.go.jp/stats/etrn/view/rank_a.php?prec_no=83&block_no=0808&year=&month=07&day=&view=p1"
      }
    },
    {
      "type": "Feature",
      "geometry": {
        "type": "Point",
        "coordinates": [
          131.675,
          32.845
        ]
      },
      "properties": {
        "amedas_code": "83431",
        "name": "宇目",
        "name_kana": "ウメ",
        "name_en": "Ume",
        "altitude_m": 200.0,
        "record_value": 11.5,
        "record_date": "1982-07-01",
        "record_status": "success",
        "prec_no": "83",
        "block_no": "1142",
        "station_class": "a",
        "record_rank_url": "https://www.data.jma.go.jp/stats/etrn/view/rank_a.php?prec_no=83&block_no=1142&year=&month=07&day=&view=p1"
      }
    },
    {
      "type": "Feature",
      "geometry": {
        "type": "Point",
        "coordinates": [
          131.923333,
          32.795
        ]
      },
      "properties": {
        "amedas_code": "83476",
        "name": "蒲江",
        "name_kana": "カマエ",
        "name_en": "Kamae",
        "altitude_m": 2.0,
        "record_value": 16.4,
        "record_date": "1982-07-01",
        "record_status": "success",
        "prec_no": "83",
        "block_no": "0810",
        "station_class": "a",
        "record_rank_url": "https://www.data.jma.go.jp/stats/etrn/view/rank_a.php?prec_no=83&block_no=0810&year=&month=07&day=&view=p1"
      }
    },
    {
      "type": "Feature",
      "geometry": {
        "type": "Point",
        "coordinates": [
          129.445,
          34.698333
        ]
      },
      "properties": {
        "amedas_code": "84012",
        "name": "鰐浦",
        "name_kana": "ワニウラ",
        "name_en": "Waniura",
        "altitude_m": 63.0,
        "record_value": 15.9,
        "record_date": "1996-07-09",
        "record_status": "success",
        "prec_no": "84",
        "block_no": "1453",
        "station_class": "a",
        "record_rank_url": "https://www.data.jma.go.jp/stats/etrn/view/rank_a.php?prec_no=84&block_no=1453&year=&month=07&day=&view=p1"
      }
    },
    {
      "type": "Feature",
      "geometry": {
        "type": "Point",
        "coordinates": [
          129.291667,
          34.196667
        ]
      },
      "properties": {
        "amedas_code": "84072",
        "name": "厳原",
        "name_kana": "イヅハラ",
        "name_en": "Izuhara",
        "altitude_m": 5.0,
        "record_value": 12.2,
        "record_date": "1966-07-04",
        "record_status": "success",
        "prec_no": "84",
        "block_no": "47800",
        "station_class": "s",
        "record_rank_url": "https://www.data.jma.go.jp/stats/etrn/view/rank_s.php?prec_no=84&block_no=47800&year=&month=07&day=&view=p1"
      }
    },
    {
      "type": "Feature",
      "geometry": {
        "type": "Point",
        "coordinates": [
          129.33,
          34.285
        ]
      },
      "properties": {
        "amedas_code": "84076",
        "name": "美津島",
        "name_kana": "ミツシマ：対馬空港",
        "name_en": "Mitsushima",
        "altitude_m": 63.0,
        "record_value": 16.8,
        "record_date": "2015-07-17",
        "record_status": "success",
        "prec_no": "84",
        "block_no": "1538",
        "station_class": "a",
        "record_rank_url": "https://www.data.jma.go.jp/stats/etrn/view/rank_a.php?prec_no=84&block_no=1538&year=&month=07&day=&view=p1"
      }
    },
    {
      "type": "Feature",
      "geometry": {
        "type": "Point",
        "coordinates": [
          129.721667,
          33.8
        ]
      },
      "properties": {
        "amedas_code": "84121",
        "name": "芦辺",
        "name_kana": "アシベ",
        "name_en": "Ashibe",
        "altitude_m": 97.0,
        "record_value": 16.6,
        "record_date": "2015-07-17",
        "record_status": "success",
        "prec_no": "84",
        "block_no": "1144",
        "station_class": "a",
        "record_rank_url": "https://www.data.jma.go.jp/stats/etrn/view/rank_a.php?prec_no=84&block_no=1144&year=&month=07&day=&view=p1"
      }
    },
    {
      "type": "Feature",
      "geometry": {
        "type": "Point",
        "coordinates": [
          129.785,
          33.748333
        ]
      },
      "properties": {
        "amedas_code": "84122",
        "name": "石田",
        "name_kana": "イシダ：壱岐空港",
        "name_en": "Ishida",
        "altitude_m": 12.0,
        "record_value": 17.6,
        "record_date": "2020-07-02",
        "record_status": "success",
        "prec_no": "84",
        "block_no": "1478",
        "station_class": "a",
        "record_rank_url": "https://www.data.jma.go.jp/stats/etrn/view/rank_a.php?prec_no=84&block_no=1478&year=&month=07&day=&view=p1"
      }
    },
    {
      "type": "Feature",
      "geometry": {
        "type": "Point",
        "coordinates": [
          129.55,
          33.36
        ]
      },
      "properties": {
        "amedas_code": "84171",
        "name": "平戸",
        "name_kana": "ヒラド",
        "name_en": "Hirado",
        "altitude_m": 58.0,
        "record_value": 16.1,
        "record_date": "1976-07-08",
        "record_status": "success",
        "prec_no": "84",
        "block_no": "47805",
        "station_class": "s",
        "record_rank_url": "https://www.data.jma.go.jp/stats/etrn/view/rank_s.php?prec_no=84&block_no=47805&year=&month=07&day=&view=p1"
      }
    },
    {
      "type": "Feature",
      "geometry": {
        "type": "Point",
        "coordinates": [
          129.711667,
          33.341667
        ]
      },
      "properties": {
        "amedas_code": "84183",
        "name": "松浦",
        "name_kana": "マツウラ",
        "name_en": "Matsuura",
        "altitude_m": 14.0,
        "record_value": 17.4,
        "record_date": "2012-07-09",
        "record_status": "success",
        "prec_no": "84",
        "block_no": "0814",
        "station_class": "a",
        "record_rank_url": "https://www.data.jma.go.jp/stats/etrn/view/rank_a.php?prec_no=84&block_no=0814&year=&month=07&day=&view=p1"
      }
    },
    {
      "type": "Feature",
      "geometry": {
        "type": "Point",
        "coordinates": [
          129.726667,
          33.158333
        ]
      },
      "properties": {
        "amedas_code": "84266",
        "name": "佐世保",
        "name_kana": "サセボ",
        "name_en": "Sasebo",
        "altitude_m": 4.0,
        "record_value": 14.2,
        "record_date": "1966-07-04",
        "record_status": "success",
        "prec_no": "84",
        "block_no": "47812",
        "station_class": "s",
        "record_rank_url": "https://www.data.jma.go.jp/stats/etrn/view/rank_s.php?prec_no=84&block_no=47812&year=&month=07&day=&view=p1"
      }
    },
    {
      "type": "Feature",
      "geometry": {
        "type": "Point",
        "coordinates": [
          129.651667,
          33.013333
        ]
      },
      "properties": {
        "amedas_code": "84306",
        "name": "西海",
        "name_kana": "サイカイ",
        "name_en": "Saikai",
        "altitude_m": 18.0,
        "record_value": 21.0,
        "record_date": "2026-07-03",
        "record_status": "success",
        "prec_no": "84",
        "block_no": "1672",
        "station_class": "a",
        "record_rank_url": "https://www.data.jma.go.jp/stats/etrn/view/rank_a.php?prec_no=84&block_no=1672&year=&month=07&day=&view=p1"
      }
    },
    {
      "type": "Feature",
      "geometry": {
        "type": "Point",
        "coordinates": [
          129.118333,
          32.981667
        ]
      },
      "properties": {
        "amedas_code": "84341",
        "name": "有川",
        "name_kana": "アリカワ",
        "name_en": "Arikawa",
        "altitude_m": 11.0,
        "record_value": 15.5,
        "record_date": "1982-07-02",
        "record_status": "success",
        "prec_no": "84",
        "block_no": "1138",
        "station_class": "a",
        "record_rank_url": "https://www.data.jma.go.jp/stats/etrn/view/rank_a.php?prec_no=84&block_no=1138&year=&month=07&day=&view=p1"
      }
    },
    {
      "type": "Feature",
      "geometry": {
        "type": "Point",
        "coordinates": [
          129.913333,
          32.916667
        ]
      },
      "properties": {
        "amedas_code": "84371",
        "name": "大村",
        "name_kana": "オオムラ：長崎空港",
        "name_en": "Omura",
        "altitude_m": 3.0,
        "record_value": 18.0,
        "record_date": "2008-07-01",
        "record_status": "success",
        "prec_no": "84",
        "block_no": "1084",
        "station_class": "a",
        "record_rank_url": "https://www.data.jma.go.jp/stats/etrn/view/rank_a.php?prec_no=84&block_no=1084&year=&month=07&day=&view=p1"
      }
    },
    {
      "type": "Feature",
      "geometry": {
        "type": "Point",
        "coordinates": [
          129.866667,
          32.733333
        ]
      },
      "properties": {
        "amedas_code": "84496",
        "name": "長崎",
        "name_kana": "ナガサキ",
        "name_en": "Nagasaki",
        "altitude_m": 27.0,
        "record_value": 15.0,
        "record_date": "1903-07-02",
        "record_status": "success",
        "prec_no": "84",
        "block_no": "47817",
        "station_class": "s",
        "record_rank_url": "https://www.data.jma.go.jp/stats/etrn/view/rank_s.php?prec_no=84&block_no=47817&year=&month=07&day=&view=p1"
      }
    },
    {
      "type": "Feature",
      "geometry": {
        "type": "Point",
        "coordinates": [
          130.261667,
          32.736667
        ]
      },
      "properties": {
        "amedas_code": "84519",
        "name": "雲仙岳",
        "name_kana": "ウンゼンダケ",
        "name_en": "Mt. Unzen",
        "altitude_m": 678.0,
        "record_value": 13.0,
        "record_date": "1936-07-04",
        "record_status": "success",
        "prec_no": "84",
        "block_no": "47818",
        "station_class": "s",
        "record_rank_url": "https://www.data.jma.go.jp/stats/etrn/view/rank_s.php?prec_no=84&block_no=47818&year=&month=07&day=&view=p1"
      }
    },
    {
      "type": "Feature",
      "geometry": {
        "type": "Point",
        "coordinates": [
          130.361667,
          32.76
        ]
      },
      "properties": {
        "amedas_code": "84523",
        "name": "島原",
        "name_kana": "シマバラ",
        "name_en": "Shimabara",
        "altitude_m": 14.0,
        "record_value": 18.0,
        "record_date": "2015-07-02",
        "record_status": "success",
        "prec_no": "84",
        "block_no": "0962",
        "station_class": "a",
        "record_rank_url": "https://www.data.jma.go.jp/stats/etrn/view/rank_a.php?prec_no=84&block_no=0962&year=&month=07&day=&view=p1"
      }
    },
    {
      "type": "Feature",
      "geometry": {
        "type": "Point",
        "coordinates": [
          128.826667,
          32.693333
        ]
      },
      "properties": {
        "amedas_code": "84536",
        "name": "福江",
        "name_kana": "フクエ",
        "name_en": "Fukue",
        "altitude_m": 25.0,
        "record_value": 15.7,
        "record_date": "1976-07-08",
        "record_status": "success",
        "prec_no": "84",
        "block_no": "47843",
        "station_class": "s",
        "record_rank_url": "https://www.data.jma.go.jp/stats/etrn/view/rank_s.php?prec_no=84&block_no=47843&year=&month=07&day=&view=p1"
      }
    },
    {
      "type": "Feature",
      "geometry": {
        "type": "Point",
        "coordinates": [
          128.831667,
          32.665
        ]
      },
      "properties": {
        "amedas_code": "84537",
        "name": "上大津",
        "name_kana": "カミオオヅ：福江空港",
        "name_en": "Kami-Ozu",
        "altitude_m": 77.0,
        "record_value": 16.9,
        "record_date": "2008-07-01",
        "record_status": "success",
        "prec_no": "84",
        "block_no": "1479",
        "station_class": "a",
        "record_rank_url": "https://www.data.jma.go.jp/stats/etrn/view/rank_a.php?prec_no=84&block_no=1479&year=&month=07&day=&view=p1"
      }
    },
    {
      "type": "Feature",
      "geometry": {
        "type": "Point",
        "coordinates": [
          130.193333,
          32.611667
        ]
      },
      "properties": {
        "amedas_code": "84561",
        "name": "口之津",
        "name_kana": "クチノツ",
        "name_en": "Kuchinotsu",
        "altitude_m": 13.0,
        "record_value": 17.4,
        "record_date": "1992-07-01",
        "record_status": "success",
        "prec_no": "84",
        "block_no": "0922",
        "station_class": "a",
        "record_rank_url": "https://www.data.jma.go.jp/stats/etrn/view/rank_a.php?prec_no=84&block_no=0922&year=&month=07&day=&view=p1"
      }
    },
    {
      "type": "Feature",
      "geometry": {
        "type": "Point",
        "coordinates": [
          129.776667,
          32.581667
        ]
      },
      "properties": {
        "amedas_code": "84597",
        "name": "脇岬",
        "name_kana": "ワキミサキ",
        "name_en": "Wakimisaki",
        "altitude_m": 4.0,
        "record_value": 21.8,
        "record_date": "2026-07-03",
        "record_status": "success",
        "prec_no": "84",
        "block_no": "1670",
        "station_class": "a",
        "record_rank_url": "https://www.data.jma.go.jp/stats/etrn/view/rank_a.php?prec_no=84&block_no=1670&year=&month=07&day=&view=p1"
      }
    },
    {
      "type": "Feature",
      "geometry": {
        "type": "Point",
        "coordinates": [
          129.955,
          33.458333
        ]
      },
      "properties": {
        "amedas_code": "85033",
        "name": "唐津",
        "name_kana": "カラツ",
        "name_en": "Karatsu",
        "altitude_m": 23.0,
        "record_value": 17.4,
        "record_date": "2012-07-09",
        "record_status": "success",
        "prec_no": "85",
        "block_no": "1610",
        "station_class": "a",
        "record_rank_url": "https://www.data.jma.go.jp/stats/etrn/view/rank_a.php?prec_no=85&block_no=1610&year=&month=07&day=&view=p1"
      }
    },
    {
      "type": "Feature",
      "geometry": {
        "type": "Point",
        "coordinates": [
          129.878333,
          33.266667
        ]
      },
      "properties": {
        "amedas_code": "85116",
        "name": "伊万里",
        "name_kana": "イマリ",
        "name_en": "Imari",
        "altitude_m": 25.0,
        "record_value": 15.6,
        "record_date": "1982-07-01",
        "record_status": "success",
        "prec_no": "85",
        "block_no": "1075",
        "station_class": "a",
        "record_rank_url": "https://www.data.jma.go.jp/stats/etrn/view/rank_a.php?prec_no=85&block_no=1075&year=&month=07&day=&view=p1"
      }
    },
    {
      "type": "Feature",
      "geometry": {
        "type": "Point",
        "coordinates": [
          130.305,
          33.265
        ]
      },
      "properties": {
        "amedas_code": "85142",
        "name": "佐賀",
        "name_kana": "サガ",
        "name_en": "Saga",
        "altitude_m": 6.0,
        "record_value": 14.3,
        "record_date": "1910-07-05",
        "record_status": "success",
        "prec_no": "85",
        "block_no": "47813",
        "station_class": "s",
        "record_rank_url": "https://www.data.jma.go.jp/stats/etrn/view/rank_s.php?prec_no=85&block_no=47813&year=&month=07&day=&view=p1"
      }
    },
    {
      "type": "Feature",
      "geometry": {
        "type": "Point",
        "coordinates": [
          129.995,
          33.116667
        ]
      },
      "properties": {
        "amedas_code": "85161",
        "name": "嬉野",
        "name_kana": "ウレシノ",
        "name_en": "Ureshino",
        "altitude_m": 81.0,
        "record_value": 12.9,
        "record_date": "1982-07-01",
        "record_status": "success",
        "prec_no": "85",
        "block_no": "0830",
        "station_class": "a",
        "record_rank_url": "https://www.data.jma.go.jp/stats/etrn/view/rank_a.php?prec_no=85&block_no=0830&year=&month=07&day=&view=p1"
      }
    },
    {
      "type": "Feature",
      "geometry": {
        "type": "Point",
        "coordinates": [
          130.148333,
          33.183333
        ]
      },
      "properties": {
        "amedas_code": "85166",
        "name": "白石",
        "name_kana": "シロイシ",
        "name_en": "Shiroishi",
        "altitude_m": 2.0,
        "record_value": 15.5,
        "record_date": "1982-07-01",
        "record_status": "success",
        "prec_no": "85",
        "block_no": "0829",
        "station_class": "a",
        "record_rank_url": "https://www.data.jma.go.jp/stats/etrn/view/rank_a.php?prec_no=85&block_no=0829&year=&month=07&day=&view=p1"
      }
    },
    {
      "type": "Feature",
      "geometry": {
        "type": "Point",
        "coordinates": [
          130.301667,
          33.148333
        ]
      },
      "properties": {
        "amedas_code": "85176",
        "name": "川副",
        "name_kana": "カワソエ：佐賀空港",
        "name_en": "Kawasoe",
        "altitude_m": 2.0,
        "record_value": 17.6,
        "record_date": "2008-07-01",
        "record_status": "success",
        "prec_no": "85",
        "block_no": "1480",
        "station_class": "a",
        "record_rank_url": "https://www.data.jma.go.jp/stats/etrn/view/rank_a.php?prec_no=85&block_no=1480&year=&month=07&day=&view=p1"
      }
    },
    {
      "type": "Feature",
      "geometry": {
        "type": "Point",
        "coordinates": [
          130.691667,
          33.115
        ]
      },
      "properties": {
        "amedas_code": "86006",
        "name": "鹿北",
        "name_kana": "カホク",
        "name_en": "Kahoku",
        "altitude_m": 119.0,
        "record_value": 12.7,
        "record_date": "1982-07-01",
        "record_status": "success",
        "prec_no": "86",
        "block_no": "0832",
        "station_class": "a",
        "record_rank_url": "https://www.data.jma.go.jp/stats/etrn/view/rank_a.php?prec_no=86&block_no=0832&year=&month=07&day=&view=p1"
      }
    },
    {
      "type": "Feature",
      "geometry": {
        "type": "Point",
        "coordinates": [
          131.066667,
          33.103333
        ]
      },
      "properties": {
        "amedas_code": "86066",
        "name": "南小国",
        "name_kana": "ミナミオグニ",
        "name_en": "Minami-Oguni",
        "altitude_m": 448.0,
        "record_value": 10.1,
        "record_date": "1982-07-01",
        "record_status": "success",
        "prec_no": "86",
        "block_no": "0833",
        "station_class": "a",
        "record_rank_url": "https://www.data.jma.go.jp/stats/etrn/view/rank_a.php?prec_no=86&block_no=0833&year=&month=07&day=&view=p1"
      }
    },
    {
      "type": "Feature",
      "geometry": {
        "type": "Point",
        "coordinates": [
          130.511667,
          32.915
        ]
      },
      "properties": {
        "amedas_code": "86086",
        "name": "岱明",
        "name_kana": "タイメイ",
        "name_en": "Taimei",
        "altitude_m": 15.0,
        "record_value": 15.5,
        "record_date": "1982-07-01",
        "record_status": "success",
        "prec_no": "86",
        "block_no": "0834",
        "station_class": "a",
        "record_rank_url": "https://www.data.jma.go.jp/stats/etrn/view/rank_a.php?prec_no=86&block_no=0834&year=&month=07&day=&view=p1"
      }
    },
    {
      "type": "Feature",
      "geometry": {
        "type": "Point",
        "coordinates": [
          130.781667,
          32.945
        ]
      },
      "properties": {
        "amedas_code": "86101",
        "name": "菊池",
        "name_kana": "キクチ",
        "name_en": "Kikuchi",
        "altitude_m": 83.0,
        "record_value": 14.3,
        "record_date": "1982-07-01",
        "record_status": "success",
        "prec_no": "86",
        "block_no": "0835",
        "station_class": "a",
        "record_rank_url": "https://www.data.jma.go.jp/stats/etrn/view/rank_a.php?prec_no=86&block_no=0835&year=&month=07&day=&view=p1"
      }
    },
    {
      "type": "Feature",
      "geometry": {
        "type": "Point",
        "coordinates": [
          131.04,
          32.946667
        ]
      },
      "properties": {
        "amedas_code": "86111",
        "name": "阿蘇乙姫",
        "name_kana": "アソオトヒメ",
        "name_en": "Aso-Otohime",
        "altitude_m": 487.0,
        "record_value": 10.7,
        "record_date": "1982-07-01",
        "record_status": "success",
        "prec_no": "86",
        "block_no": "1240",
        "station_class": "a",
        "record_rank_url": "https://www.data.jma.go.jp/stats/etrn/view/rank_a.php?prec_no=86&block_no=1240&year=&month=07&day=&view=p1"
      }
    },
    {
      "type": "Feature",
      "geometry": {
        "type": "Point",
        "coordinates": [
          130.706667,
          32.813333
        ]
      },
      "properties": {
        "amedas_code": "86141",
        "name": "熊本",
        "name_kana": "クマモト",
        "name_en": "Kumamoto",
        "altitude_m": 38.0,
        "record_value": 14.3,
        "record_date": "1910-07-05",
        "record_status": "success",
        "prec_no": "86",
        "block_no": "47819",
        "station_class": "s",
        "record_rank_url": "https://www.data.jma.go.jp/stats/etrn/view/rank_s.php?prec_no=86&block_no=47819&year=&month=07&day=&view=p1"
      }
    },
    {
      "type": "Feature",
      "geometry": {
        "type": "Point",
        "coordinates": [
          130.855,
          32.836667
        ]
      },
      "properties": {
        "amedas_code": "86146",
        "name": "益城",
        "name_kana": "マシキ：熊本空港",
        "name_en": "Mashiki",
        "altitude_m": 193.0,
        "record_value": 16.3,
        "record_date": "2020-07-02",
        "record_status": "success",
        "prec_no": "86",
        "block_no": "0923",
        "station_class": "a",
        "record_rank_url": "https://www.data.jma.go.jp/stats/etrn/view/rank_a.php?prec_no=86&block_no=0923&year=&month=07&day=&view=p1"
      }
    },
    {
      "type": "Feature",
      "geometry": {
        "type": "Point",
        "coordinates": [
          131.013333,
          32.831667
        ]
      },
      "properties": {
        "amedas_code": "86157",
        "name": "南阿蘇",
        "name_kana": "ミナミアソ",
        "name_en": "Minami-Aso",
        "altitude_m": 394.0,
        "record_value": 14.5,
        "record_date": "2020-07-02",
        "record_status": "success",
        "prec_no": "86",
        "block_no": "1660",
        "station_class": "a",
        "record_rank_url": "https://www.data.jma.go.jp/stats/etrn/view/rank_a.php?prec_no=86&block_no=1660&year=&month=07&day=&view=p1"
      }
    },
    {
      "type": "Feature",
      "geometry": {
        "type": "Point",
        "coordinates": [
          131.125,
          32.821667
        ]
      },
      "properties": {
        "amedas_code": "86161",
        "name": "高森",
        "name_kana": "タカモリ",
        "name_en": "Takamori",
        "altitude_m": 555.0,
        "record_value": 11.6,
        "record_date": "1982-07-01",
        "record_status": "success",
        "prec_no": "86",
        "block_no": "0840",
        "station_class": "a",
        "record_rank_url": "https://www.data.jma.go.jp/stats/etrn/view/rank_a.php?prec_no=86&block_no=0840&year=&month=07&day=&view=p1"
      }
    },
    {
      "type": "Feature",
      "geometry": {
        "type": "Point",
        "coordinates": [
          130.478333,
          32.611667
        ]
      },
      "properties": {
        "amedas_code": "86216",
        "name": "三角",
        "name_kana": "ミスミ",
        "name_en": "Misumi",
        "altitude_m": 60.0,
        "record_value": 17.7,
        "record_date": "1992-07-01",
        "record_status": "success",
        "prec_no": "86",
        "block_no": "1081",
        "station_class": "a",
        "record_rank_url": "https://www.data.jma.go.jp/stats/etrn/view/rank_a.php?prec_no=86&block_no=1081&year=&month=07&day=&view=p1"
      }
    },
    {
      "type": "Feature",
      "geometry": {
        "type": "Point",
        "coordinates": [
          130.816667,
          32.671667
        ]
      },
      "properties": {
        "amedas_code": "86236",
        "name": "甲佐",
        "name_kana": "コウサ",
        "name_en": "Kosa",
        "altitude_m": 52.0,
        "record_value": 16.5,
        "record_date": "1982-07-01",
        "record_status": "success",
        "prec_no": "86",
        "block_no": "0842",
        "station_class": "a",
        "record_rank_url": "https://www.data.jma.go.jp/stats/etrn/view/rank_a.php?prec_no=86&block_no=0842&year=&month=07&day=&view=p1"
      }
    },
    {
      "type": "Feature",
      "geometry": {
        "type": "Point",
        "coordinates": [
          130.446667,
          32.515
        ]
      },
      "properties": {
        "amedas_code": "86271",
        "name": "松島",
        "name_kana": "マツシマ",
        "name_en": "Matsushima",
        "altitude_m": 2.0,
        "record_value": 16.3,
        "record_date": "1989-07-05",
        "record_status": "success",
        "prec_no": "86",
        "block_no": "0843",
        "station_class": "a",
        "record_rank_url": "https://www.data.jma.go.jp/stats/etrn/view/rank_a.php?prec_no=86&block_no=0843&year=&month=07&day=&view=p1"
      }
    },
    {
      "type": "Feature",
      "geometry": {
        "type": "Point",
        "coordinates": [
          130.18,
          32.468333
        ]
      },
      "properties": {
        "amedas_code": "86316",
        "name": "本渡",
        "name_kana": "ホンド",
        "name_en": "Hondo",
        "altitude_m": 30.0,
        "record_value": 16.6,
        "record_date": "1982-07-02",
        "record_status": "success",
        "prec_no": "86",
        "block_no": "0845",
        "station_class": "a",
        "record_rank_url": "https://www.data.jma.go.jp/stats/etrn/view/rank_a.php?prec_no=86&block_no=0845&year=&month=07&day=&view=p1"
      }
    },
    {
      "type": "Feature",
      "geometry": {
        "type": "Point",
        "coordinates": [
          130.606667,
          32.473333
        ]
      },
      "properties": {
        "amedas_code": "86336",
        "name": "八代",
        "name_kana": "ヤツシロ",
        "name_en": "Yatsushiro",
        "altitude_m": 8.0,
        "record_value": 17.8,
        "record_date": "1989-07-05",
        "record_status": "success",
        "prec_no": "86",
        "block_no": "0846",
        "station_class": "a",
        "record_rank_url": "https://www.data.jma.go.jp/stats/etrn/view/rank_a.php?prec_no=86&block_no=0846&year=&month=07&day=&view=p1"
      }
    },
    {
      "type": "Feature",
      "geometry": {
        "type": "Point",
        "coordinates": [
          130.406667,
          32.205
        ]
      },
      "properties": {
        "amedas_code": "86451",
        "name": "水俣",
        "name_kana": "ミナマタ",
        "name_en": "Minamata",
        "altitude_m": 6.0,
        "record_value": 17.2,
        "record_date": "1986-07-01",
        "record_status": "success",
        "prec_no": "86",
        "block_no": "0924",
        "station_class": "a",
        "record_rank_url": "https://www.data.jma.go.jp/stats/etrn/view/rank_a.php?prec_no=86&block_no=0924&year=&month=07&day=&view=p1"
      }
    },
    {
      "type": "Feature",
      "geometry": {
        "type": "Point",
        "coordinates": [
          130.755,
          32.216667
        ]
      },
      "properties": {
        "amedas_code": "86467",
        "name": "人吉",
        "name_kana": "ヒトヨシ",
        "name_en": "Hitoyoshi",
        "altitude_m": 146.0,
        "record_value": 15.0,
        "record_date": "1982-07-01",
        "record_status": "success",
        "prec_no": "86",
        "block_no": "47824",
        "station_class": "s",
        "record_rank_url": "https://www.data.jma.go.jp/stats/etrn/view/rank_s.php?prec_no=86&block_no=47824&year=&month=07&day=&view=p1"
      }
    },
    {
      "type": "Feature",
      "geometry": {
        "type": "Point",
        "coordinates": [
          130.905,
          32.225
        ]
      },
      "properties": {
        "amedas_code": "86477",
        "name": "上",
        "name_kana": "ウエ",
        "name_en": "Ue",
        "altitude_m": 166.0,
        "record_value": 15.0,
        "record_date": "1982-07-01",
        "record_status": "success",
        "prec_no": "86",
        "block_no": "0926",
        "station_class": "a",
        "record_rank_url": "https://www.data.jma.go.jp/stats/etrn/view/rank_a.php?prec_no=86&block_no=0926&year=&month=07&day=&view=p1"
      }
    },
    {
      "type": "Feature",
      "geometry": {
        "type": "Point",
        "coordinates": [
          130.026667,
          32.196667
        ]
      },
      "properties": {
        "amedas_code": "86491",
        "name": "牛深",
        "name_kana": "ウシブカ",
        "name_en": "Ushibuka",
        "altitude_m": 3.0,
        "record_value": 18.0,
        "record_date": "1966-07-04",
        "record_status": "success",
        "prec_no": "86",
        "block_no": "47838",
        "station_class": "s",
        "record_rank_url": "https://www.data.jma.go.jp/stats/etrn/view/rank_s.php?prec_no=86&block_no=47838&year=&month=07&day=&view=p1"
      }
    },
    {
      "type": "Feature",
      "geometry": {
        "type": "Point",
        "coordinates": [
          131.29,
          32.711667
        ]
      },
      "properties": {
        "amedas_code": "87041",
        "name": "高千穂",
        "name_kana": "タカチホ",
        "name_en": "Takachiho",
        "altitude_m": 350.0,
        "record_value": 11.1,
        "record_date": "1982-07-01",
        "record_status": "success",
        "prec_no": "87",
        "block_no": "0852",
        "station_class": "a",
        "record_rank_url": "https://www.data.jma.go.jp/stats/etrn/view/rank_a.php?prec_no=87&block_no=0852&year=&month=07&day=&view=p1"
      }
    },
    {
      "type": "Feature",
      "geometry": {
        "type": "Point",
        "coordinates": [
          131.82,
          32.711667
        ]
      },
      "properties": {
        "amedas_code": "87066",
        "name": "古江",
        "name_kana": "フルエ",
        "name_en": "Furue",
        "altitude_m": 14.0,
        "record_value": 14.1,
        "record_date": "1981-07-24",
        "record_status": "success",
        "prec_no": "87",
        "block_no": "1135",
        "station_class": "a",
        "record_rank_url": "https://www.data.jma.go.jp/stats/etrn/view/rank_a.php?prec_no=87&block_no=1135&year=&month=07&day=&view=p1"
      }
    },
    {
      "type": "Feature",
      "geometry": {
        "type": "Point",
        "coordinates": [
          131.156667,
          32.643333
        ]
      },
      "properties": {
        "amedas_code": "87071",
        "name": "鞍岡",
        "name_kana": "クラオカ",
        "name_en": "Kuraoka",
        "altitude_m": 590.0,
        "record_value": 10.7,
        "record_date": "1982-07-01",
        "record_status": "success",
        "prec_no": "87",
        "block_no": "1348",
        "station_class": "a",
        "record_rank_url": "https://www.data.jma.go.jp/stats/etrn/view/rank_a.php?prec_no=87&block_no=1348&year=&month=07&day=&view=p1"
      }
    },
    {
      "type": "Feature",
      "geometry": {
        "type": "Point",
        "coordinates": [
          131.656667,
          32.581667
        ]
      },
      "properties": {
        "amedas_code": "87141",
        "name": "延岡",
        "name_kana": "ノベオカ",
        "name_en": "Nobeoka",
        "altitude_m": 19.0,
        "record_value": 14.7,
        "record_date": "1982-07-01",
        "record_status": "success",
        "prec_no": "87",
        "block_no": "47822",
        "station_class": "s",
        "record_rank_url": "https://www.data.jma.go.jp/stats/etrn/view/rank_s.php?prec_no=87&block_no=47822&year=&month=07&day=&view=p1"
      }
    },
    {
      "type": "Feature",
      "geometry": {
        "type": "Point",
        "coordinates": [
          131.6,
          32.408333
        ]
      },
      "properties": {
        "amedas_code": "87181",
        "name": "日向",
        "name_kana": "ヒュウガ",
        "name_en": "Hyuga",
        "altitude_m": 20.0,
        "record_value": 15.4,
        "record_date": "1982-07-01",
        "record_status": "success",
        "prec_no": "87",
        "block_no": "0857",
        "station_class": "a",
        "record_rank_url": "https://www.data.jma.go.jp/stats/etrn/view/rank_a.php?prec_no=87&block_no=0857&year=&month=07&day=&view=p1"
      }
    },
    {
      "type": "Feature",
      "geometry": {
        "type": "Point",
        "coordinates": [
          131.331667,
          32.385
        ]
      },
      "properties": {
        "amedas_code": "87206",
        "name": "神門",
        "name_kana": "ミカド",
        "name_en": "Mikado",
        "altitude_m": 250.0,
        "record_value": 11.9,
        "record_date": "1982-07-01",
        "record_status": "success",
        "prec_no": "87",
        "block_no": "1353",
        "station_class": "a",
        "record_rank_url": "https://www.data.jma.go.jp/stats/etrn/view/rank_a.php?prec_no=87&block_no=1353&year=&month=07&day=&view=p1"
      }
    },
    {
      "type": "Feature",
      "geometry": {
        "type": "Point",
        "coordinates": [
          131.151667,
          32.24
        ]
      },
      "properties": {
        "amedas_code": "87231",
        "name": "西米良",
        "name_kana": "ニシメラ",
        "name_en": "Nishimera",
        "altitude_m": 260.0,
        "record_value": 13.3,
        "record_date": "1982-07-01",
        "record_status": "success",
        "prec_no": "87",
        "block_no": "1345",
        "station_class": "a",
        "record_rank_url": "https://www.data.jma.go.jp/stats/etrn/view/rank_a.php?prec_no=87&block_no=1345&year=&month=07&day=&view=p1"
      }
    },
    {
      "type": "Feature",
      "geometry": {
        "type": "Point",
        "coordinates": [
          131.475,
          32.123333
        ]
      },
      "properties": {
        "amedas_code": "87293",
        "name": "高鍋",
        "name_kana": "タカナベ",
        "name_en": "Takanabe",
        "altitude_m": 57.0,
        "record_value": 17.2,
        "record_date": "2020-07-02",
        "record_status": "success",
        "prec_no": "87",
        "block_no": "0859",
        "station_class": "a",
        "record_rank_url": "https://www.data.jma.go.jp/stats/etrn/view/rank_a.php?prec_no=87&block_no=0859&year=&month=07&day=&view=p1"
      }
    },
    {
      "type": "Feature",
      "geometry": {
        "type": "Point",
        "coordinates": [
          130.81,
          32.046667
        ]
      },
      "properties": {
        "amedas_code": "87301",
        "name": "加久藤",
        "name_kana": "カクトウ",
        "name_en": "Kakuto",
        "altitude_m": 228.0,
        "record_value": 14.2,
        "record_date": "1982-07-01",
        "record_status": "success",
        "prec_no": "87",
        "block_no": "0860",
        "station_class": "a",
        "record_rank_url": "https://www.data.jma.go.jp/stats/etrn/view/rank_a.php?prec_no=87&block_no=0860&year=&month=07&day=&view=p1"
      }
    },
    {
      "type": "Feature",
      "geometry": {
        "type": "Point",
        "coordinates": [
          131.413333,
          32.063333
        ]
      },
      "properties": {
        "amedas_code": "87331",
        "name": "西都",
        "name_kana": "サイト",
        "name_en": "Saito",
        "altitude_m": 8.0,
        "record_value": 14.9,
        "record_date": "1982-07-01",
        "record_status": "success",
        "prec_no": "87",
        "block_no": "0861",
        "station_class": "a",
        "record_rank_url": "https://www.data.jma.go.jp/stats/etrn/view/rank_a.php?prec_no=87&block_no=0861&year=&month=07&day=&view=p1"
      }
    },
    {
      "type": "Feature",
      "geometry": {
        "type": "Point",
        "coordinates": [
          130.953333,
          32.0
        ]
      },
      "properties": {
        "amedas_code": "87352",
        "name": "小林",
        "name_kana": "コバヤシ",
        "name_en": "Kobayashi",
        "altitude_m": 276.0,
        "record_value": 16.6,
        "record_date": "2020-07-02",
        "record_status": "success",
        "prec_no": "87",
        "block_no": "0863",
        "station_class": "a",
        "record_rank_url": "https://www.data.jma.go.jp/stats/etrn/view/rank_a.php?prec_no=87&block_no=0863&year=&month=07&day=&view=p1"
      }
    },
    {
      "type": "Feature",
      "geometry": {
        "type": "Point",
        "coordinates": [
          131.413333,
          31.938333
        ]
      },
      "properties": {
        "amedas_code": "87376",
        "name": "宮崎",
        "name_kana": "ミヤザキ",
        "name_en": "Miyazaki",
        "altitude_m": 9.0,
        "record_value": 16.0,
        "record_date": "1913-07-01",
        "record_status": "success",
        "prec_no": "87",
        "block_no": "47830",
        "station_class": "s",
        "record_rank_url": "https://www.data.jma.go.jp/stats/etrn/view/rank_s.php?prec_no=87&block_no=47830&year=&month=07&day=&view=p1"
      }
    },
    {
      "type": "Feature",
      "geometry": {
        "type": "Point",
        "coordinates": [
          131.308333,
          31.843333
        ]
      },
      "properties": {
        "amedas_code": "87406",
        "name": "田野",
        "name_kana": "タノ",
        "name_en": "Tano",
        "altitude_m": 134.0,
        "record_value": 17.4,
        "record_date": "2020-07-02",
        "record_status": "success",
        "prec_no": "87",
        "block_no": "1663",
        "station_class": "a",
        "record_rank_url": "https://www.data.jma.go.jp/stats/etrn/view/rank_a.php?prec_no=87&block_no=1663&year=&month=07&day=&view=p1"
      }
    },
    {
      "type": "Feature",
      "geometry": {
        "type": "Point",
        "coordinates": [
          131.448333,
          31.876667
        ]
      },
      "properties": {
        "amedas_code": "87412",
        "name": "赤江",
        "name_kana": "アカエ：宮崎空港",
        "name_en": "Akae",
        "altitude_m": 6.0,
        "record_value": 18.1,
        "record_date": "2015-07-03",
        "record_status": "success",
        "prec_no": "87",
        "block_no": "1481",
        "station_class": "a",
        "record_rank_url": "https://www.data.jma.go.jp/stats/etrn/view/rank_a.php?prec_no=87&block_no=1481&year=&month=07&day=&view=p1"
      }
    },
    {
      "type": "Feature",
      "geometry": {
        "type": "Point",
        "coordinates": [
          131.081667,
          31.73
        ]
      },
      "properties": {
        "amedas_code": "87426",
        "name": "都城",
        "name_kana": "ミヤコノジョウ",
        "name_en": "Miyakonojo",
        "altitude_m": 154.0,
        "record_value": 15.0,
        "record_date": "1982-07-01",
        "record_status": "success",
        "prec_no": "87",
        "block_no": "47829",
        "station_class": "s",
        "record_rank_url": "https://www.data.jma.go.jp/stats/etrn/view/rank_s.php?prec_no=87&block_no=47829&year=&month=07&day=&view=p1"
      }
    },
    {
      "type": "Feature",
      "geometry": {
        "type": "Point",
        "coordinates": [
          131.406667,
          31.578333
        ]
      },
      "properties": {
        "amedas_code": "87492",
        "name": "油津",
        "name_kana": "アブラツ",
        "name_en": "Aburatsu",
        "altitude_m": 3.0,
        "record_value": 16.7,
        "record_date": "1982-07-01",
        "record_status": "success",
        "prec_no": "87",
        "block_no": "47835",
        "station_class": "s",
        "record_rank_url": "https://www.data.jma.go.jp/stats/etrn/view/rank_s.php?prec_no=87&block_no=47835&year=&month=07&day=&view=p1"
      }
    },
    {
      "type": "Feature",
      "geometry": {
        "type": "Point",
        "coordinates": [
          131.22,
          31.465
        ]
      },
      "properties": {
        "amedas_code": "87501",
        "name": "串間",
        "name_kana": "クシマ",
        "name_en": "Kushima",
        "altitude_m": 20.0,
        "record_value": 15.0,
        "record_date": "1982-07-01",
        "record_status": "success",
        "prec_no": "87",
        "block_no": "0872",
        "station_class": "a",
        "record_rank_url": "https://www.data.jma.go.jp/stats/etrn/view/rank_a.php?prec_no=87&block_no=0872&year=&month=07&day=&view=p1"
      }
    },
    {
      "type": "Feature",
      "geometry": {
        "type": "Point",
        "coordinates": [
          130.2,
          32.026667
        ]
      },
      "properties": {
        "amedas_code": "88061",
        "name": "阿久根",
        "name_kana": "アクネ",
        "name_en": "Akune",
        "altitude_m": 40.0,
        "record_value": 17.1,
        "record_date": "1968-07-07",
        "record_status": "success",
        "prec_no": "88",
        "block_no": "47823",
        "station_class": "s",
        "record_rank_url": "https://www.data.jma.go.jp/stats/etrn/view/rank_s.php?prec_no=88&block_no=47823&year=&month=07&day=&view=p1"
      }
    },
    {
      "type": "Feature",
      "geometry": {
        "type": "Point",
        "coordinates": [
          130.626667,
          32.046667
        ]
      },
      "properties": {
        "amedas_code": "88081",
        "name": "大口",
        "name_kana": "オオクチ",
        "name_en": "Okuchi",
        "altitude_m": 175.0,
        "record_value": 14.4,
        "record_date": "1982-07-01",
        "record_status": "success",
        "prec_no": "88",
        "block_no": "0875",
        "station_class": "a",
        "record_rank_url": "https://www.data.jma.go.jp/stats/etrn/view/rank_a.php?prec_no=88&block_no=0875&year=&month=07&day=&view=p1"
      }
    },
    {
      "type": "Feature",
      "geometry": {
        "type": "Point",
        "coordinates": [
          130.455,
          31.916667
        ]
      },
      "properties": {
        "amedas_code": "88107",
        "name": "さつま柏原",
        "name_kana": "サツマカシワバル",
        "name_en": "Satsuma-Kashiwabaru",
        "altitude_m": 59.0,
        "record_value": 16.2,
        "record_date": "1982-07-01",
        "record_status": "success",
        "prec_no": "88",
        "block_no": "0878",
        "station_class": "a",
        "record_rank_url": "https://www.data.jma.go.jp/stats/etrn/view/rank_a.php?prec_no=88&block_no=0878&year=&month=07&day=&view=p1"
      }
    },
    {
      "type": "Feature",
      "geometry": {
        "type": "Point",
        "coordinates": [
          129.866667,
          31.835
        ]
      },
      "properties": {
        "amedas_code": "88131",
        "name": "中甑",
        "name_kana": "ナカコシキ",
        "name_en": "Nakakoshiki",
        "altitude_m": 10.0,
        "record_value": 17.2,
        "record_date": "1989-07-05",
        "record_status": "success",
        "prec_no": "88",
        "block_no": "0879",
        "station_class": "a",
        "record_rank_url": "https://www.data.jma.go.jp/stats/etrn/view/rank_a.php?prec_no=88&block_no=0879&year=&month=07&day=&view=p1"
      }
    },
    {
      "type": "Feature",
      "geometry": {
        "type": "Point",
        "coordinates": [
          130.315,
          31.833333
        ]
      },
      "properties": {
        "amedas_code": "88151",
        "name": "川内",
        "name_kana": "センダイ",
        "name_en": "Sendai",
        "altitude_m": 5.0,
        "record_value": 16.8,
        "record_date": "1982-07-01",
        "record_status": "success",
        "prec_no": "88",
        "block_no": "0880",
        "station_class": "a",
        "record_rank_url": "https://www.data.jma.go.jp/stats/etrn/view/rank_a.php?prec_no=88&block_no=0880&year=&month=07&day=&view=p1"
      }
    },
    {
      "type": "Feature",
      "geometry": {
        "type": "Point",
        "coordinates": [
          130.718333,
          31.803333
        ]
      },
      "properties": {
        "amedas_code": "88166",
        "name": "溝辺",
        "name_kana": "ミゾベ：鹿児島空港",
        "name_en": "Mizobe",
        "altitude_m": 272.0,
        "record_value": 15.4,
        "record_date": "2020-07-02",
        "record_status": "success",
        "prec_no": "88",
        "block_no": "0881",
        "station_class": "a",
        "record_rank_url": "https://www.data.jma.go.jp/stats/etrn/view/rank_a.php?prec_no=88&block_no=0881&year=&month=07&day=&view=p1"
      }
    },
    {
      "type": "Feature",
      "geometry": {
        "type": "Point",
        "coordinates": [
          130.328333,
          31.668333
        ]
      },
      "properties": {
        "amedas_code": "88261",
        "name": "東市来",
        "name_kana": "ヒガシイチキ",
        "name_en": "Higashi-Ichiki",
        "altitude_m": 40.0,
        "record_value": 17.0,
        "record_date": "1982-07-01",
        "record_status": "success",
        "prec_no": "88",
        "block_no": "0883",
        "station_class": "a",
        "record_rank_url": "https://www.data.jma.go.jp/stats/etrn/view/rank_a.php?prec_no=88&block_no=0883&year=&month=07&day=&view=p1"
      }
    },
    {
      "type": "Feature",
      "geometry": {
        "type": "Point",
        "coordinates": [
          130.843333,
          31.661667
        ]
      },
      "properties": {
        "amedas_code": "88286",
        "name": "牧之原",
        "name_kana": "マキノハラ",
        "name_en": "Makinohara",
        "altitude_m": 387.0,
        "record_value": 15.3,
        "record_date": "1982-07-01",
        "record_status": "success",
        "prec_no": "88",
        "block_no": "0935",
        "station_class": "a",
        "record_rank_url": "https://www.data.jma.go.jp/stats/etrn/view/rank_a.php?prec_no=88&block_no=0935&year=&month=07&day=&view=p1"
      }
    },
    {
      "type": "Feature",
      "geometry": {
        "type": "Point",
        "coordinates": [
          130.546667,
          31.555
        ]
      },
      "properties": {
        "amedas_code": "88317",
        "name": "鹿児島",
        "name_kana": "カゴシマ",
        "name_en": "Kagoshima",
        "altitude_m": 4.0,
        "record_value": 15.9,
        "record_date": "1903-07-02",
        "record_status": "success",
        "prec_no": "88",
        "block_no": "47827",
        "station_class": "s",
        "record_rank_url": "https://www.data.jma.go.jp/stats/etrn/view/rank_s.php?prec_no=88&block_no=47827&year=&month=07&day=&view=p1"
      }
    },
    {
      "type": "Feature",
      "geometry": {
        "type": "Point",
        "coordinates": [
          130.855,
          31.588333
        ]
      },
      "properties": {
        "amedas_code": "88331",
        "name": "輝北",
        "name_kana": "キホク",
        "name_en": "Kihoku",
        "altitude_m": 360.0,
        "record_value": 14.2,
        "record_date": "1982-07-01",
        "record_status": "success",
        "prec_no": "88",
        "block_no": "1146",
        "station_class": "a",
        "record_rank_url": "https://www.data.jma.go.jp/stats/etrn/view/rank_a.php?prec_no=88&block_no=1146&year=&month=07&day=&view=p1"
      }
    },
    {
      "type": "Feature",
      "geometry": {
        "type": "Point",
        "coordinates": [
          130.325,
          31.415
        ]
      },
      "properties": {
        "amedas_code": "88371",
        "name": "加世田",
        "name_kana": "カセダ",
        "name_en": "Kaseda",
        "altitude_m": 9.0,
        "record_value": 16.7,
        "record_date": "1982-07-01",
        "record_status": "success",
        "prec_no": "88",
        "block_no": "0887",
        "station_class": "a",
        "record_rank_url": "https://www.data.jma.go.jp/stats/etrn/view/rank_a.php?prec_no=88&block_no=0887&year=&month=07&day=&view=p1"
      }
    },
    {
      "type": "Feature",
      "geometry": {
        "type": "Point",
        "coordinates": [
          131.095,
          31.478333
        ]
      },
      "properties": {
        "amedas_code": "88406",
        "name": "志布志",
        "name_kana": "シブシ",
        "name_en": "Shibushi",
        "altitude_m": 70.0,
        "record_value": 15.4,
        "record_date": "1982-07-01",
        "record_status": "success",
        "prec_no": "88",
        "block_no": "0936",
        "station_class": "a",
        "record_rank_url": "https://www.data.jma.go.jp/stats/etrn/view/rank_a.php?prec_no=88&block_no=0936&year=&month=07&day=&view=p1"
      }
    },
    {
      "type": "Feature",
      "geometry": {
        "type": "Point",
        "coordinates": [
          130.54,
          31.386667
        ]
      },
      "properties": {
        "amedas_code": "88432",
        "name": "喜入",
        "name_kana": "キイレ",
        "name_en": "Kiire",
        "altitude_m": 4.0,
        "record_value": 17.2,
        "record_date": "2020-07-02",
        "record_status": "success",
        "prec_no": "88",
        "block_no": "0890",
        "station_class": "a",
        "record_rank_url": "https://www.data.jma.go.jp/stats/etrn/view/rank_a.php?prec_no=88&block_no=0890&year=&month=07&day=&view=p1"
      }
    },
    {
      "type": "Feature",
      "geometry": {
        "type": "Point",
        "coordinates": [
          130.863333,
          31.391667
        ]
      },
      "properties": {
        "amedas_code": "88442",
        "name": "鹿屋",
        "name_kana": "カノヤ",
        "name_en": "Kanoya",
        "altitude_m": 63.0,
        "record_value": 15.5,
        "record_date": "1982-07-01",
        "record_status": "success",
        "prec_no": "88",
        "block_no": "0937",
        "station_class": "a",
        "record_rank_url": "https://www.data.jma.go.jp/stats/etrn/view/rank_a.php?prec_no=88&block_no=0937&year=&month=07&day=&view=p1"
      }
    },
    {
      "type": "Feature",
      "geometry": {
        "type": "Point",
        "coordinates": [
          130.938333,
          31.34
        ]
      },
      "properties": {
        "amedas_code": "88447",
        "name": "肝付前田",
        "name_kana": "キモツキマエダ",
        "name_en": "Kimotsuki-Maeda",
        "altitude_m": 31.0,
        "record_value": 15.3,
        "record_date": "1982-07-01",
        "record_status": "success",
        "prec_no": "88",
        "block_no": "1181",
        "station_class": "a",
        "record_rank_url": "https://www.data.jma.go.jp/stats/etrn/view/rank_a.php?prec_no=88&block_no=1181&year=&month=07&day=&view=p1"
      }
    },
    {
      "type": "Feature",
      "geometry": {
        "type": "Point",
        "coordinates": [
          130.291667,
          31.271667
        ]
      },
      "properties": {
        "amedas_code": "88466",
        "name": "枕崎",
        "name_kana": "マクラザキ",
        "name_en": "Makurazaki",
        "altitude_m": 30.0,
        "record_value": 16.6,
        "record_date": "1966-07-04",
        "record_status": "success",
        "prec_no": "88",
        "block_no": "47831",
        "station_class": "s",
        "record_rank_url": "https://www.data.jma.go.jp/stats/etrn/view/rank_s.php?prec_no=88&block_no=47831&year=&month=07&day=&view=p1"
      }
    },
    {
      "type": "Feature",
      "geometry": {
        "type": "Point",
        "coordinates": [
          130.636667,
          31.25
        ]
      },
      "properties": {
        "amedas_code": "88486",
        "name": "指宿",
        "name_kana": "イブスキ",
        "name_en": "Ibusuki",
        "altitude_m": 5.0,
        "record_value": 17.0,
        "record_date": "1982-07-01",
        "record_status": "success",
        "prec_no": "88",
        "block_no": "0893",
        "station_class": "a",
        "record_rank_url": "https://www.data.jma.go.jp/stats/etrn/view/rank_a.php?prec_no=88&block_no=0893&year=&month=07&day=&view=p1"
      }
    },
    {
      "type": "Feature",
      "geometry": {
        "type": "Point",
        "coordinates": [
          131.055,
          31.276667
        ]
      },
      "properties": {
        "amedas_code": "88506",
        "name": "内之浦",
        "name_kana": "ウチノウラ",
        "name_en": "Uchinoura",
        "altitude_m": 8.0,
        "record_value": 14.7,
        "record_date": "2009-07-23",
        "record_status": "success",
        "prec_no": "88",
        "block_no": "0895",
        "station_class": "a",
        "record_rank_url": "https://www.data.jma.go.jp/stats/etrn/view/rank_a.php?prec_no=88&block_no=0895&year=&month=07&day=&view=p1"
      }
    },
    {
      "type": "Feature",
      "geometry": {
        "type": "Point",
        "coordinates": [
          130.843333,
          31.198333
        ]
      },
      "properties": {
        "amedas_code": "88536",
        "name": "田代",
        "name_kana": "タシロ",
        "name_en": "Tashiro",
        "altitude_m": 182.0,
        "record_value": 12.9,
        "record_date": "1982-07-01",
        "record_status": "success",
        "prec_no": "88",
        "block_no": "1136",
        "station_class": "a",
        "record_rank_url": "https://www.data.jma.go.jp/stats/etrn/view/rank_a.php?prec_no=88&block_no=1136&year=&month=07&day=&view=p1"
      }
    },
    {
      "type": "Feature",
      "geometry": {
        "type": "Point",
        "coordinates": [
          130.981667,
          30.72
        ]
      },
      "properties": {
        "amedas_code": "88612",
        "name": "種子島",
        "name_kana": "タネガシマ",
        "name_en": "Tanegashima Island",
        "altitude_m": 25.0,
        "record_value": 17.5,
        "record_date": "1986-07-01",
        "record_status": "success",
        "prec_no": "88",
        "block_no": "47837",
        "station_class": "s",
        "record_rank_url": "https://www.data.jma.go.jp/stats/etrn/view/rank_s.php?prec_no=88&block_no=47837&year=&month=07&day=&view=p1"
      }
    },
    {
      "type": "Feature",
      "geometry": {
        "type": "Point",
        "coordinates": [
          130.991667,
          30.605
        ]
      },
      "properties": {
        "amedas_code": "88621",
        "name": "中種子",
        "name_kana": "ナカタネ：種子島空港",
        "name_en": "Nakatane",
        "altitude_m": 234.0,
        "record_value": 17.6,
        "record_date": "2009-07-04",
        "record_status": "success",
        "prec_no": "88",
        "block_no": "0897",
        "station_class": "a",
        "record_rank_url": "https://www.data.jma.go.jp/stats/etrn/view/rank_a.php?prec_no=88&block_no=0897&year=&month=07&day=&view=p1"
      }
    },
    {
      "type": "Feature",
      "geometry": {
        "type": "Point",
        "coordinates": [
          130.901667,
          30.406667
        ]
      },
      "properties": {
        "amedas_code": "88666",
        "name": "上中",
        "name_kana": "カミナカ",
        "name_en": "Kaminaka",
        "altitude_m": 150.0,
        "record_value": 17.1,
        "record_date": "1986-07-01",
        "record_status": "success",
        "prec_no": "88",
        "block_no": "0898",
        "station_class": "a",
        "record_rank_url": "https://www.data.jma.go.jp/stats/etrn/view/rank_a.php?prec_no=88&block_no=0898&year=&month=07&day=&view=p1"
      }
    },
    {
      "type": "Feature",
      "geometry": {
        "type": "Point",
        "coordinates": [
          130.658333,
          30.385
        ]
      },
      "properties": {
        "amedas_code": "88686",
        "name": "屋久島",
        "name_kana": "ヤクシマ：屋久島空港",
        "name_en": "Yakushima Island",
        "altitude_m": 37.0,
        "record_value": 18.3,
        "record_date": "1986-07-01",
        "record_status": "success",
        "prec_no": "88",
        "block_no": "47836",
        "station_class": "s",
        "record_rank_url": "https://www.data.jma.go.jp/stats/etrn/view/rank_s.php?prec_no=88&block_no=47836&year=&month=07&day=&view=p1"
      }
    },
    {
      "type": "Feature",
      "geometry": {
        "type": "Point",
        "coordinates": [
          130.555,
          30.235
        ]
      },
      "properties": {
        "amedas_code": "88706",
        "name": "尾之間",
        "name_kana": "オノアイダ",
        "name_en": "Onoaida",
        "altitude_m": 60.0,
        "record_value": 18.4,
        "record_date": "2009-07-03",
        "record_status": "success",
        "prec_no": "88",
        "block_no": "0899",
        "station_class": "a",
        "record_rank_url": "https://www.data.jma.go.jp/stats/etrn/view/rank_a.php?prec_no=88&block_no=0899&year=&month=07&day=&view=p1"
      }
    },
    {
      "type": "Feature",
      "geometry": {
        "type": "Point",
        "coordinates": [
          129.866667,
          29.84
        ]
      },
      "properties": {
        "amedas_code": "88736",
        "name": "中之島",
        "name_kana": "ナカノシマ",
        "name_en": "Nakanoshima Island",
        "altitude_m": 220.0,
        "record_value": 17.2,
        "record_date": "2012-07-09",
        "record_status": "success",
        "prec_no": "88",
        "block_no": "1540",
        "station_class": "a",
        "record_rank_url": "https://www.data.jma.go.jp/stats/etrn/view/rank_a.php?prec_no=88&block_no=1540&year=&month=07&day=&view=p1"
      }
    },
    {
      "type": "Feature",
      "geometry": {
        "type": "Point",
        "coordinates": [
          129.711667,
          28.43
        ]
      },
      "properties": {
        "amedas_code": "88821",
        "name": "笠利",
        "name_kana": "カサリ：奄美空港",
        "name_en": "Kasari",
        "altitude_m": 4.0,
        "record_value": 21.9,
        "record_date": "2009-07-03",
        "record_status": "success",
        "prec_no": "88",
        "block_no": "1520",
        "station_class": "a",
        "record_rank_url": "https://www.data.jma.go.jp/stats/etrn/view/rank_a.php?prec_no=88&block_no=1520&year=&month=07&day=&view=p1"
      }
    },
    {
      "type": "Feature",
      "geometry": {
        "type": "Point",
        "coordinates": [
          129.493333,
          28.385
        ]
      },
      "properties": {
        "amedas_code": "88837",
        "name": "名瀬",
        "name_kana": "ナゼ",
        "name_en": "Naze",
        "altitude_m": 3.0,
        "record_value": 18.8,
        "record_date": "1913-07-08",
        "record_status": "success",
        "prec_no": "88",
        "block_no": "47909",
        "station_class": "s",
        "record_rank_url": "https://www.data.jma.go.jp/stats/etrn/view/rank_s.php?prec_no=88&block_no=47909&year=&month=07&day=&view=p1"
      }
    },
    {
      "type": "Feature",
      "geometry": {
        "type": "Point",
        "coordinates": [
          129.926667,
          28.32
        ]
      },
      "properties": {
        "amedas_code": "88851",
        "name": "喜界島",
        "name_kana": "キカイジマ：喜界空港",
        "name_en": "Kikaijima Island",
        "altitude_m": 5.0,
        "record_value": 21.4,
        "record_date": "2014-07-01",
        "record_status": "success",
        "prec_no": "88",
        "block_no": "1296",
        "station_class": "a",
        "record_rank_url": "https://www.data.jma.go.jp/stats/etrn/view/rank_a.php?prec_no=88&block_no=1296&year=&month=07&day=&view=p1"
      }
    },
    {
      "type": "Feature",
      "geometry": {
        "type": "Point",
        "coordinates": [
          129.315,
          28.143333
        ]
      },
      "properties": {
        "amedas_code": "88901",
        "name": "古仁屋",
        "name_kana": "コニヤ",
        "name_en": "Koniya",
        "altitude_m": 2.0,
        "record_value": 20.6,
        "record_date": "1982-07-02",
        "record_status": "success",
        "prec_no": "88",
        "block_no": "0980",
        "station_class": "a",
        "record_rank_url": "https://www.data.jma.go.jp/stats/etrn/view/rank_a.php?prec_no=88&block_no=0980&year=&month=07&day=&view=p1"
      }
    },
    {
      "type": "Feature",
      "geometry": {
        "type": "Point",
        "coordinates": [
          128.88,
          27.835
        ]
      },
      "properties": {
        "amedas_code": "88931",
        "name": "天城",
        "name_kana": "アマギ：徳之島空港",
        "name_en": "Amagi",
        "altitude_m": 2.0,
        "record_value": 21.9,
        "record_date": "2020-07-17",
        "record_status": "success",
        "prec_no": "88",
        "block_no": "1542",
        "station_class": "a",
        "record_rank_url": "https://www.data.jma.go.jp/stats/etrn/view/rank_a.php?prec_no=88&block_no=1542&year=&month=07&day=&view=p1"
      }
    },
    {
      "type": "Feature",
      "geometry": {
        "type": "Point",
        "coordinates": [
          128.973333,
          27.676667
        ]
      },
      "properties": {
        "amedas_code": "88956",
        "name": "伊仙",
        "name_kana": "イセン",
        "name_en": "Isen",
        "altitude_m": 44.0,
        "record_value": 19.1,
        "record_date": "1982-07-02",
        "record_status": "success",
        "prec_no": "88",
        "block_no": "1139",
        "station_class": "a",
        "record_rank_url": "https://www.data.jma.go.jp/stats/etrn/view/rank_a.php?prec_no=88&block_no=1139&year=&month=07&day=&view=p1"
      }
    },
    {
      "type": "Feature",
      "geometry": {
        "type": "Point",
        "coordinates": [
          128.705,
          27.431667
        ]
      },
      "properties": {
        "amedas_code": "88971",
        "name": "沖永良部",
        "name_kana": "オキノエラブ：沖永良部空港",
        "name_en": "Okinoerabu",
        "altitude_m": 27.0,
        "record_value": 20.5,
        "record_date": "1982-07-02",
        "record_status": "success",
        "prec_no": "88",
        "block_no": "47942",
        "station_class": "s",
        "record_rank_url": "https://www.data.jma.go.jp/stats/etrn/view/rank_s.php?prec_no=88&block_no=47942&year=&month=07&day=&view=p1"
      }
    },
    {
      "type": "Feature",
      "geometry": {
        "type": "Point",
        "coordinates": [
          128.401667,
          27.043333
        ]
      },
      "properties": {
        "amedas_code": "88986",
        "name": "与論島",
        "name_kana": "ヨロンジマ：与論空港",
        "name_en": "Yoronjima Island",
        "altitude_m": 14.0,
        "record_value": 22.7,
        "record_date": "2009-07-03",
        "record_status": "success",
        "prec_no": "88",
        "block_no": "1277",
        "station_class": "a",
        "record_rank_url": "https://www.data.jma.go.jp/stats/etrn/view/rank_a.php?prec_no=88&block_no=1277&year=&month=07&day=&view=p1"
      }
    },
    {
      "type": "Feature",
      "geometry": {
        "type": "Point",
        "coordinates": [
          127.94,
          26.948333
        ]
      },
      "properties": {
        "amedas_code": "91011",
        "name": "伊是名",
        "name_kana": "イゼナ",
        "name_en": "Izena",
        "altitude_m": 14.0,
        "record_value": 20.9,
        "record_date": "1982-07-02",
        "record_status": "success",
        "prec_no": "91",
        "block_no": "1147",
        "station_class": "a",
        "record_rank_url": "https://www.data.jma.go.jp/stats/etrn/view/rank_a.php?prec_no=91&block_no=1147&year=&month=07&day=&view=p1"
      }
    },
    {
      "type": "Feature",
      "geometry": {
        "type": "Point",
        "coordinates": [
          128.271667,
          26.835
        ]
      },
      "properties": {
        "amedas_code": "91021",
        "name": "奥",
        "name_kana": "オク",
        "name_en": "Oku",
        "altitude_m": 232.0,
        "record_value": 19.8,
        "record_date": "1982-07-02",
        "record_status": "success",
        "prec_no": "91",
        "block_no": "0901",
        "station_class": "a",
        "record_rank_url": "https://www.data.jma.go.jp/stats/etrn/view/rank_a.php?prec_no=91&block_no=0901&year=&month=07&day=&view=p1"
      }
    },
    {
      "type": "Feature",
      "geometry": {
        "type": "Point",
        "coordinates": [
          127.965,
          26.593333
        ]
      },
      "properties": {
        "amedas_code": "91107",
        "name": "名護",
        "name_kana": "ナゴ",
        "name_en": "Nago",
        "altitude_m": 6.0,
        "record_value": 20.9,
        "record_date": "1976-07-29",
        "record_status": "success",
        "prec_no": "91",
        "block_no": "47940",
        "station_class": "s",
        "record_rank_url": "https://www.data.jma.go.jp/stats/etrn/view/rank_s.php?prec_no=91&block_no=47940&year=&month=07&day=&view=p1"
      }
    },
    {
      "type": "Feature",
      "geometry": {
        "type": "Point",
        "coordinates": [
          126.713333,
          26.363333
        ]
      },
      "properties": {
        "amedas_code": "91141",
        "name": "北原",
        "name_kana": "キタハラ：久米島空港",
        "name_en": "Kitahara",
        "altitude_m": 7.0,
        "record_value": 21.8,
        "record_date": "2009-07-03",
        "record_status": "success",
        "prec_no": "91",
        "block_no": "1534",
        "station_class": "a",
        "record_rank_url": "https://www.data.jma.go.jp/stats/etrn/view/rank_a.php?prec_no=91&block_no=1534&year=&month=07&day=&view=p1"
      }
    },
    {
      "type": "Feature",
      "geometry": {
        "type": "Point",
        "coordinates": [
          126.803333,
          26.336667
        ]
      },
      "properties": {
        "amedas_code": "91146",
        "name": "久米島",
        "name_kana": "クメジマ",
        "name_en": "Kumejima Island",
        "altitude_m": 5.0,
        "record_value": 20.4,
        "record_date": "1976-07-19",
        "record_status": "success",
        "prec_no": "91",
        "block_no": "47929",
        "station_class": "s",
        "record_rank_url": "https://www.data.jma.go.jp/stats/etrn/view/rank_s.php?prec_no=91&block_no=47929&year=&month=07&day=&view=p1"
      }
    },
    {
      "type": "Feature",
      "geometry": {
        "type": "Point",
        "coordinates": [
          127.971667,
          26.363333
        ]
      },
      "properties": {
        "amedas_code": "91166",
        "name": "宮城島",
        "name_kana": "ミヤギジマ",
        "name_en": "Miyagijima Island",
        "altitude_m": 100.0,
        "record_value": 20.8,
        "record_date": "2009-07-04",
        "record_status": "success",
        "prec_no": "91",
        "block_no": "1596",
        "station_class": "a",
        "record_rank_url": "https://www.data.jma.go.jp/stats/etrn/view/rank_a.php?prec_no=91&block_no=1596&year=&month=07&day=&view=p1"
      }
    },
    {
      "type": "Feature",
      "geometry": {
        "type": "Point",
        "coordinates": [
          127.363333,
          26.21
        ]
      },
      "properties": {
        "amedas_code": "91181",
        "name": "渡嘉敷",
        "name_kana": "トカシキ",
        "name_en": "Tokashiki",
        "altitude_m": 220.0,
        "record_value": 19.9,
        "record_date": "1982-07-01",
        "record_status": "success",
        "prec_no": "91",
        "block_no": "1152",
        "station_class": "a",
        "record_rank_url": "https://www.data.jma.go.jp/stats/etrn/view/rank_a.php?prec_no=91&block_no=1152&year=&month=07&day=&view=p1"
      }
    },
    {
      "type": "Feature",
      "geometry": {
        "type": "Point",
        "coordinates": [
          127.686667,
          26.206667
        ]
      },
      "properties": {
        "amedas_code": "91197",
        "name": "那覇",
        "name_kana": "ナハ",
        "name_en": "Naha",
        "altitude_m": 28.0,
        "record_value": 20.8,
        "record_date": "1921-07-24",
        "record_status": "success",
        "prec_no": "91",
        "block_no": "47936",
        "station_class": "s",
        "record_rank_url": "https://www.data.jma.go.jp/stats/etrn/view/rank_s.php?prec_no=91&block_no=47936&year=&month=07&day=&view=p1"
      }
    },
    {
      "type": "Feature",
      "geometry": {
        "type": "Point",
        "coordinates": [
          127.638333,
          26.193333
        ]
      },
      "properties": {
        "amedas_code": "91236",
        "name": "安次嶺",
        "name_kana": "アシミネ：那覇空港",
        "name_en": "Ashimine",
        "altitude_m": 3.0,
        "record_value": 21.4,
        "record_date": "2009-07-04",
        "record_status": "success",
        "prec_no": "91",
        "block_no": "1482",
        "station_class": "a",
        "record_rank_url": "https://www.data.jma.go.jp/stats/etrn/view/rank_a.php?prec_no=91&block_no=1482&year=&month=07&day=&view=p1"
      }
    },
    {
      "type": "Feature",
      "geometry": {
        "type": "Point",
        "coordinates": [
          127.765,
          26.153333
        ]
      },
      "properties": {
        "amedas_code": "91241",
        "name": "糸数",
        "name_kana": "イトカズ",
        "name_en": "Itokazu",
        "altitude_m": 186.0,
        "record_value": 19.6,
        "record_date": "1982-07-01",
        "record_status": "success",
        "prec_no": "91",
        "block_no": "0909",
        "station_class": "a",
        "record_rank_url": "https://www.data.jma.go.jp/stats/etrn/view/rank_a.php?prec_no=91&block_no=0909&year=&month=07&day=&view=p1"
      }
    },
    {
      "type": "Feature",
      "geometry": {
        "type": "Point",
        "coordinates": [
          131.326667,
          25.943333
        ]
      },
      "properties": {
        "amedas_code": "92006",
        "name": "北大東",
        "name_kana": "キタダイトウ：北大東空港",
        "name_en": "Kita-Daito",
        "altitude_m": 22.0,
        "record_value": 22.5,
        "record_date": "2018-07-04",
        "record_status": "success",
        "prec_no": "91",
        "block_no": "1517",
        "station_class": "a",
        "record_rank_url": "https://www.data.jma.go.jp/stats/etrn/view/rank_a.php?prec_no=91&block_no=1517&year=&month=07&day=&view=p1"
      }
    },
    {
      "type": "Feature",
      "geometry": {
        "type": "Point",
        "coordinates": [
          131.228333,
          25.828333
        ]
      },
      "properties": {
        "amedas_code": "92011",
        "name": "南大東",
        "name_kana": "ミナミダイトウ",
        "name_en": "Minami-Daito",
        "altitude_m": 15.0,
        "record_value": 19.4,
        "record_date": "1970-07-07",
        "record_status": "success",
        "prec_no": "91",
        "block_no": "47945",
        "station_class": "s",
        "record_rank_url": "https://www.data.jma.go.jp/stats/etrn/view/rank_s.php?prec_no=91&block_no=47945&year=&month=07&day=&view=p1"
      }
    },
    {
      "type": "Feature",
      "geometry": {
        "type": "Point",
        "coordinates": [
          131.263333,
          25.846667
        ]
      },
      "properties": {
        "amedas_code": "92012",
        "name": "旧東",
        "name_kana": "キュウトウ：南大東空港",
        "name_en": "Kyuto",
        "altitude_m": 48.0,
        "record_value": 22.6,
        "record_date": "2018-07-04",
        "record_status": "success",
        "prec_no": "91",
        "block_no": "1518",
        "station_class": "a",
        "record_rank_url": "https://www.data.jma.go.jp/stats/etrn/view/rank_a.php?prec_no=91&block_no=1518&year=&month=07&day=&view=p1"
      }
    },
    {
      "type": "Feature",
      "geometry": {
        "type": "Point",
        "coordinates": [
          125.143333,
          24.826667
        ]
      },
      "properties": {
        "amedas_code": "93012",
        "name": "下地島",
        "name_kana": "シモジシマ：下地島空港",
        "name_en": "Shimojishima Island",
        "altitude_m": 8.0,
        "record_value": 22.0,
        "record_date": "2009-07-04",
        "record_status": "success",
        "prec_no": "91",
        "block_no": "1490",
        "station_class": "a",
        "record_rank_url": "https://www.data.jma.go.jp/stats/etrn/view/rank_a.php?prec_no=91&block_no=1490&year=&month=07&day=&view=p1"
      }
    },
    {
      "type": "Feature",
      "geometry": {
        "type": "Point",
        "coordinates": [
          125.278333,
          24.793333
        ]
      },
      "properties": {
        "amedas_code": "93041",
        "name": "宮古島",
        "name_kana": "ミヤコジマ",
        "name_en": "Miyakojima Island",
        "altitude_m": 39.0,
        "record_value": 21.4,
        "record_date": "1968-07-27",
        "record_status": "success",
        "prec_no": "91",
        "block_no": "47927",
        "station_class": "s",
        "record_rank_url": "https://www.data.jma.go.jp/stats/etrn/view/rank_s.php?prec_no=91&block_no=47927&year=&month=07&day=&view=p1"
      }
    },
    {
      "type": "Feature",
      "geometry": {
        "type": "Point",
        "coordinates": [
          125.295,
          24.781667
        ]
      },
      "properties": {
        "amedas_code": "93042",
        "name": "鏡原",
        "name_kana": "カガミハラ：宮古空港",
        "name_en": "Kagamihara",
        "altitude_m": 43.0,
        "record_value": 22.3,
        "record_date": "2009-07-04",
        "record_status": "success",
        "prec_no": "91",
        "block_no": "1483",
        "station_class": "a",
        "record_rank_url": "https://www.data.jma.go.jp/stats/etrn/view/rank_a.php?prec_no=91&block_no=1483&year=&month=07&day=&view=p1"
      }
    },
    {
      "type": "Feature",
      "geometry": {
        "type": "Point",
        "coordinates": [
          124.675,
          24.653333
        ]
      },
      "properties": {
        "amedas_code": "93062",
        "name": "仲筋",
        "name_kana": "ナカスジ：多良間空港",
        "name_en": "Nakasuji",
        "altitude_m": 10.0,
        "record_value": 22.8,
        "record_date": "2009-07-03",
        "record_status": "success",
        "prec_no": "91",
        "block_no": "1491",
        "station_class": "a",
        "record_rank_url": "https://www.data.jma.go.jp/stats/etrn/view/rank_a.php?prec_no=91&block_no=1491&year=&month=07&day=&view=p1"
      }
    },
    {
      "type": "Feature",
      "geometry": {
        "type": "Point",
        "coordinates": [
          124.28,
          24.506667
        ]
      },
      "properties": {
        "amedas_code": "94001",
        "name": "伊原間",
        "name_kana": "イバルマ",
        "name_en": "Ibaruma",
        "altitude_m": 11.0,
        "record_value": 22.0,
        "record_date": "1985-07-19",
        "record_status": "success",
        "prec_no": "91",
        "block_no": "1145",
        "station_class": "a",
        "record_rank_url": "https://www.data.jma.go.jp/stats/etrn/view/rank_a.php?prec_no=91&block_no=1145&year=&month=07&day=&view=p1"
      }
    },
    {
      "type": "Feature",
      "geometry": {
        "type": "Point",
        "coordinates": [
          122.978333,
          24.466667
        ]
      },
      "properties": {
        "amedas_code": "94011",
        "name": "所野",
        "name_kana": "トコロノ：与那国空港",
        "name_en": "Tokorono",
        "altitude_m": 15.0,
        "record_value": 23.5,
        "record_date": "2006-07-26",
        "record_status": "success",
        "prec_no": "91",
        "block_no": "1493",
        "station_class": "a",
        "record_rank_url": "https://www.data.jma.go.jp/stats/etrn/view/rank_a.php?prec_no=91&block_no=1493&year=&month=07&day=&view=p1"
      }
    },
    {
      "type": "Feature",
      "geometry": {
        "type": "Point",
        "coordinates": [
          123.01,
          24.466667
        ]
      },
      "properties": {
        "amedas_code": "94017",
        "name": "与那国島",
        "name_kana": "ヨナグニジマ",
        "name_en": "Yonagunijima Island",
        "altitude_m": 30.0,
        "record_value": 21.9,
        "record_date": "1976-07-05",
        "record_status": "success",
        "prec_no": "91",
        "block_no": "47912",
        "station_class": "s",
        "record_rank_url": "https://www.data.jma.go.jp/stats/etrn/view/rank_s.php?prec_no=91&block_no=47912&year=&month=07&day=&view=p1"
      }
    },
    {
      "type": "Feature",
      "geometry": {
        "type": "Point",
        "coordinates": [
          123.765,
          24.426667
        ]
      },
      "properties": {
        "amedas_code": "94062",
        "name": "西表島",
        "name_kana": "イリオモテジマ",
        "name_en": "Iriomotejima Island",
        "altitude_m": 10.0,
        "record_value": 21.0,
        "record_date": "1982-07-29",
        "record_status": "success",
        "prec_no": "91",
        "block_no": "47917",
        "station_class": "s",
        "record_rank_url": "https://www.data.jma.go.jp/stats/etrn/view/rank_s.php?prec_no=91&block_no=47917&year=&month=07&day=&view=p1"
      }
    },
    {
      "type": "Feature",
      "geometry": {
        "type": "Point",
        "coordinates": [
          124.163333,
          24.336667
        ]
      },
      "properties": {
        "amedas_code": "94081",
        "name": "石垣島",
        "name_kana": "イシガキジマ",
        "name_en": "Ishigakijima Island",
        "altitude_m": 6.0,
        "record_value": 20.9,
        "record_date": "1897-07-02",
        "record_status": "success",
        "prec_no": "91",
        "block_no": "47918",
        "station_class": "s",
        "record_rank_url": "https://www.data.jma.go.jp/stats/etrn/view/rank_s.php?prec_no=91&block_no=47918&year=&month=07&day=&view=p1"
      }
    },
    {
      "type": "Feature",
      "geometry": {
        "type": "Point",
        "coordinates": [
          124.245,
          24.395
        ]
      },
      "properties": {
        "amedas_code": "94086",
        "name": "盛山",
        "name_kana": "モリヤマ：石垣空港",
        "name_en": "Moriyama",
        "altitude_m": 31.0,
        "record_value": 23.5,
        "record_date": "2025-07-10",
        "record_status": "success",
        "prec_no": "91",
        "block_no": "1639",
        "station_class": "a",
        "record_rank_url": "https://www.data.jma.go.jp/stats/etrn/view/rank_a.php?prec_no=91&block_no=1639&year=&month=07&day=&view=p1"
      }
    },
    {
      "type": "Feature",
      "geometry": {
        "type": "Point",
        "coordinates": [
          123.871667,
          24.265
        ]
      },
      "properties": {
        "amedas_code": "94101",
        "name": "大原",
        "name_kana": "オオハラ",
        "name_en": "Ohara",
        "altitude_m": 33.0,
        "record_value": 22.3,
        "record_date": "1982-07-29",
        "record_status": "success",
        "prec_no": "91",
        "block_no": "1251",
        "station_class": "a",
        "record_rank_url": "https://www.data.jma.go.jp/stats/etrn/view/rank_a.php?prec_no=91&block_no=1251&year=&month=07&day=&view=p1"
      }
    },
    {
      "type": "Feature",
      "geometry": {
        "type": "Point",
        "coordinates": [
          123.766667,
          24.055
        ]
      },
      "properties": {
        "amedas_code": "94116",
        "name": "波照間",
        "name_kana": "ハテルマ",
        "name_en": "Hateruma",
        "altitude_m": 38.0,
        "record_value": 22.0,
        "record_date": "1982-07-29",
        "record_status": "success",
        "prec_no": "91",
        "block_no": "1354",
        "station_class": "a",
        "record_rank_url": "https://www.data.jma.go.jp/stats/etrn/view/rank_a.php?prec_no=91&block_no=1354&year=&month=07&day=&view=p1"
      }
    }
  ]
}