amedas_code,name,name_kana,name_en,latitude,longitude,altitude_m,station_type,elems,prec_no,block_no,etrn_name,match_status,candidate_block_nos,station_class,rank_url
11001,宗谷岬,ソウヤミサキ,Cape Soya,45.52,141.935,26,C,11112010,11,1284,宗谷岬,exact,1284,a,https://www.data.jma.go.jp/stats/etrn/view/rank_a.php?prec_no=11&block_no=1284&year=&month=&day=&view=
11016,稚内,ワッカナイ,Wakkanai,45.415,141.678333,3,A,11111111,11,47401,稚内,exact,47401,s,https://www.data.jma.go.jp/stats/etrn/view/rank_s.php?prec_no=11&block_no=47401&year=&month=&day=&view=
11046,礼文,レブン,Rebun,45.305,141.045,65,C,11112010,11,1546,礼文,exact,1546,a,https://www.data.jma.go.jp/stats/etrn/view/rank_a.php?prec_no=11&block_no=1546&year=&month=&day=&view=
11061,声問,コエトイ：稚内空港,Koetoi,45.403333,141.801667,8,C,11110100,11,1528,声問,exact,1528,a,https://www.data.jma.go.jp/stats/etrn/view/rank_a.php?prec_no=11&block_no=1528&year=&month=&day=&view=
11076,浜鬼志別,ハマオニシベツ,Hamaoni-Shibetsu,45.335,142.17,13,C,11112110,11,1285,浜鬼志別,exact,1285,a,https://www.data.jma.go.jp/stats/etrn/view/rank_a.php?prec_no=11&block_no=1285&year=&month=&day=&view=
11091,本泊,モトドマリ：利尻空港,Motodomari,45.241667,141.186667,30,C,11110000,11,1512,本泊,exact,1512,a,https://www.data.jma.go.jp/stats/etrn/view/rank_a.php?prec_no=11&block_no=1512&year=&month=&day=&view=
11121,沼川,ヌマカワ,Numakawa,45.248333,141.851667,23,C,11112110,11,1203,沼川,exact,1203,a,https://www.data.jma.go.jp/stats/etrn/view/rank_a.php?prec_no=11&block_no=1203&year=&month=&day=&view=
11151,沓形,クツガタ,Kutsugata,45.178333,141.138333,14,C,11112010,11,0002,沓形,exact,0002,a,https://www.data.jma.go.jp/stats/etrn/view/rank_a.php?prec_no=11&block_no=0002&year=&month=&day=&view=
11176,豊富,トヨトミ,Toyotomi,45.101667,141.78,14,C,11112110,11,1054,豊富,exact,1054,a,https://www.data.jma.go.jp/stats/etrn/view/rank_a.php?prec_no=11&block_no=1054&year=&month=&day=&view=
11206,浜頓別,ハマトンベツ,Hamatonbetsu,45.125,142.35,18,C,11112010,11,0003,浜頓別,exact,0003,a,https://www.data.jma.go.jp/stats/etrn/view/rank_a.php?prec_no=11&block_no=0003&year=&month=&day=&view=
11276,中頓別,ナカトンベツ,Nakatonbetsu,44.965,142.28,25,C,11112110,11,1051,中頓別,exact,1051,a,https://www.data.jma.go.jp/stats/etrn/view/rank_a.php?prec_no=11&block_no=1051&year=&month=&day=&view=
11291,北見枝幸,キタミエサシ,Kitami-Esashi,44.94,142.585,7,B,11111111,11,47402,北見枝幸,exact,47402,s,https://www.data.jma.go.jp/stats/etrn/view/rank_s.php?prec_no=11&block_no=47402&year=&month=&day=&view=
11316,歌登,ウタノボリ,Utanobori,44.841667,142.48,14,C,11112110,11,0005,歌登,exact,0005,a,https://www.data.jma.go.jp/stats/etrn/view/rank_a.php?prec_no=11&block_no=0005&year=&month=&day=&view=
12011,中川,ナカガワ,Nakagawa,44.828333,142.076667,22,C,11112010,12,1201,中川,exact,1201,a,https://www.data.jma.go.jp/stats/etrn/view/rank_a.php?prec_no=12&block_no=1201&year=&month=&day=&view=
12041,音威子府,オトイネップ,Otoineppu,44.726667,142.265,40,C,11112110,12,1197,音威子府,exact,1197,a,https://www.data.jma.go.jp/stats/etrn/view/rank_a.php?prec_no=12&block_no=1197&year=&month=&day=&view=
12141,美深,ビフカ,Bifuka,44.48,142.341667,77,C,11112110,12,0006,美深,exact,0006,a,https://www.data.jma.go.jp/stats/etrn/view/rank_a.php?prec_no=12&block_no=0006&year=&month=&day=&view=
12181,名寄,ナヨロ,Nayoro,44.37,142.456667,89,C,11112110,12,0008,名寄,exact,0008,a,https://www.data.jma.go.jp/stats/etrn/view/rank_a.php?prec_no=12&block_no=0008&year=&month=&day=&view=
12231,下川,シモカワ,Shimokawa,44.295,142.636667,143,C,11112110,12,0010,下川,exact,0010,a,https://www.data.jma.go.jp/stats/etrn/view/rank_a.php?prec_no=12&block_no=0010&year=&month=&day=&view=
12261,士別,シベツ,Shibetsu,44.186667,142.416667,135,C,11112010,12,0011,士別,exact,0011,a,https://www.data.jma.go.jp/stats/etrn/view/rank_a.php?prec_no=12&block_no=0011&year=&month=&day=&view=
12266,朝日,アサヒ,Asahi,44.118333,142.595,225,C,11112010,12,1047,朝日,exact,1047,a,https://www.data.jma.go.jp/stats/etrn/view/rank_a.php?prec_no=12&block_no=1047&year=&month=&day=&view=
12301,和寒,ワッサム,Wassamu,44.028333,142.41,150,C,11112110,12,1055,和寒,exact,1055,a,https://www.data.jma.go.jp/stats/etrn/view/rank_a.php?prec_no=12&block_no=1055&year=&month=&day=&view=
12386,江丹別,エタンベツ,Etanbetsu,43.87,142.26,140,C,11112010,12,1191,江丹別,exact,1191,a,https://www.data.jma.go.jp/stats/etrn/view/rank_a.php?prec_no=12&block_no=1191&year=&month=&day=&view=
12396,比布,ピップ,Pippu,43.87,142.47,164,C,11112010,12,1048,比布,exact,1048,a,https://www.data.jma.go.jp/stats/etrn/view/rank_a.php?prec_no=12&block_no=1048&year=&month=&day=&view=
12411,上川,カミカワ,Kamikawa,43.846667,142.753333,324,C,11112110,12,0015,上川,exact,0015,a,https://www.data.jma.go.jp/stats/etrn/view/rank_a.php?prec_no=12&block_no=0015&year=&month=&day=&view=
12442,旭川,アサヒカワ,Asahikawa,43.756667,142.371667,120,A,11111111,12,47407,旭川,exact,47407,s,https://www.data.jma.go.jp/stats/etrn/view/rank_s.php?prec_no=12&block_no=47407&year=&month=&day=&view=
12451,東川,ヒガシカワ,Higashikawa,43.701667,142.508333,215,C,11112010,12,1184,東川,exact,1184,a,https://www.data.jma.go.jp/stats/etrn/view/rank_a.php?prec_no=12&block_no=1184&year=&month=&day=&view=
12501,東神楽,ヒガシカグラ：旭川空港,Higashi-Kagura,43.67,142.446667,211,C,11110100,12,1458,東神楽,exact,1458,a,https://www.data.jma.go.jp/stats/etrn/view/rank_a.php?prec_no=12&block_no=1458&year=&month=&day=&view=
12512,志比内,シビナイ,Shibinai,43.643333,142.581667,310,C,11112010,12,1185,志比内,exact,1185,a,https://www.data.jma.go.jp/stats/etrn/view/rank_a.php?prec_no=12&block_no=1185&year=&month=&day=&view=
12551,美瑛,ビエイ,Biei,43.588333,142.493333,250,C,11112110,12,1052,美瑛,exact,1052,a,https://www.data.jma.go.jp/stats/etrn/view/rank_a.php?prec_no=12&block_no=1052&year=&month=&day=&view=
12596,上富良野,カミフラノ,Kami-Furano,43.455,142.465,220,C,11112010,12,1190,上富良野,exact,1190,a,https://www.data.jma.go.jp/stats/etrn/view/rank_a.php?prec_no=12&block_no=1190&year=&month=&day=&view=
12626,富良野,フラノ,Furano,43.333333,142.4,174,C,11112110,12,0021,富良野,exact,0021,a,https://www.data.jma.go.jp/stats/etrn/view/rank_a.php?prec_no=12&block_no=0021&year=&month=&day=&view=
12632,麓郷,ロクゴウ,Rokugo,43.301667,142.521667,315,C,11112010,12,1280,麓郷,exact,1280,a,https://www.data.jma.go.jp/stats/etrn/view/rank_a.php?prec_no=12&block_no=1280&year=&month=&day=&view=
12691,幾寅,イクトラ,Ikutora,43.168333,142.568333,350,C,11112110,12,1188,幾寅,exact,1188,a,https://www.data.jma.go.jp/stats/etrn/view/rank_a.php?prec_no=12&block_no=1188&year=&month=&day=&view=
12746,占冠,シムカップ,Shimukappu,42.978333,142.395,332,C,11112110,12,1189,占冠,exact,1189,a,https://www.data.jma.go.jp/stats/etrn/view/rank_a.php?prec_no=12&block_no=1189&year=&month=&day=&view=
13061,天塩,テシオ,Teshio,44.893333,141.761667,9,C,11112110,13,0024,天塩,exact,0024,a,https://www.data.jma.go.jp/stats/etrn/view/rank_a.php?prec_no=13&block_no=0024&year=&month=&day=&view=
13086,遠別,エンベツ,Enbetsu,44.718333,141.806667,7,C,11112010,13,0025,遠別,exact,0025,a,https://www.data.jma.go.jp/stats/etrn/view/rank_a.php?prec_no=13&block_no=0025&year=&month=&day=&view=
13121,初山別,ショサンベツ,Shosanbetsu,44.523333,141.77,27,C,11112110,13,1216,初山別,exact,1216,a,https://www.data.jma.go.jp/stats/etrn/view/rank_a.php?prec_no=13&block_no=1216&year=&month=&day=&view=
13146,焼尻,ヤギシリ,Yagishiri,44.428333,141.421667,38,C,11112010,13,1213,焼尻,exact,1213,a,https://www.data.jma.go.jp/stats/etrn/view/rank_a.php?prec_no=13&block_no=1213&year=&month=&day=&view=
13181,羽幌,ハボロ,Haboro,44.363333,141.7,8,B,11111111,13,47404,羽幌,exact,47404,s,https://www.data.jma.go.jp/stats/etrn/view/rank_s.php?prec_no=13&block_no=47404&year=&month=&day=&view=
13261,達布,タップ,Tappu,44.048333,141.856667,30,C,11112010,13,1217,達布,exact,1217,a,https://www.data.jma.go.jp/stats/etrn/view/rank_a.php?prec_no=13&block_no=1217&year=&month=&day=&view=
13277,留萌,ルモイ,Rumoi,43.945,141.631667,24,B,11111111,13,47406,留萌,exact,47406,s,https://www.data.jma.go.jp/stats/etrn/view/rank_s.php?prec_no=13&block_no=47406&year=&month=&day=&view=
13311,増毛,マシケ,Mashike,43.848333,141.51,20,C,11112010,13,0028,増毛,exact,0028,a,https://www.data.jma.go.jp/stats/etrn/view/rank_a.php?prec_no=13&block_no=0028&year=&month=&day=&view=
13321,幌糠,ホロヌカ,Horonuka,43.853333,141.76,20,C,11112110,13,1218,幌糠,exact,1218,a,https://www.data.jma.go.jp/stats/etrn/view/rank_a.php?prec_no=13&block_no=1218&year=&month=&day=&view=
14026,浜益,ハママス,Hamamasu,43.581667,141.386667,3,C,11112010,14,1193,浜益,exact,1193,a,https://www.data.jma.go.jp/stats/etrn/view/rank_a.php?prec_no=14&block_no=1193&year=&month=&day=&view=
14071,厚田,アツタ,Atsuta,43.396667,141.436667,5,C,11112110,14,1194,厚田,exact,1194,a,https://www.data.jma.go.jp/stats/etrn/view/rank_a.php?prec_no=14&block_no=1194&year=&month=&day=&view=
14101,新篠津,シンシノツ,Shinshinotsu,43.22,141.645,9,C,11112110,14,0030,新篠津,exact,0030,a,https://www.data.jma.go.jp/stats/etrn/view/rank_a.php?prec_no=14&block_no=0030&year=&month=&day=&view=
14116,山口,ヤマグチ,Yamaguchi,43.148333,141.221667,5,C,11112010,14,0031,山口,exact,0031,a,https://www.data.jma.go.jp/stats/etrn/view/rank_a.php?prec_no=14&block_no=0031&year=&month=&day=&view=
14121,石狩,イシカリ,Ishikari,43.193333,141.37,5,C,11112110,14,1085,石狩,exact,1085,a,https://www.data.jma.go.jp/stats/etrn/view/rank_a.php?prec_no=14&block_no=1085&year=&month=&day=&view=
14136,江別,エベツ,Ebetsu,43.11,141.601667,8,C,11112010,14,1507,江別,exact,1507,a,https://www.data.jma.go.jp/stats/etrn/view/rank_a.php?prec_no=14&block_no=1507&year=&month=&day=&view=
14163,札幌,サッポロ,Sapporo,43.06,141.328333,17,A,11111111,14,47412,札幌,exact,47412,s,https://www.data.jma.go.jp/stats/etrn/view/rank_s.php?prec_no=14&block_no=47412&year=&month=&day=&view=
14206,恵庭島松,エニワシママツ,Eniwa-Shimamatsu,42.926667,141.565,30,C,11112110,14,0035,恵庭島松,exact,0035,a,https://www.data.jma.go.jp/stats/etrn/view/rank_a.php?prec_no=14&block_no=0035&year=&month=&day=&view=
14286,支笏湖畔,シコツコハン,Lake-shore Shikotsu,42.771667,141.406667,290,C,11112010,14,0037,支笏湖畔,exact,0037,a,https://www.data.jma.go.jp/stats/etrn/view/rank_a.php?prec_no=14&block_no=0037&year=&month=&day=&view=
14296,千歳,チトセ：新千歳空港,Chitose,42.775,141.691667,22,C,11110100,14,1459,千歳,exact,1459,a,https://www.data.jma.go.jp/stats/etrn/view/rank_a.php?prec_no=14&block_no=1459&year=&month=&day=&view=
15041,朱鞠内,シュマリナイ,Shumarinai,44.281667,142.161667,255,C,11112110,12,1279,幌加内,exact,1279,a,https://www.data.jma.go.jp/stats/etrn/view/rank_a.php?prec_no=12&block_no=1053&year=&month=&day=&view=
15076,幌加内,ホロカナイ,Horokanai,44.01,142.16,159,C,11112110,12,1053,朱鞠内,exact,1053,a,https://www.data.jma.go.jp/stats/etrn/view/rank_a.php?prec_no=12&block_no=1279&year=&month=&day=&view=
15116,石狩沼田,イシカリヌマタ,Ishikari-Numata,43.815,141.926667,63,C,11112110,15,0038,石狩沼田,exact,0038,a,https://www.data.jma.go.jp/stats/etrn/view/rank_a.php?prec_no=15&block_no=0038&year=&month=&day=&view=
15156,秩父別,チップベツ,Chippubetsu,43.78,141.961667,51,G,11112110,15,1674,秩父別,exact,1674,a,https://www.data.jma.go.jp/stats/etrn/view/rank_a.php?prec_no=15&block_no=1674&year=&month=&day=&view=
15161,深川,フカガワ,Fukagawa,43.718333,142.073333,55,C,11112110,15,0039,深川,exact,0039,a,https://www.data.jma.go.jp/stats/etrn/view/rank_a.php?prec_no=15&block_no=0039&year=&month=&day=&view=
15231,空知吉野,ソラチヨシノ,Sorachi-Yoshino,43.595,141.731667,100,C,11112010,15,1287,空知吉野,exact,1287,a,https://www.data.jma.go.jp/stats/etrn/view/rank_a.php?prec_no=15&block_no=1287&year=&month=&day=&view=
15241,滝川,タキカワ,Takikawa,43.57,141.938333,50,C,11112110,15,0041,滝川,exact,0041,a,https://www.data.jma.go.jp/stats/etrn/view/rank_a.php?prec_no=15&block_no=0041&year=&month=&day=&view=
15251,芦別,アシベツ,Ashibetsu,43.52,142.19,91,C,11112110,15,0043,芦別,exact,0043,a,https://www.data.jma.go.jp/stats/etrn/view/rank_a.php?prec_no=15&block_no=0043&year=&month=&day=&view=
15311,月形,ツキガタ,Tsukigata,43.33,141.616667,50,C,11112010,15,0999,月形,exact,0999,a,https://www.data.jma.go.jp/stats/etrn/view/rank_a.php?prec_no=15&block_no=0999&year=&month=&day=&view=
15321,美唄,ビバイ,Bibai,43.363333,141.826667,16,C,11112110,15,0044,美唄,exact,0044,a,https://www.data.jma.go.jp/stats/etrn/view/rank_a.php?prec_no=15&block_no=0044&year=&month=&day=&view=
15356,岩見沢,イワミザワ,Iwamizawa,43.211667,141.785,42,B,11111111,15,47413,岩見沢,exact,47413,s,https://www.data.jma.go.jp/stats/etrn/view/rank_s.php?prec_no=15&block_no=47413&year=&month=&day=&view=
15431,長沼,ナガヌマ,Naganuma,43.011667,141.693333,13,C,11112010,15,0047,長沼,exact,0047,a,https://www.data.jma.go.jp/stats/etrn/view/rank_a.php?prec_no=15&block_no=0047&year=&month=&day=&view=
15442,夕張,ユウバリ,Yubari,43.038333,141.956667,293,C,11112110,15,0049,夕張,exact,0049,a,https://www.data.jma.go.jp/stats/etrn/view/rank_a.php?prec_no=15&block_no=0049&year=&month=&day=&view=
16026,美国,ビクニ,Bikuni,43.271667,140.563333,75,C,11112010,16,0051,美国,exact,0051,a,https://www.data.jma.go.jp/stats/etrn/view/rank_a.php?prec_no=16&block_no=0051&year=&month=&day=&view=
16061,神恵内,カモエナイ,Kamoenai,43.145,140.423333,50,C,11112010,16,1208,神恵内,exact,1208,a,https://www.data.jma.go.jp/stats/etrn/view/rank_a.php?prec_no=16&block_no=1208&year=&month=&day=&view=
16076,余市,ヨイチ,Yoichi,43.181667,140.758333,20,C,11112110,16,0052,余市,exact,0052,a,https://www.data.jma.go.jp/stats/etrn/view/rank_a.php?prec_no=16&block_no=0052&year=&month=&day=&view=
16091,小樽,オタル,Otaru,43.181667,141.015,25,B,11111111,16,47411,小樽,exact,47411,s,https://www.data.jma.go.jp/stats/etrn/view/rank_s.php?prec_no=16&block_no=47411&year=&month=&day=&view=
16156,共和,キョウワ,Kyowa,42.98,140.603333,15,C,11112110,16,0054,共和,exact,0054,a,https://www.data.jma.go.jp/stats/etrn/view/rank_a.php?prec_no=16&block_no=0054&year=&month=&day=&view=
16206,蘭越,ランコシ,Rankoshi,42.81,140.541667,39,C,11112110,16,0055,蘭越,exact,0055,a,https://www.data.jma.go.jp/stats/etrn/view/rank_a.php?prec_no=16&block_no=0055&year=&month=&day=&view=
16217,倶知安,クッチャン,Kutchan,42.9,140.756667,176,B,11111111,16,47433,倶知安,exact,47433,s,https://www.data.jma.go.jp/stats/etrn/view/rank_s.php?prec_no=16&block_no=47433&year=&month=&day=&view=
16252,寿都,スッツ,Suttsu,42.795,140.223333,33,B,11111111,16,47421,寿都,exact,47421,s,https://www.data.jma.go.jp/stats/etrn/view/rank_s.php?prec_no=16&block_no=47421&year=&month=&day=&view=
16281,真狩,マッカリ,Makkari,42.775,140.88,440,C,11112010,16,1072,真狩,exact,1072,a,https://www.data.jma.go.jp/stats/etrn/view/rank_a.php?prec_no=16&block_no=1072&year=&month=&day=&view=
16286,喜茂別,キモベツ,Kimobetsu,42.793333,140.948333,264,C,11112110,16,0060,喜茂別,exact,0060,a,https://www.data.jma.go.jp/stats/etrn/view/rank_a.php?prec_no=16&block_no=0060&year=&month=&day=&view=
16321,黒松内,クロマツナイ,Kuromatsunai,42.663333,140.31,27,C,11112110,16,0061,黒松内,exact,0061,a,https://www.data.jma.go.jp/stats/etrn/view/rank_a.php?prec_no=16&block_no=0061&year=&month=&day=&view=
17036,雄武,オウム,Omu,44.58,142.963333,14,B,11111111,17,47405,雄武,exact,47405,s,https://www.data.jma.go.jp/stats/etrn/view/rank_s.php?prec_no=17&block_no=47405&year=&month=&day=&view=
17076,興部,オコッペ,Okoppe,44.47,143.108333,8,C,11112010,17,0063,興部,exact,0063,a,https://www.data.jma.go.jp/stats/etrn/view/rank_a.php?prec_no=17&block_no=0063&year=&month=&day=&view=
17091,西興部,ニシオコッペ,Nishi-Okoppe,44.331667,142.935,120,C,11112110,17,1073,西興部,exact,1073,a,https://www.data.jma.go.jp/stats/etrn/view/rank_a.php?prec_no=17&block_no=1073&year=&month=&day=&view=
17112,紋別,モンベツ,Mombetsu,44.345,143.355,16,B,11111111,17,47435,紋別,exact,47435,s,https://www.data.jma.go.jp/stats/etrn/view/rank_s.php?prec_no=17&block_no=47435&year=&month=&day=&view=
17116,紋別小向,モンベツコムカイ：紋別空港,Mombetsu-Komukai,44.303333,143.403333,18,C,11110100,17,1487,紋別小向,exact,1487,a,https://www.data.jma.go.jp/stats/etrn/view/rank_a.php?prec_no=17&block_no=1487&year=&month=&day=&view=
17166,湧別,ユウベツ,Yubetsu,44.213333,143.618333,5,C,11112010,17,0065,湧別,exact,0065,a,https://www.data.jma.go.jp/stats/etrn/view/rank_a.php?prec_no=17&block_no=0065&year=&month=&day=&view=
17196,滝上,タキノウエ,Takinoue,44.176667,143.061667,165,C,11112110,17,0066,滝上,exact,0066,a,https://www.data.jma.go.jp/stats/etrn/view/rank_a.php?prec_no=17&block_no=0066&year=&month=&day=&view=
17246,常呂,トコロ,Tokoro,44.115,144.036667,3,C,11112010,17,0068,常呂,exact,0068,a,https://www.data.jma.go.jp/stats/etrn/view/rank_a.php?prec_no=17&block_no=0068&year=&month=&day=&view=
17306,遠軽,エンガル,Engaru,44.053333,143.54,80,C,11112110,17,0069,遠軽,exact,0069,a,https://www.data.jma.go.jp/stats/etrn/view/rank_a.php?prec_no=17&block_no=0069&year=&month=&day=&view=
17316,佐呂間,サロマ,Saroma,44.018333,143.76,54,C,11112110,17,0070,佐呂間,exact,0070,a,https://www.data.jma.go.jp/stats/etrn/view/rank_a.php?prec_no=17&block_no=0070&year=&month=&day=&view=
17341,網走,アバシリ,Abashiri,44.016667,144.278333,38,A,11111111,17,47409,網走,exact,47409,s,https://www.data.jma.go.jp/stats/etrn/view/rank_s.php?prec_no=17&block_no=47409&year=&month=&day=&view=
17351,宇登呂,ウトロ,Utoro,44.051667,144.981667,144,C,11112110,17,0981,宇登呂,exact,0981,a,https://www.data.jma.go.jp/stats/etrn/view/rank_a.php?prec_no=17&block_no=0981&year=&month=&day=&view=
17482,白滝,シラタキ,Shirataki,43.865,143.153333,475,C,11112110,17,1092,白滝,exact,1092,a,https://www.data.jma.go.jp/stats/etrn/view/rank_a.php?prec_no=17&block_no=1092&year=&month=&day=&view=
17501,生田原,イクタハラ,Ikutahara,43.916667,143.531667,199,C,11112010,17,0072,生田原,exact,0072,a,https://www.data.jma.go.jp/stats/etrn/view/rank_a.php?prec_no=17&block_no=0072&year=&month=&day=&view=
17521,北見,キタミ,Kitami,43.776667,143.841667,104,C,11112110,17,0074,北見,exact,0074,a,https://www.data.jma.go.jp/stats/etrn/view/rank_a.php?prec_no=17&block_no=0074&year=&month=&day=&view=
17531,女満別,メマンベツ：女満別空港,Memanbetsu,43.88,144.163333,33,C,11110100,17,1460,女満別,exact,1460,a,https://www.data.jma.go.jp/stats/etrn/view/rank_a.php?prec_no=17&block_no=1460&year=&month=&day=&view=
17546,小清水,コシミズ,Koshimizu,43.841667,144.485,52,C,11112010,17,0075,小清水,exact,0075,a,https://www.data.jma.go.jp/stats/etrn/view/rank_a.php?prec_no=17&block_no=0075&year=&month=&day=&view=
17561,斜里,シャリ,Shari,43.885,144.7,15,C,11112110,17,0076,斜里,exact,0076,a,https://www.data.jma.go.jp/stats/etrn/view/rank_a.php?prec_no=17&block_no=0076&year=&month=&day=&view=
17596,留辺蘂,ルベシベ,Rubeshibe,43.741667,143.45,325,C,11112110,17,0077,留辺蘂,exact,0077,a,https://www.data.jma.go.jp/stats/etrn/view/rank_a.php?prec_no=17&block_no=0077&year=&month=&day=&view=
17607,境野,サカイノ,Sakaino,43.706667,143.643333,184,C,11112010,17,1209,境野,exact,1209,a,https://www.data.jma.go.jp/stats/etrn/view/rank_a.php?prec_no=17&block_no=1209&year=&month=&day=&view=
17631,美幌,ビホロ,Bihoro,43.77,144.171667,60,C,11112010,17,0079,美幌,exact,0079,a,https://www.data.jma.go.jp/stats/etrn/view/rank_a.php?prec_no=17&block_no=0079&year=&month=&day=&view=
17717,津別,ツベツ,Tsubetsu,43.701667,144.033333,100,C,11112110,17,0082,津別,exact,0082,a,https://www.data.jma.go.jp/stats/etrn/view/rank_a.php?prec_no=17&block_no=0082&year=&month=&day=&view=
18038,羅臼,ラウス,Rausu,44.023333,145.186667,15,C,11112110,18,0084,羅臼,exact,0084,a,https://www.data.jma.go.jp/stats/etrn/view/rank_a.php?prec_no=18&block_no=0084&year=&month=&day=&view=
18136,標津,シベツ,Shibetsu,43.661667,145.131667,3,C,11112010,18,0085,標津,exact,0085,a,https://www.data.jma.go.jp/stats/etrn/view/rank_a.php?prec_no=18&block_no=0085&year=&month=&day=&view=
18161,上標津,カミシベツ,Kami-shibetsu,43.52,144.746667,160,C,11112010,18,1547,上標津,exact,1547,a,https://www.data.jma.go.jp/stats/etrn/view/rank_a.php?prec_no=18&block_no=1547&year=&month=&day=&view=
18171,中標津,ナカシベツ,Naka-shibetsu,43.543333,144.978333,50,C,11112110,18,0086,中標津,exact,0086,a,https://www.data.jma.go.jp/stats/etrn/view/rank_a.php?prec_no=18&block_no=0086&year=&month=&day=&view=
18174,根室中標津,ネムロナカシベツ：中標津空港,Nemuro-Nakashibetsu,43.576667,144.96,65,C,11110100,18,1489,根室中標津,exact,1489,a,https://www.data.jma.go.jp/stats/etrn/view/rank_a.php?prec_no=18&block_no=1489&year=&month=&day=&view=
18256,別海,ベツカイ,Betsukai,43.381667,145.118333,23,C,11112110,18,0088,別海,exact,0088,a,https://www.data.jma.go.jp/stats/etrn/view/rank_a.php?prec_no=18&block_no=0088&year=&month=&day=&view=
18273,根室,ネムロ,Nemuro,43.33,145.585,25,B,11111111,18,47420,根室,exact,47420,s,https://www.data.jma.go.jp/stats/etrn/view/rank_s.php?prec_no=18&block_no=47420&year=&month=&day=&view=
18281,納沙布,ノサップ,Nosappu,43.393333,145.758333,12,C,11112010,18,1056,納沙布,exact,1056,a,https://www.data.jma.go.jp/stats/etrn/view/rank_a.php?prec_no=18&block_no=1056&year=&month=&day=&view=
18311,厚床,アットコ,Attoko,43.22,145.226667,41,C,11112110,18,1196,厚床,exact,1196,a,https://www.data.jma.go.jp/stats/etrn/view/rank_a.php?prec_no=18&block_no=1196&year=&month=&day=&view=
19021,川湯,カワユ,Kawayu,43.616667,144.456667,158,C,11112110,19,0090,川湯,exact,0090,a,https://www.data.jma.go.jp/stats/etrn/view/rank_a.php?prec_no=19&block_no=0090&year=&month=&day=&view=
19051,弟子屈,テシカガ,Teshikaga,43.51,144.466667,170,C,11112010,19,1187,弟子屈,multiple_selected_largest,"0092,1187",a,https://www.data.jma.go.jp/stats/etrn/view/rank_a.php?prec_no=19&block_no=1187&year=&month=&day=&view=
19076,阿寒湖畔,アカンコハン,Lake-Shore Akan,43.436667,144.083333,426,C,11112110,19,0091,阿寒湖畔,exact,0091,a,https://www.data.jma.go.jp/stats/etrn/view/rank_a.php?prec_no=19&block_no=0091&year=&month=&day=&view=
19151,標茶,シベチャ,Shibecha,43.291667,144.586667,20,C,11112110,19,0093,標茶,exact,0093,a,https://www.data.jma.go.jp/stats/etrn/view/rank_a.php?prec_no=19&block_no=0093&year=&month=&day=&view=
19191,鶴居,ツルイ,Tsurui,43.231667,144.325,38,C,11112110,19,1186,鶴居,exact,1186,a,https://www.data.jma.go.jp/stats/etrn/view/rank_a.php?prec_no=19&block_no=1186&year=&month=&day=&view=
19261,中徹別,ナカテシベツ,Nakateshibetsu,43.198333,144.141667,80,C,11112110,19,0095,中徹別,exact,0095,a,https://www.data.jma.go.jp/stats/etrn/view/rank_a.php?prec_no=19&block_no=0095&year=&month=&day=&view=
19311,榊町,サカキマチ,Sakakimachi,43.12,145.11,2,C,11112010,19,1195,榊町,exact,1195,a,https://www.data.jma.go.jp/stats/etrn/view/rank_a.php?prec_no=19&block_no=1195&year=&month=&day=&view=
19347,鶴丘,ツルオカ：釧路空港,Tsuruoka,43.04,144.191667,95,C,11110100,19,1461,鶴丘,exact,1461,a,https://www.data.jma.go.jp/stats/etrn/view/rank_a.php?prec_no=19&block_no=1461&year=&month=&day=&view=
19376,太田,オオタ,Ota,43.09,144.778333,85,C,11112110,19,1192,太田,exact,1192,a,https://www.data.jma.go.jp/stats/etrn/view/rank_a.php?prec_no=19&block_no=1192&year=&month=&day=&view=
19416,白糠,シラヌカ,Shiranuka,42.97,144.061667,9,C,11112110,19,0098,白糠,exact,0098,a,https://www.data.jma.go.jp/stats/etrn/view/rank_a.php?prec_no=19&block_no=0098&year=&month=&day=&view=
19432,釧路,クシロ,Kushiro,42.985,144.376667,5,A,11111111,19,47418,釧路,exact,47418,s,https://www.data.jma.go.jp/stats/etrn/view/rank_s.php?prec_no=19&block_no=47418&year=&month=&day=&view=
19451,知方学,チッポマナイ,Chippomanai,42.938333,144.735,149,C,11112010,19,1283,知方学,exact,1283,a,https://www.data.jma.go.jp/stats/etrn/view/rank_a.php?prec_no=19&block_no=1283&year=&month=&day=&view=
20146,陸別,リクベツ,Rikubetsu,43.471667,143.753333,210,C,11112110,20,0101,陸別,exact,0101,a,https://www.data.jma.go.jp/stats/etrn/view/rank_a.php?prec_no=20&block_no=0101&year=&month=&day=&view=
20186,ぬかびら源泉郷,ヌカビラゲンセンキョウ,Nukabiragensenkyo,43.366667,143.191667,540,C,11112110,20,0103,ぬかびら源泉郷,exact,0103,a,https://www.data.jma.go.jp/stats/etrn/view/rank_a.php?prec_no=20&block_no=0103&year=&month=&day=&view=
20266,上士幌,カミシホロ,Kamishihoro,43.241667,143.295,287,C,11112110,20,0107,上士幌,exact,0107,a,https://www.data.jma.go.jp/stats/etrn/view/rank_a.php?prec_no=20&block_no=0107&year=&month=&day=&view=
20276,足寄,アショロ,Ashoro,43.243333,143.553333,90,C,11112010,20,0109,足寄,exact,0109,a,https://www.data.jma.go.jp/stats/etrn/view/rank_a.php?prec_no=20&block_no=0109&year=&month=&day=&view=
20341,本別,ホンベツ,Honbetsu,43.131667,143.6,67,C,11112110,20,0112,本別,exact,0112,a,https://www.data.jma.go.jp/stats/etrn/view/rank_a.php?prec_no=20&block_no=0112&year=&month=&day=&view=
20356,新得,シントク,Shintoku,43.076667,142.84,178,C,11112110,20,0113,新得,exact,0113,a,https://www.data.jma.go.jp/stats/etrn/view/rank_a.php?prec_no=20&block_no=0113&year=&month=&day=&view=
20361,鹿追,シカオイ,Shikaoi,43.103333,142.995,206,C,11112010,20,0114,鹿追,exact,0114,a,https://www.data.jma.go.jp/stats/etrn/view/rank_a.php?prec_no=20&block_no=0114&year=&month=&day=&view=
20371,駒場,コマバ,Komaba,43.05,143.183333,112,C,11112010,20,1204,駒場,exact,1204,a,https://www.data.jma.go.jp/stats/etrn/view/rank_a.php?prec_no=20&block_no=1204&year=&month=&day=&view=
20421,芽室,メムロ,Memuro,42.9,143.043333,90,C,11112110,20,0115,芽室,exact,0115,a,https://www.data.jma.go.jp/stats/etrn/view/rank_a.php?prec_no=20&block_no=0115&year=&month=&day=&view=
20432,帯広,オビヒロ,Obihiro,42.921667,143.211667,38,B,11111111,20,47417,帯広,exact,47417,s,https://www.data.jma.go.jp/stats/etrn/view/rank_s.php?prec_no=20&block_no=47417&year=&month=&day=&view=
20441,池田,イケダ,Ikeda,42.92,143.458333,42,C,11112010,20,0117,池田,exact,0117,a,https://www.data.jma.go.jp/stats/etrn/view/rank_a.php?prec_no=20&block_no=0117&year=&month=&day=&view=
20506,浦幌,ウラホロ,Urahoro,42.808333,143.656667,20,C,11112110,20,0118,浦幌,exact,0118,a,https://www.data.jma.go.jp/stats/etrn/view/rank_a.php?prec_no=20&block_no=0118&year=&month=&day=&view=
20551,帯広泉,オビヒロイズミ：帯広空港,Obihiroizumi,42.733333,143.216667,149,C,11110100,20,1510,帯広泉,exact,1510,a,https://www.data.jma.go.jp/stats/etrn/view/rank_a.php?prec_no=20&block_no=1510&year=&month=&day=&view=
20556,糠内,ヌカナイ,Nukanai,42.786667,143.328333,70,C,11112010,20,1286,糠内,exact,1286,a,https://www.data.jma.go.jp/stats/etrn/view/rank_a.php?prec_no=20&block_no=1286&year=&month=&day=&view=
20601,上札内,カミサツナイ,Kami-satsunai,42.641667,143.096667,251,C,11112110,20,1210,上札内,exact,1210,a,https://www.data.jma.go.jp/stats/etrn/view/rank_a.php?prec_no=20&block_no=1210&year=&month=&day=&view=
20606,更別,サラベツ,Sarabetsu,42.651667,143.195,185,C,11112010,20,1211,更別,exact,1211,a,https://www.data.jma.go.jp/stats/etrn/view/rank_a.php?prec_no=20&block_no=1211&year=&month=&day=&view=
20631,大津,オオツ,Otsu,42.686667,143.646667,4,C,11112010,20,1214,大津,exact,1214,a,https://www.data.jma.go.jp/stats/etrn/view/rank_a.php?prec_no=20&block_no=1214&year=&month=&day=&view=
20696,大樹,タイキ,Taiki,42.5,143.273333,87,C,11112110,20,0121,大樹,exact,0121,a,https://www.data.jma.go.jp/stats/etrn/view/rank_a.php?prec_no=20&block_no=0121&year=&month=&day=&view=
20751,広尾,ヒロオ,Hiroo,42.293333,143.316667,32,B,11111111,20,47440,広尾,exact,47440,s,https://www.data.jma.go.jp/stats/etrn/view/rank_s.php?prec_no=20&block_no=47440&year=&month=&day=&view=
21111,厚真,アツマ,Atsuma,42.73,141.888333,20,C,11112010,21,0124,厚真,exact,0124,a,https://www.data.jma.go.jp/stats/etrn/view/rank_a.php?prec_no=21&block_no=0124&year=&month=&day=&view=
21126,穂別,ホベツ,Hobetsu,42.761667,142.143333,56,C,11112110,21,0125,穂別,exact,0125,a,https://www.data.jma.go.jp/stats/etrn/view/rank_a.php?prec_no=21&block_no=0125&year=&month=&day=&view=
21161,大滝,オオタキ,Otaki,42.67,141.078333,390,C,11112110,21,1067,大滝,exact,1067,a,https://www.data.jma.go.jp/stats/etrn/view/rank_a.php?prec_no=21&block_no=1067&year=&month=&day=&view=
21171,森野,モリノ,Morino,42.63,141.246667,170,C,11112010,21,0126,森野,exact,0126,a,https://www.data.jma.go.jp/stats/etrn/view/rank_a.php?prec_no=21&block_no=0126&year=&month=&day=&view=
21187,苫小牧,トマコマイ,Tomakomai,42.623333,141.546667,6,B,11111111,21,47424,苫小牧,exact,47424,s,https://www.data.jma.go.jp/stats/etrn/view/rank_s.php?prec_no=21&block_no=47424&year=&month=&day=&view=
21226,大岸,オオキシ,Okishi,42.59,140.643333,4,C,11112110,21,0128,大岸,exact,0128,a,https://www.data.jma.go.jp/stats/etrn/view/rank_a.php?prec_no=21&block_no=0128&year=&month=&day=&view=
21261,白老,シラオイ,Shiraoi,42.543333,141.351667,6,C,11112110,21,0130,白老,exact,0130,a,https://www.data.jma.go.jp/stats/etrn/view/rank_a.php?prec_no=21&block_no=0130&year=&month=&day=&view=
21276,鵡川,ムカワ,Mukawa,42.59,141.933333,10,C,11112010,21,0131,鵡川,exact,0131,a,https://www.data.jma.go.jp/stats/etrn/view/rank_a.php?prec_no=21&block_no=0131&year=&month=&day=&view=
21297,伊達,ダテ,Date,42.475,140.848333,3,C,11112010,21,0132,伊達,exact,0132,a,https://www.data.jma.go.jp/stats/etrn/view/rank_a.php?prec_no=21&block_no=0132&year=&month=&day=&view=
21312,登別,ノボリベツ,Noboribetsu,42.458333,141.118333,197,C,11112110,21,0134,登別,exact,0134,a,https://www.data.jma.go.jp/stats/etrn/view/rank_a.php?prec_no=21&block_no=0134&year=&month=&day=&view=
21323,室蘭,ムロラン,Muroran,42.311667,140.975,40,A,11111111,21,47423,室蘭,exact,47423,s,https://www.data.jma.go.jp/stats/etrn/view/rank_s.php?prec_no=21&block_no=47423&year=&month=&day=&view=
22036,日高,ヒダカ,Hidaka,42.876667,142.441667,280,C,11112110,22,1202,日高,exact,1202,a,https://www.data.jma.go.jp/stats/etrn/view/rank_a.php?prec_no=22&block_no=1202&year=&month=&day=&view=
22141,日高門別,ヒダカモンベツ,Hidaka-Monbetsu,42.496667,142.053333,47,C,11112010,22,0136,日高門別,exact,0136,a,https://www.data.jma.go.jp/stats/etrn/view/rank_a.php?prec_no=22&block_no=0136&year=&month=&day=&view=
22156,新和,シンワ,Shinwa,42.543333,142.333333,60,C,11112010,22,0137,新和,exact,0137,a,https://www.data.jma.go.jp/stats/etrn/view/rank_a.php?prec_no=22&block_no=0137&year=&month=&day=&view=
22241,静内,シズナイ,Shizunai,42.343333,142.361667,10,C,11112110,22,0140,静内,exact,0140,a,https://www.data.jma.go.jp/stats/etrn/view/rank_a.php?prec_no=22&block_no=0140&year=&month=&day=&view=
22291,三石,ミツイシ,Mitsuishi,42.245,142.661667,10,C,11112010,22,1198,三石,exact,1198,a,https://www.data.jma.go.jp/stats/etrn/view/rank_a.php?prec_no=22&block_no=1198&year=&month=&day=&view=
22306,中杵臼,ナカキネウス,Nakakineusu,42.223333,142.948333,98,C,11112110,22,1288,中杵臼,exact,1288,a,https://www.data.jma.go.jp/stats/etrn/view/rank_a.php?prec_no=22&block_no=1288&year=&month=&day=&view=
22327,浦河,ウラカワ,Urakawa,42.161667,142.776667,37,B,11111111,22,47426,浦河,exact,47426,s,https://www.data.jma.go.jp/stats/etrn/view/rank_s.php?prec_no=22&block_no=47426&year=&month=&day=&view=
22391,えりも岬,エリモミサキ,Cape Erimo,41.925,143.243333,63,C,11112010,22,1340,えりも岬,exact,1340,a,https://www.data.jma.go.jp/stats/etrn/view/rank_a.php?prec_no=22&block_no=1340&year=&month=&day=&view=
23031,長万部,オシャマンベ,Oshamanbe,42.516667,140.373333,6,C,11112110,23,0143,長万部,exact,0143,a,https://www.data.jma.go.jp/stats/etrn/view/rank_a.php?prec_no=23&block_no=0143&year=&month=&day=&view=
23086,八雲,ヤクモ,Yakumo,42.251667,140.271667,8,C,11112110,23,0144,八雲,exact,0144,a,https://www.data.jma.go.jp/stats/etrn/view/rank_a.php?prec_no=23&block_no=0144&year=&month=&day=&view=
23166,森,モリ,Mori,42.066667,140.588333,125,C,11112110,23,0145,森,exact,0145,a,https://www.data.jma.go.jp/stats/etrn/view/rank_a.php?prec_no=23&block_no=0145&year=&month=&day=&view=
23206,川汲,カックミ,Kakkumi,41.906667,140.97,31,C,11112010,23,0147,川汲,exact,0147,a,https://www.data.jma.go.jp/stats/etrn/view/rank_a.php?prec_no=23&block_no=0147&year=&month=&day=&view=
23226,北斗,ホクト,Hokuto,41.886667,140.653333,25,C,11112010,23,0148,北斗,exact,0148,a,https://www.data.jma.go.jp/stats/etrn/view/rank_a.php?prec_no=23&block_no=0148&year=&month=&day=&view=
23232,函館,ハコダテ,Hakodate,41.816667,140.753333,35,A,11111111,23,47430,函館,exact,47430,s,https://www.data.jma.go.jp/stats/etrn/view/rank_s.php?prec_no=23&block_no=47430&year=&month=&day=&view=
23281,高松,タカマツ：函館空港,Takamatsu,41.77,140.821667,34,C,11110100,23,1462,高松,exact,1462,a,https://www.data.jma.go.jp/stats/etrn/view/rank_a.php?prec_no=23&block_no=1462&year=&month=&day=&view=
23326,木古内,キコナイ,Kikonai,41.68,140.436667,10,C,11112010,23,0917,木古内,exact,0917,a,https://www.data.jma.go.jp/stats/etrn/view/rank_a.php?prec_no=23&block_no=0917&year=&month=&day=&view=
23376,松前,マツマエ,Matsumae,41.423333,140.086667,30,C,11112010,23,0152,松前,exact,0152,a,https://www.data.jma.go.jp/stats/etrn/view/rank_a.php?prec_no=23&block_no=0152&year=&month=&day=&view=
24041,せたな,セタナ,Setana,42.45,139.851667,10,C,11112010,24,0153,せたな,exact,0153,a,https://www.data.jma.go.jp/stats/etrn/view/rank_a.php?prec_no=24&block_no=0153&year=&month=&day=&view=
24051,今金,イマカネ,Imakane,42.428333,140.008333,19,C,11112110,24,0154,今金,exact,0154,a,https://www.data.jma.go.jp/stats/etrn/view/rank_a.php?prec_no=24&block_no=0154&year=&month=&day=&view=
24101,奥尻,オクシリ,Okushiri,42.248333,139.556667,5,C,11112010,24,1199,奥尻,exact,1199,a,https://www.data.jma.go.jp/stats/etrn/view/rank_a.php?prec_no=24&block_no=1199&year=&month=&day=&view=
24141,熊石,クマイシ,Kumaishi,42.128333,139.985,12,C,11112110,23,0155,熊石,exact,0155,a,https://www.data.jma.go.jp/stats/etrn/view/rank_a.php?prec_no=23&block_no=0155&year=&month=&day=&view=
24156,米岡,ヨネオカ：奥尻空港,Yoneoka,42.071667,139.431667,49,C,11110000,24,1513,米岡,exact,1513,a,https://www.data.jma.go.jp/stats/etrn/view/rank_a.php?prec_no=24&block_no=1513&year=&month=&day=&view=
24201,鶉,ウズラ,Uzura,41.93,140.311667,53,C,11112110,24,1200,鶉,exact,1200,a,https://www.data.jma.go.jp/stats/etrn/view/rank_a.php?prec_no=24&block_no=1200&year=&month=&day=&view=
24217,江差,エサシ,Esashi,41.866667,140.123333,4,B,11111111,24,47428,江差,exact,47428,s,https://www.data.jma.go.jp/stats/etrn/view/rank_s.php?prec_no=24&block_no=47428&year=&month=&day=&view=
31001,大間,オオマ,Oma,41.526667,140.911667,14,C,11112110,31,1041,大間,exact,1041,a,https://www.data.jma.go.jp/stats/etrn/view/rank_a.php?prec_no=31&block_no=1041&year=&month=&day=&view=
31111,むつ,ムツ,Mutsu,41.283333,141.21,3,B,11111111,31,47576,むつ,exact,47576,s,https://www.data.jma.go.jp/stats/etrn/view/rank_s.php?prec_no=31&block_no=47576&year=&month=&day=&view=
31121,小田野沢,オダノサワ,Odanosawa,41.235,141.396667,6,C,11112010,31,1122,小田野沢,exact,1122,a,https://www.data.jma.go.jp/stats/etrn/view/rank_a.php?prec_no=31&block_no=1122&year=&month=&day=&view=
31136,今別,イマベツ,Imabetsu,41.18,140.481667,30,C,11112110,31,1026,今別,exact,1026,a,https://www.data.jma.go.jp/stats/etrn/view/rank_a.php?prec_no=31&block_no=1026&year=&month=&day=&view=
31156,脇野沢,ワキノサワ,Wakinosawa,41.145,140.821667,15,C,11112110,31,1124,脇野沢,exact,1124,a,https://www.data.jma.go.jp/stats/etrn/view/rank_a.php?prec_no=31&block_no=1124&year=&month=&day=&view=
31186,市浦,シウラ,Shiura,41.056667,140.346667,20,C,11112010,31,1119,市浦,exact,1119,a,https://www.data.jma.go.jp/stats/etrn/view/rank_a.php?prec_no=31&block_no=1119&year=&month=&day=&view=
31201,蟹田,カニタ,Kanita,41.045,140.633333,5,C,11112010,31,0160,蟹田,exact,0160,a,https://www.data.jma.go.jp/stats/etrn/view/rank_a.php?prec_no=31&block_no=0160&year=&month=&day=&view=
31296,五所川原,ゴショガワラ,Goshogawara,40.808333,140.458333,9,C,11112110,31,0164,五所川原,exact,0164,a,https://www.data.jma.go.jp/stats/etrn/view/rank_a.php?prec_no=31&block_no=0164&year=&month=&day=&view=
31312,青森,アオモリ,Aomori,40.821667,140.768333,3,A,11111111,31,47575,青森,exact,47575,s,https://www.data.jma.go.jp/stats/etrn/view/rank_s.php?prec_no=31&block_no=47575&year=&month=&day=&view=
31332,野辺地,ノヘジ,Noheji,40.885,141.16,14,C,11112110,31,0162,野辺地,exact,0162,a,https://www.data.jma.go.jp/stats/etrn/view/rank_a.php?prec_no=31&block_no=0162&year=&month=&day=&view=
31336,六ケ所,ロッカショ,Rokkasho,40.885,141.271667,80,C,11112010,31,1027,六ケ所,exact,1027,a,https://www.data.jma.go.jp/stats/etrn/view/rank_a.php?prec_no=31&block_no=1027&year=&month=&day=&view=
31366,鰺ケ沢,アジガサワ,Ajigasawa,40.776667,140.205,40,C,11112110,31,0163,鰺ケ沢,exact,0163,a,https://www.data.jma.go.jp/stats/etrn/view/rank_a.php?prec_no=31&block_no=0163&year=&month=&day=&view=
31386,青森大谷,アオモリオオタニ：青森空港,Aomori-Otani,40.733333,140.688333,198,C,11110100,31,1495,青森大谷,exact,1495,a,https://www.data.jma.go.jp/stats/etrn/view/rank_a.php?prec_no=31&block_no=1495&year=&month=&day=&view=
31436,深浦,フカウラ,Fukaura,40.645,139.931667,66,B,11111111,31,47574,深浦,exact,47574,s,https://www.data.jma.go.jp/stats/etrn/view/rank_s.php?prec_no=31&block_no=47574&year=&month=&day=&view=
31461,弘前,ヒロサキ,Hirosaki,40.611667,140.455,30,C,11112110,31,0166,弘前,exact,0166,a,https://www.data.jma.go.jp/stats/etrn/view/rank_a.php?prec_no=31&block_no=0166&year=&month=&day=&view=
31466,黒石,クロイシ,Kuroishi,40.666667,140.585,30,C,11112010,31,0167,黒石,exact,0167,a,https://www.data.jma.go.jp/stats/etrn/view/rank_a.php?prec_no=31&block_no=0167&year=&month=&day=&view=
31482,酸ケ湯,スカユ,Sukayu,40.648333,140.848333,890,C,11112110,31,1079,酸ケ湯,exact,1079,a,https://www.data.jma.go.jp/stats/etrn/view/rank_a.php?prec_no=31&block_no=1079&year=&month=&day=&view=
31506,三沢,ミサワ,Misawa,40.675,141.375,39,C,11112010,31,0169,三沢,exact,0169,a,https://www.data.jma.go.jp/stats/etrn/view/rank_a.php?prec_no=31&block_no=0169&year=&month=&day=&view=
31586,十和田,トワダ,Towada,40.606667,141.233333,55,C,11112110,31,0172,十和田,exact,0172,a,https://www.data.jma.go.jp/stats/etrn/view/rank_a.php?prec_no=31&block_no=0172&year=&month=&day=&view=
31602,八戸,ハチノヘ,Hachinohe,40.526667,141.521667,27,B,11111111,31,47581,八戸,exact,47581,s,https://www.data.jma.go.jp/stats/etrn/view/rank_s.php?prec_no=31&block_no=47581&year=&month=&day=&view=
31646,碇ケ関,イカリガセキ,Ikarigaseki,40.481667,140.62,135,C,11112110,31,0175,碇ケ関,exact,0175,a,https://www.data.jma.go.jp/stats/etrn/view/rank_a.php?prec_no=31&block_no=0175&year=&month=&day=&view=
31662,休屋,ヤスミヤ,Yasumiya,40.426667,140.898333,414,C,11112010,31,0177,休屋,exact,0177,a,https://www.data.jma.go.jp/stats/etrn/view/rank_a.php?prec_no=31&block_no=0177&year=&month=&day=&view=
31721,三戸,サンノヘ,Sannohe,40.383333,141.256667,60,C,11112110,31,0179,三戸,exact,0179,a,https://www.data.jma.go.jp/stats/etrn/view/rank_a.php?prec_no=31&block_no=0179&year=&month=&day=&view=
32056,八森,ハチモリ,Hachimori,40.413333,139.948333,34,C,11112010,32,1043,八森,exact,1043,a,https://www.data.jma.go.jp/stats/etrn/view/rank_a.php?prec_no=32&block_no=1043&year=&month=&day=&view=
32111,能代,ノシロ,Noshiro,40.198333,140.031667,6,C,11112110,32,0183,能代,exact,0183,a,https://www.data.jma.go.jp/stats/etrn/view/rank_a.php?prec_no=32&block_no=0183&year=&month=&day=&view=
32126,鷹巣,タカノス,Takanosu,40.226667,140.371667,29,C,11112110,32,0184,鷹巣,exact,0184,a,https://www.data.jma.go.jp/stats/etrn/view/rank_a.php?prec_no=32&block_no=0184&year=&month=&day=&view=
32136,大館,オオダテ,Odate,40.251667,140.505,49,C,11112010,32,0912,大館,exact,0912,a,https://www.data.jma.go.jp/stats/etrn/view/rank_a.php?prec_no=32&block_no=0912&year=&month=&day=&view=
32146,鹿角,カヅノ,Kazuno,40.215,140.786667,123,C,11112110,32,0185,鹿角,exact,0185,a,https://www.data.jma.go.jp/stats/etrn/view/rank_a.php?prec_no=32&block_no=0185&year=&month=&day=&view=
32181,脇神,ワキガミ：大館能代空港,Wakigami,40.191667,140.371667,84,C,11110000,32,1463,脇神,exact,1463,a,https://www.data.jma.go.jp/stats/etrn/view/rank_a.php?prec_no=32&block_no=1463&year=&month=&day=&view=
32206,湯瀬,ユゼ,Yuze,40.12,140.84,214,C,11112010,32,0186,湯瀬,exact,0186,a,https://www.data.jma.go.jp/stats/etrn/view/rank_a.php?prec_no=32&block_no=0186&year=&month=&day=&view=
32266,八幡平,ハチマンタイ,Hachimantai,40.013333,140.801667,578,C,11112010,32,1289,八幡平,exact,1289,a,https://www.data.jma.go.jp/stats/etrn/view/rank_a.php?prec_no=32&block_no=1289&year=&month=&day=&view=
32286,男鹿,オガ,Oga,39.911667,139.9,20,C,11112010,32,1036,男鹿,exact,1036,a,https://www.data.jma.go.jp/stats/etrn/view/rank_a.php?prec_no=32&block_no=1036&year=&month=&day=&view=
32287,大潟,オオガタ,Ogata,40.0,139.95,-3,C,11112010,32,1035,大潟,exact,1035,a,https://www.data.jma.go.jp/stats/etrn/view/rank_a.php?prec_no=32&block_no=1035&year=&month=&day=&view=
32296,五城目,ゴジョウメ,Gojome,39.938333,140.115,6,C,11112110,32,0188,五城目,exact,0188,a,https://www.data.jma.go.jp/stats/etrn/view/rank_a.php?prec_no=32&block_no=0188&year=&month=&day=&view=
32311,阿仁合,アニアイ,Aniai,39.993333,140.403333,120,C,11112110,32,1131,阿仁合,exact,1131,a,https://www.data.jma.go.jp/stats/etrn/view/rank_a.php?prec_no=32&block_no=1131&year=&month=&day=&view=
32402,秋田,アキタ,Akita,39.716667,140.098333,6,A,11111111,32,47582,秋田,exact,47582,s,https://www.data.jma.go.jp/stats/etrn/view/rank_s.php?prec_no=32&block_no=47582&year=&month=&day=&view=
32407,岩見三内,イワミサンナイ,Iwami-Sannai,39.706667,140.286667,41,C,11112010,32,0192,岩見三内,exact,0192,a,https://www.data.jma.go.jp/stats/etrn/view/rank_a.php?prec_no=32&block_no=0192&year=&month=&day=&view=
32451,雄和,ユウワ：秋田空港,Yuwa,39.615,140.218333,93,C,11110100,32,1511,雄和,exact,1511,a,https://www.data.jma.go.jp/stats/etrn/view/rank_a.php?prec_no=32&block_no=1511&year=&month=&day=&view=
32466,角館,カクノダテ,Kakunodate,39.603333,140.556667,56,C,11112110,32,0193,角館,exact,0193,a,https://www.data.jma.go.jp/stats/etrn/view/rank_a.php?prec_no=32&block_no=0193&year=&month=&day=&view=
32476,田沢湖,タザワコ,Lake Tazawa,39.698333,140.731667,230,C,11112010,32,0194,田沢湖,exact,0194,a,https://www.data.jma.go.jp/stats/etrn/view/rank_a.php?prec_no=32&block_no=0194&year=&month=&day=&view=
32496,大正寺,ダイショウジ,Daisho-ji,39.526667,140.233333,20,C,11112110,32,1050,大正寺,exact,1050,a,https://www.data.jma.go.jp/stats/etrn/view/rank_a.php?prec_no=32&block_no=1050&year=&month=&day=&view=
32551,大曲,オオマガリ,Omagari,39.49,140.495,30,C,11112010,32,0195,大曲,exact,0195,a,https://www.data.jma.go.jp/stats/etrn/view/rank_a.php?prec_no=32&block_no=0195&year=&month=&day=&view=
32571,本荘,ホンジョウ,Honjo,39.36,140.055,11,C,11112110,32,0196,本荘,exact,0196,a,https://www.data.jma.go.jp/stats/etrn/view/rank_a.php?prec_no=32&block_no=0196&year=&month=&day=&view=
32581,東由利,ヒガシユリ,Higashiyuri,39.305,140.288333,117,C,11112010,32,1117,東由利,exact,1117,a,https://www.data.jma.go.jp/stats/etrn/view/rank_a.php?prec_no=32&block_no=1117&year=&month=&day=&view=
32596,横手,ヨコテ,Yokote,39.32,140.555,59,C,11112110,32,0198,横手,exact,0198,a,https://www.data.jma.go.jp/stats/etrn/view/rank_a.php?prec_no=32&block_no=0198&year=&month=&day=&view=
32616,にかほ,ニカホ,Nikaho,39.255,139.913333,7,C,11112010,32,0199,にかほ,exact,0199,a,https://www.data.jma.go.jp/stats/etrn/view/rank_a.php?prec_no=32&block_no=0199&year=&month=&day=&view=
32626,矢島,ヤシマ,Yashima,39.235,140.136667,46,C,11112110,32,0200,矢島,exact,0200,a,https://www.data.jma.go.jp/stats/etrn/view/rank_a.php?prec_no=32&block_no=0200&year=&month=&day=&view=
32691,湯沢,ユザワ,Yuzawa,39.186667,140.463333,74,C,11112110,32,0202,湯沢,exact,0202,a,https://www.data.jma.go.jp/stats/etrn/view/rank_a.php?prec_no=32&block_no=0202&year=&month=&day=&view=
32771,湯の岱,ユノタイ,Yunotai,38.96,140.528333,335,C,11112110,32,0204,湯の岱,exact,0204,a,https://www.data.jma.go.jp/stats/etrn/view/rank_a.php?prec_no=32&block_no=0204&year=&month=&day=&view=
33006,種市,タネイチ,Taneichi,40.403333,141.7,70,C,11112010,33,0205,種市,exact,0205,a,https://www.data.jma.go.jp/stats/etrn/view/rank_a.php?prec_no=33&block_no=0205&year=&month=&day=&view=
33026,軽米,カルマイ,Karumai,40.325,141.466667,148,C,11112010,33,0206,軽米,exact,0206,a,https://www.data.jma.go.jp/stats/etrn/view/rank_a.php?prec_no=33&block_no=0206&year=&month=&day=&view=
33071,二戸,ニノヘ,Ninohe,40.298333,141.298333,87,C,11112110,33,0207,二戸,exact,0207,a,https://www.data.jma.go.jp/stats/etrn/view/rank_a.php?prec_no=33&block_no=0207&year=&month=&day=&view=
33136,山形,ヤマガタ,Yamagata,40.148333,141.571667,290,C,11112010,33,1219,山形,exact,1219,a,https://www.data.jma.go.jp/stats/etrn/view/rank_a.php?prec_no=33&block_no=1219&year=&month=&day=&view=
33146,久慈,クジ,Kuji,40.168333,141.748333,13,C,11112110,33,0209,久慈,exact,0209,a,https://www.data.jma.go.jp/stats/etrn/view/rank_a.php?prec_no=33&block_no=0209&year=&month=&day=&view=
33166,荒屋,アラヤ,Araya,40.103333,141.05,290,C,11112010,33,1120,荒屋,exact,1120,a,https://www.data.jma.go.jp/stats/etrn/view/rank_a.php?prec_no=33&block_no=1120&year=&month=&day=&view=
33176,奥中山,オクナカヤマ,Mt. Okunaka,40.06,141.225,430,C,11112110,33,1215,奥中山,exact,1215,a,https://www.data.jma.go.jp/stats/etrn/view/rank_a.php?prec_no=33&block_no=1215&year=&month=&day=&view=
33186,葛巻,クズマキ,Kuzumaki,40.04,141.456667,418,C,11112110,33,0211,葛巻,exact,0211,a,https://www.data.jma.go.jp/stats/etrn/view/rank_a.php?prec_no=33&block_no=0211&year=&month=&day=&view=
33206,普代,フダイ,Fudai,40.003333,141.883333,8,C,11112010,33,1123,普代,exact,1123,a,https://www.data.jma.go.jp/stats/etrn/view/rank_a.php?prec_no=33&block_no=1123&year=&month=&day=&view=
33226,岩手松尾,イワテマツオ,Iwate-Matsuo,39.951667,141.065,275,C,11112110,33,0214,岩手松尾,exact,0214,a,https://www.data.jma.go.jp/stats/etrn/view/rank_a.php?prec_no=33&block_no=0214&year=&month=&day=&view=
33296,好摩,コウマ,Koma,39.868333,141.166667,205,C,11112010,33,1032,好摩,exact,1032,a,https://www.data.jma.go.jp/stats/etrn/view/rank_a.php?prec_no=33&block_no=1032&year=&month=&day=&view=
33326,岩泉,イワイズミ,Iwaizumi,39.846667,141.795,105,C,11112110,33,0218,岩泉,exact,0218,a,https://www.data.jma.go.jp/stats/etrn/view/rank_a.php?prec_no=33&block_no=0218&year=&month=&day=&view=
33336,小本,オモト,Omoto,39.846667,141.963333,3,C,11112010,33,1212,小本,exact,1212,a,https://www.data.jma.go.jp/stats/etrn/view/rank_a.php?prec_no=33&block_no=1212&year=&month=&day=&view=
33371,薮川,ヤブカワ,Yabukawa,39.783333,141.328333,680,C,11112010,33,1078,薮川,exact,1078,a,https://www.data.jma.go.jp/stats/etrn/view/rank_a.php?prec_no=33&block_no=1078&year=&month=&day=&view=
33421,雫石,シズクイシ,Shizukuishi,39.696667,140.975,195,C,11112110,33,0221,雫石,exact,0221,a,https://www.data.jma.go.jp/stats/etrn/view/rank_a.php?prec_no=33&block_no=0221&year=&month=&day=&view=
33431,盛岡,モリオカ,Morioka,39.698333,141.165,155,A,11111111,33,47584,盛岡,exact,47584,s,https://www.data.jma.go.jp/stats/etrn/view/rank_s.php?prec_no=33&block_no=47584&year=&month=&day=&view=
33441,区界,クザカイ,Kuzakai,39.65,141.353333,734,C,11112110,33,1447,区界,exact,1447,a,https://www.data.jma.go.jp/stats/etrn/view/rank_a.php?prec_no=33&block_no=1447&year=&month=&day=&view=
33472,宮古,ミヤコ,Miyako,39.646667,141.965,43,B,11111111,33,47585,宮古,exact,47585,s,https://www.data.jma.go.jp/stats/etrn/view/rank_s.php?prec_no=33&block_no=47585&year=&month=&day=&view=
33486,沢内,サワウチ,Sawauchi,39.548333,140.843333,407,C,11112010,33,1118,沢内,exact,1118,a,https://www.data.jma.go.jp/stats/etrn/view/rank_a.php?prec_no=33&block_no=1118&year=&month=&day=&view=
33501,紫波,シワ,Shiwa,39.546667,141.126667,125,C,11112010,33,1128,紫波,exact,1128,a,https://www.data.jma.go.jp/stats/etrn/view/rank_a.php?prec_no=33&block_no=1128&year=&month=&day=&view=
33526,川井,カワイ,Kawai,39.598333,141.681667,192,C,11112010,33,1224,川井,exact,1224,a,https://www.data.jma.go.jp/stats/etrn/view/rank_a.php?prec_no=33&block_no=1224&year=&month=&day=&view=
33576,花巻,ハナマキ：花巻空港,Hanamaki,39.428333,141.135,90,C,11110100,33,0227,花巻,exact,0227,a,https://www.data.jma.go.jp/stats/etrn/view/rank_a.php?prec_no=33&block_no=0227&year=&month=&day=&view=
33581,大迫,オオハサマ,Ohasama,39.47,141.278333,150,C,11112010,33,0228,大迫,exact,0228,a,https://www.data.jma.go.jp/stats/etrn/view/rank_a.php?prec_no=33&block_no=0228&year=&month=&day=&view=
33616,山田,ヤマダ,Yamada,39.45,141.956667,24,C,11112010,33,1033,山田,exact,1033,a,https://www.data.jma.go.jp/stats/etrn/view/rank_a.php?prec_no=33&block_no=1033&year=&month=&day=&view=
33631,湯田,ユダ,Yuda,39.31,140.776667,250,C,11112110,33,0229,湯田,exact,0229,a,https://www.data.jma.go.jp/stats/etrn/view/rank_a.php?prec_no=33&block_no=0229&year=&month=&day=&view=
33671,遠野,トオノ,Tono,39.338333,141.543333,275,C,11112110,33,0231,遠野,exact,0231,a,https://www.data.jma.go.jp/stats/etrn/view/rank_a.php?prec_no=33&block_no=0231&year=&month=&day=&view=
33716,北上,キタカミ,Kitakami,39.288333,141.11,61,C,11112110,33,0230,北上,exact,0230,a,https://www.data.jma.go.jp/stats/etrn/view/rank_a.php?prec_no=33&block_no=0230&year=&month=&day=&view=
33751,釜石,カマイシ,Kamaishi,39.27,141.878333,5,C,11112010,33,0233,釜石,exact,0233,a,https://www.data.jma.go.jp/stats/etrn/view/rank_a.php?prec_no=33&block_no=0233&year=&month=&day=&view=
33776,若柳,ワカヤナギ,Wakayanagi,39.14,141.063333,97,C,11112010,33,0235,若柳,exact,0235,a,https://www.data.jma.go.jp/stats/etrn/view/rank_a.php?prec_no=33&block_no=0235&year=&month=&day=&view=
33781,江刺,エサシ,Esashi,39.183333,141.161667,42,C,11112010,33,0236,江刺,exact,0236,a,https://www.data.jma.go.jp/stats/etrn/view/rank_a.php?prec_no=33&block_no=0236&year=&month=&day=&view=
33801,住田,スミタ,Sumita,39.141667,141.573333,80,C,11112010,33,1206,住田,exact,1206,a,https://www.data.jma.go.jp/stats/etrn/view/rank_a.php?prec_no=33&block_no=1206&year=&month=&day=&view=
33877,大船渡,オオフナト,Ofunato,39.063333,141.713333,37,B,11111111,33,47512,大船渡,exact,47512,s,https://www.data.jma.go.jp/stats/etrn/view/rank_s.php?prec_no=33&block_no=47512&year=&month=&day=&view=
33911,一関,イチノセキ,Ichinoseki,38.933333,141.125,32,C,11112110,33,0238,一関,exact,0238,a,https://www.data.jma.go.jp/stats/etrn/view/rank_a.php?prec_no=33&block_no=0238&year=&month=&day=&view=
33921,千厩,センマヤ,Senmaya,38.921667,141.33,120,C,11112010,33,0239,千厩,exact,0239,a,https://www.data.jma.go.jp/stats/etrn/view/rank_a.php?prec_no=33&block_no=0239&year=&month=&day=&view=
34012,駒ノ湯,コマノユ,Komanoyu,38.913333,140.828333,532,C,11112110,34,1126,駒ノ湯,exact,1126,a,https://www.data.jma.go.jp/stats/etrn/view/rank_a.php?prec_no=34&block_no=1126&year=&month=&day=&view=
34026,気仙沼,ケセンヌマ,Kesennuma,38.906667,141.556667,62,C,11112010,34,0242,気仙沼,exact,0242,a,https://www.data.jma.go.jp/stats/etrn/view/rank_a.php?prec_no=34&block_no=0242&year=&month=&day=&view=
34096,川渡,カワタビ,Kawatabi,38.743333,140.76,170,C,11112110,34,0243,川渡,exact,0243,a,https://www.data.jma.go.jp/stats/etrn/view/rank_a.php?prec_no=34&block_no=0243&year=&month=&day=&view=
34111,築館,ツキダテ,Tsukidate,38.735,141.005,25,C,11112010,34,0244,築館,exact,0244,a,https://www.data.jma.go.jp/stats/etrn/view/rank_a.php?prec_no=34&block_no=0244&year=&month=&day=&view=
34171,米山,ヨネヤマ,Yoneyama,38.625,141.186667,4,C,11112010,34,1029,米山,exact,1029,a,https://www.data.jma.go.jp/stats/etrn/view/rank_a.php?prec_no=34&block_no=1029&year=&month=&day=&view=
34186,志津川,シヅガワ,Shizugawa,38.681667,141.448333,39,C,11112010,34,0246,志津川,exact,0246,a,https://www.data.jma.go.jp/stats/etrn/view/rank_a.php?prec_no=34&block_no=0246&year=&month=&day=&view=
34216,古川,フルカワ,Furukawa,38.598333,140.911667,28,C,11112110,34,0247,古川,exact,0247,a,https://www.data.jma.go.jp/stats/etrn/view/rank_a.php?prec_no=34&block_no=0247&year=&month=&day=&view=
34266,大衡,オオヒラ,Ohira,38.473333,140.888333,57,C,11112010,34,0248,大衡,exact,0248,a,https://www.data.jma.go.jp/stats/etrn/view/rank_a.php?prec_no=34&block_no=0248&year=&month=&day=&view=
34276,鹿島台,カシマダイ,Kashimadai,38.46,141.091667,3,C,11112010,34,0249,鹿島台,exact,0249,a,https://www.data.jma.go.jp/stats/etrn/view/rank_a.php?prec_no=34&block_no=0249&year=&month=&day=&view=
34292,石巻,イシノマキ,Ishinomaki,38.426667,141.298333,43,B,11111111,34,47592,石巻,exact,47592,s,https://www.data.jma.go.jp/stats/etrn/view/rank_s.php?prec_no=34&block_no=47592&year=&month=&day=&view=
34296,女川,オナガワ,Onagawa,38.446667,141.45,38,C,11112010,34,1626,女川,exact,1626,a,https://www.data.jma.go.jp/stats/etrn/view/rank_a.php?prec_no=34&block_no=1626&year=&month=&day=&view=
34311,新川,ニッカワ,Nikkawa,38.303333,140.636667,265,C,11112110,34,0251,新川,exact,0251,a,https://www.data.jma.go.jp/stats/etrn/view/rank_a.php?prec_no=34&block_no=0251&year=&month=&day=&view=
34331,塩釜,シオガマ,Shiogama,38.338333,141.013333,105,C,11112010,34,1030,塩釜,exact,1030,a,https://www.data.jma.go.jp/stats/etrn/view/rank_a.php?prec_no=34&block_no=1030&year=&month=&day=&view=
34392,仙台,センダイ,Sendai,38.261667,140.896667,39,A,11111111,34,47590,仙台,exact,47590,s,https://www.data.jma.go.jp/stats/etrn/view/rank_s.php?prec_no=34&block_no=47590&year=&month=&day=&view=
34436,名取,ナトリ：仙台空港,Natori,38.138333,140.916667,2,C,11110100,34,1464,名取,exact,1464,a,https://www.data.jma.go.jp/stats/etrn/view/rank_a.php?prec_no=34&block_no=1464&year=&month=&day=&view=
34461,白石,シロイシ,Shiroishi,38.015,140.611667,86,C,11112110,34,0256,白石,exact,0256,a,https://www.data.jma.go.jp/stats/etrn/view/rank_a.php?prec_no=34&block_no=0256&year=&month=&day=&view=
34462,蔵王,ザオウ,Zao,38.126667,140.68,112,C,11112010,34,1564,蔵王,exact,1564,a,https://www.data.jma.go.jp/stats/etrn/view/rank_a.php?prec_no=34&block_no=1564&year=&month=&day=&view=
34471,亘理,ワタリ,Watari,38.025,140.858333,4,C,11112010,34,0257,亘理,exact,0257,a,https://www.data.jma.go.jp/stats/etrn/view/rank_a.php?prec_no=34&block_no=0257&year=&month=&day=&view=
34506,丸森,マルモリ,Marumori,37.931667,140.778333,18,C,11112010,34,1220,丸森,exact,1220,a,https://www.data.jma.go.jp/stats/etrn/view/rank_a.php?prec_no=34&block_no=1220&year=&month=&day=&view=
35002,飛島,トビシマ,Tobishima Island,39.183333,139.543333,58,C,11112010,35,1291,飛島,exact,1291,a,https://www.data.jma.go.jp/stats/etrn/view/rank_a.php?prec_no=35&block_no=1291&year=&month=&day=&view=
35052,酒田,サカタ,Sakata,38.908333,139.843333,3,B,11111111,35,47587,酒田,exact,47587,s,https://www.data.jma.go.jp/stats/etrn/view/rank_s.php?prec_no=35&block_no=47587&year=&month=&day=&view=
35071,差首鍋,サスナベ,Sasunabe,38.918333,140.2,88,C,11112010,35,0260,差首鍋,exact,0260,a,https://www.data.jma.go.jp/stats/etrn/view/rank_a.php?prec_no=35&block_no=0260&year=&month=&day=&view=
35086,浜中,ハマナカ：庄内空港,Hamanaka,38.811667,139.786667,22,C,11110000,35,1465,浜中,exact,1465,a,https://www.data.jma.go.jp/stats/etrn/view/rank_a.php?prec_no=35&block_no=1465&year=&month=&day=&view=
35116,金山,カネヤマ,Kaneyama,38.878333,140.331667,170,C,11112110,35,0262,金山,exact,0262,a,https://www.data.jma.go.jp/stats/etrn/view/rank_a.php?prec_no=35&block_no=0262&year=&month=&day=&view=
35141,鶴岡,ツルオカ,Tsuruoka,38.735,139.828333,16,C,11112010,35,0263,鶴岡,exact,0263,a,https://www.data.jma.go.jp/stats/etrn/view/rank_a.php?prec_no=35&block_no=0263&year=&month=&day=&view=
35146,狩川,カリカワ,Karikawa,38.8,139.973333,17,C,11112110,35,0264,狩川,exact,0264,a,https://www.data.jma.go.jp/stats/etrn/view/rank_a.php?prec_no=35&block_no=0264&year=&month=&day=&view=
35162,新庄,シンジョウ,Shinjo,38.756667,140.311667,105,B,11111111,35,47520,新庄,exact,47520,s,https://www.data.jma.go.jp/stats/etrn/view/rank_s.php?prec_no=35&block_no=47520&year=&month=&day=&view=
35176,向町,ムカイマチ,Mukaimachi,38.758333,140.516667,212,C,11112110,35,0910,向町,exact,0910,a,https://www.data.jma.go.jp/stats/etrn/view/rank_a.php?prec_no=35&block_no=0910&year=&month=&day=&view=
35216,肘折,ヒジオリ,Hijiori,38.606667,140.163333,330,C,11112110,35,1125,肘折,exact,1125,a,https://www.data.jma.go.jp/stats/etrn/view/rank_a.php?prec_no=35&block_no=1125&year=&month=&day=&view=
35231,尾花沢,オバナザワ,Obanazawa,38.608333,140.411667,106,C,11112110,35,1039,尾花沢,exact,1039,a,https://www.data.jma.go.jp/stats/etrn/view/rank_a.php?prec_no=35&block_no=1039&year=&month=&day=&view=
35246,鼠ケ関,ネズガセキ,Nezugaseki,38.566667,139.551667,18,C,11112010,35,1040,鼠ケ関,exact,1040,a,https://www.data.jma.go.jp/stats/etrn/view/rank_a.php?prec_no=35&block_no=1040&year=&month=&day=&view=
35332,村山,ムラヤマ,Murayama,38.46,140.348333,80,C,11112010,35,1539,村山,exact,1539,a,https://www.data.jma.go.jp/stats/etrn/view/rank_a.php?prec_no=35&block_no=1539&year=&month=&day=&view=
35334,東根,ヒガシネ：山形空港,Higashine,38.411667,140.37,105,C,11110000,35,1488,東根,exact,1488,a,https://www.data.jma.go.jp/stats/etrn/view/rank_a.php?prec_no=35&block_no=1488&year=&month=&day=&view=
35361,大井沢,オオイサワ,Oisawa,38.39,139.993333,440,C,11112110,35,1292,大井沢,exact,1292,a,https://www.data.jma.go.jp/stats/etrn/view/rank_a.php?prec_no=35&block_no=1292&year=&month=&day=&view=
35376,左沢,アテラザワ,Aterazawa,38.37,140.191667,133,C,11112110,35,0272,左沢,exact,0272,a,https://www.data.jma.go.jp/stats/etrn/view/rank_a.php?prec_no=35&block_no=0272&year=&month=&day=&view=
35426,山形,ヤマガタ,Yamagata,38.255,140.345,153,A,11111111,35,47588,山形,exact,47588,s,https://www.data.jma.go.jp/stats/etrn/view/rank_s.php?prec_no=35&block_no=47588&year=&month=&day=&view=
35456,長井,ナガイ,Nagai,38.105,140.015,210,C,11112110,35,0275,長井,exact,0275,a,https://www.data.jma.go.jp/stats/etrn/view/rank_a.php?prec_no=35&block_no=0275&year=&month=&day=&view=
35486,小国,オグニ,Oguni,38.078333,139.735,140,C,11112110,35,0277,小国,exact,0277,a,https://www.data.jma.go.jp/stats/etrn/view/rank_a.php?prec_no=35&block_no=0277&year=&month=&day=&view=
35511,高畠,タカハタ,Takahata,38.003333,140.206667,220,C,11112010,35,1132,高畠,exact,1132,a,https://www.data.jma.go.jp/stats/etrn/view/rank_a.php?prec_no=35&block_no=1132&year=&month=&day=&view=
35541,高峰,タカミネ,Takamine,37.99,139.953333,260,C,11112010,35,0278,高峰,exact,0278,a,https://www.data.jma.go.jp/stats/etrn/view/rank_a.php?prec_no=35&block_no=0278&year=&month=&day=&view=
35552,米沢,ヨネザワ,Yonezawa,37.911667,140.143333,245,C,11112110,35,0279,米沢,exact,0279,a,https://www.data.jma.go.jp/stats/etrn/view/rank_a.php?prec_no=35&block_no=0279&year=&month=&day=&view=
36056,茂庭,モニワ,Moniwa,37.891667,140.436667,200,C,11112110,36,1293,茂庭,exact,1293,a,https://www.data.jma.go.jp/stats/etrn/view/rank_a.php?prec_no=36&block_no=1293&year=&month=&day=&view=
36066,梁川,ヤナガワ,Yanagawa,37.851667,140.588333,43,C,11112010,36,0281,梁川,exact,0281,a,https://www.data.jma.go.jp/stats/etrn/view/rank_a.php?prec_no=36&block_no=0281&year=&month=&day=&view=
36106,桧原,ヒバラ,Hibara,37.721667,140.058333,824,C,11112010,36,1282,桧原,exact,1282,a,https://www.data.jma.go.jp/stats/etrn/view/rank_a.php?prec_no=36&block_no=1282&year=&month=&day=&view=
36127,福島,フクシマ,Fukushima,37.758333,140.47,67,A,11111111,36,47595,福島,exact,47595,s,https://www.data.jma.go.jp/stats/etrn/view/rank_s.php?prec_no=36&block_no=47595&year=&month=&day=&view=
36151,相馬,ソウマ,Soma,37.783333,140.925,9,C,11112010,36,0285,相馬,exact,0285,a,https://www.data.jma.go.jp/stats/etrn/view/rank_a.php?prec_no=36&block_no=0285&year=&month=&day=&view=
36176,喜多方,キタカタ,Kitakata,37.658333,139.863333,212,C,11112010,36,0286,喜多方,exact,0286,a,https://www.data.jma.go.jp/stats/etrn/view/rank_a.php?prec_no=36&block_no=0286&year=&month=&day=&view=
36196,鷲倉,ワシクラ,Washikura,37.668333,140.26,1220,C,11112010,36,1116,鷲倉,exact,1116,a,https://www.data.jma.go.jp/stats/etrn/view/rank_a.php?prec_no=36&block_no=1116&year=&month=&day=&view=
36221,飯舘,イイタテ,Iitate,37.665,140.726667,463,C,11112010,36,1130,飯舘,exact,1130,a,https://www.data.jma.go.jp/stats/etrn/view/rank_a.php?prec_no=36&block_no=1130&year=&month=&day=&view=
36251,西会津,ニシアイヅ,Nishiaizu,37.588333,139.656667,165,C,11112110,36,1031,西会津,exact,1031,a,https://www.data.jma.go.jp/stats/etrn/view/rank_a.php?prec_no=36&block_no=1031&year=&month=&day=&view=
36276,猪苗代,イナワシロ,Inawashiro,37.551667,140.108333,519,C,11112110,36,0290,猪苗代,exact,0290,a,https://www.data.jma.go.jp/stats/etrn/view/rank_a.php?prec_no=36&block_no=0290&year=&month=&day=&view=
36291,二本松,ニホンマツ,Nihonmatsu,37.583333,140.43,235,C,11112010,36,0291,二本松,exact,0291,a,https://www.data.jma.go.jp/stats/etrn/view/rank_a.php?prec_no=36&block_no=0291&year=&month=&day=&view=
36342,金山,カネヤマ,Kaneyama,37.473333,139.528333,296,C,11112110,36,1044,金山,exact,1044,a,https://www.data.jma.go.jp/stats/etrn/view/rank_a.php?prec_no=36&block_no=1044&year=&month=&day=&view=
36361,若松,ワカマツ,Wakamatsu,37.488333,139.91,212,B,11111111,36,47570,若松,exact,47570,s,https://www.data.jma.go.jp/stats/etrn/view/rank_s.php?prec_no=36&block_no=47570&year=&month=&day=&view=
36391,船引,フネヒキ,Funehiki,37.435,140.576667,421,C,11112010,36,0294,船引,exact,0294,a,https://www.data.jma.go.jp/stats/etrn/view/rank_a.php?prec_no=36&block_no=0294&year=&month=&day=&view=
36411,浪江,ナミエ,Namie,37.491667,140.965,43,C,11112010,36,0295,浪江,exact,0295,a,https://www.data.jma.go.jp/stats/etrn/view/rank_a.php?prec_no=36&block_no=0295&year=&month=&day=&view=
36426,只見,タダミ,Tadami,37.343333,139.313333,377,C,11112110,36,0297,只見,exact,0297,a,https://www.data.jma.go.jp/stats/etrn/view/rank_a.php?prec_no=36&block_no=0297&year=&month=&day=&view=
36476,郡山,コオリヤマ,Koriyama,37.368333,140.33,249,C,11112010,36,0299,郡山,exact,0299,a,https://www.data.jma.go.jp/stats/etrn/view/rank_a.php?prec_no=36&block_no=0299&year=&month=&day=&view=
36501,川内,カワウチ,Kawauchi,37.336667,140.808333,410,C,11112010,36,1129,川内,exact,1129,a,https://www.data.jma.go.jp/stats/etrn/view/rank_a.php?prec_no=36&block_no=1129&year=&month=&day=&view=
36536,南郷,ナンゴウ,Nango,37.265,139.536667,494,C,11112110,36,0301,南郷,exact,0301,a,https://www.data.jma.go.jp/stats/etrn/view/rank_a.php?prec_no=36&block_no=0301&year=&month=&day=&view=
36562,湯本,ユモト,Yumoto,37.276667,140.063333,646,C,11112110,36,1294,湯本,exact,1294,a,https://www.data.jma.go.jp/stats/etrn/view/rank_a.php?prec_no=36&block_no=1294&year=&month=&day=&view=
36581,玉川,タマカワ：福島空港,Tamakawa,37.226667,140.426667,372,C,11110100,36,1466,玉川,exact,1466,a,https://www.data.jma.go.jp/stats/etrn/view/rank_a.php?prec_no=36&block_no=1466&year=&month=&day=&view=
36591,小野新町,オノニイマチ,Ono-Niimachi,37.286667,140.625,433,C,11112010,36,0304,小野新町,exact,0304,a,https://www.data.jma.go.jp/stats/etrn/view/rank_a.php?prec_no=36&block_no=0304&year=&month=&day=&view=
36611,広野,ヒロノ,Hirono,37.233333,141.0,43,C,11112010,36,1034,広野,exact,1034,a,https://www.data.jma.go.jp/stats/etrn/view/rank_a.php?prec_no=36&block_no=1034&year=&month=&day=&view=
36641,田島,タジマ,Tajima,37.206667,139.795,544,C,11112110,36,0303,田島,exact,0303,a,https://www.data.jma.go.jp/stats/etrn/view/rank_a.php?prec_no=36&block_no=0303&year=&month=&day=&view=
36667,白河,シラカワ,Shirakawa,37.131667,140.215,355,B,11111111,36,47597,白河,exact,47597,s,https://www.data.jma.go.jp/stats/etrn/view/rank_s.php?prec_no=36&block_no=47597&year=&month=&day=&view=
36676,石川,イシカワ,Ishikawa,37.146667,140.46,290,C,11112010,36,0307,石川,exact,0307,a,https://www.data.jma.go.jp/stats/etrn/view/rank_a.php?prec_no=36&block_no=0307&year=&month=&day=&view=
36716,桧枝岐,ヒノエマタ,Hinoemata,37.01,139.375,973,C,11112110,36,1295,桧枝岐,exact,1295,a,https://www.data.jma.go.jp/stats/etrn/view/rank_a.php?prec_no=36&block_no=1295&year=&month=&day=&view=
36821,東白川,ヒガシシラカワ,Higashi-Shirakawa,36.938333,140.408333,183,C,11112010,36,0312,東白川,exact,0312,a,https://www.data.jma.go.jp/stats/etrn/view/rank_a.php?prec_no=36&block_no=0312&year=&month=&day=&view=
36836,山田,ヤマダ,Yamada,36.933333,140.733333,25,C,11112010,36,1607,山田,exact,1607,a,https://www.data.jma.go.jp/stats/etrn/view/rank_a.php?prec_no=36&block_no=1607&year=&month=&day=&view=
36846,小名浜,オナハマ,Onahama,36.946667,140.903333,3,B,11111011,36,47598,小名浜,exact,47598,s,https://www.data.jma.go.jp/stats/etrn/view/rank_s.php?prec_no=36&block_no=47598&year=&month=&day=&view=
40046,北茨城,キタイバラキ,KitaIbaraki,36.833333,140.771667,5,C,11112010,40,0315,北茨城,exact,0315,a,https://www.data.jma.go.jp/stats/etrn/view/rank_a.php?prec_no=40&block_no=0315&year=&month=&day=&view=
40061,大子,ダイゴ,Daigo,36.778333,140.345,120,C,11112010,40,0316,大子,exact,0316,a,https://www.data.jma.go.jp/stats/etrn/view/rank_a.php?prec_no=40&block_no=0316&year=&month=&day=&view=
40091,常陸大宮,ヒタチオオミヤ,Hitachi-omiya,36.606667,140.325,95,C,11112010,40,1331,常陸大宮,exact,1331,a,https://www.data.jma.go.jp/stats/etrn/view/rank_a.php?prec_no=40&block_no=1331&year=&month=&day=&view=
40136,日立,ヒタチ,Hitachi,36.58,140.645,34,C,11112010,40,1011,日立,exact,1011,a,https://www.data.jma.go.jp/stats/etrn/view/rank_a.php?prec_no=40&block_no=1011&year=&month=&day=&view=
40191,笠間,カサマ,Kasama,36.395,140.24,72,C,11112010,40,0318,笠間,exact,0318,a,https://www.data.jma.go.jp/stats/etrn/view/rank_a.php?prec_no=40&block_no=0318&year=&month=&day=&view=
40201,水戸,ミト,Mito,36.38,140.466667,29,A,11111111,40,47629,水戸,exact,47629,s,https://www.data.jma.go.jp/stats/etrn/view/rank_s.php?prec_no=40&block_no=47629&year=&month=&day=&view=
40221,古河,コガ,Koga,36.201667,139.716667,20,C,11112010,40,0320,古河,exact,0320,a,https://www.data.jma.go.jp/stats/etrn/view/rank_a.php?prec_no=40&block_no=0320&year=&month=&day=&view=
40231,下館,シモダテ,Shimodate,36.281667,139.988333,24,C,11112010,40,1530,下館,exact,1530,a,https://www.data.jma.go.jp/stats/etrn/view/rank_a.php?prec_no=40&block_no=1530&year=&month=&day=&view=
40281,下妻,シモツマ,Shimotsuma,36.168333,139.945,20,C,11112010,40,0322,下妻,exact,0322,a,https://www.data.jma.go.jp/stats/etrn/view/rank_a.php?prec_no=40&block_no=0322&year=&month=&day=&view=
40311,鉾田,ホコタ,Hokota,36.168333,140.526667,32,C,11112010,40,1245,鉾田,exact,1245,a,https://www.data.jma.go.jp/stats/etrn/view/rank_a.php?prec_no=40&block_no=1245&year=&month=&day=&view=
40336,つくば,ツクバ,Tsukuba,36.056667,140.125,25,C,11111110,40,47646,つくば,exact,47646,s,https://www.data.jma.go.jp/stats/etrn/view/rank_s.php?prec_no=40&block_no=47646&year=&month=&day=&view=
40341,土浦,ツチウラ,Tsuchiura,36.103333,140.22,26,C,11112010,40,0324,土浦,exact,0324,a,https://www.data.jma.go.jp/stats/etrn/view/rank_a.php?prec_no=40&block_no=0324&year=&month=&day=&view=
40406,鹿嶋,カシマ,Kashima,35.963333,140.621667,37,C,11112010,40,0325,鹿嶋,exact,0325,a,https://www.data.jma.go.jp/stats/etrn/view/rank_a.php?prec_no=40&block_no=0325&year=&month=&day=&view=
40426,龍ケ崎,リュウガサキ,Ryugasaki,35.89,140.211667,4,C,11112010,40,1014,龍ケ崎,exact,1014,a,https://www.data.jma.go.jp/stats/etrn/view/rank_a.php?prec_no=40&block_no=1014&year=&month=&day=&view=
41011,那須高原,ナスコウゲン,Nasu Highlands,37.123333,140.035,749,C,11112110,41,0326,那須高原,exact,0326,a,https://www.data.jma.go.jp/stats/etrn/view/rank_a.php?prec_no=41&block_no=0326&year=&month=&day=&view=
41076,五十里,イカリ,Ikari,36.921667,139.695,620,C,11112010,41,1015,五十里,exact,1015,a,https://www.data.jma.go.jp/stats/etrn/view/rank_a.php?prec_no=41&block_no=1015&year=&month=&day=&view=
41091,黒磯,クロイソ,Kuroiso,36.981667,140.018333,343,C,11112010,41,0329,黒磯,exact,0329,a,https://www.data.jma.go.jp/stats/etrn/view/rank_a.php?prec_no=41&block_no=0329&year=&month=&day=&view=
41116,土呂部,ドロブ,Dorobu,36.891667,139.568333,925,C,11112110,41,1221,土呂部,exact,1221,a,https://www.data.jma.go.jp/stats/etrn/view/rank_a.php?prec_no=41&block_no=1221&year=&month=&day=&view=
41141,大田原,オオタワラ,Otawara,36.84,140.035,188,C,11112010,41,0331,大田原,exact,0331,a,https://www.data.jma.go.jp/stats/etrn/view/rank_a.php?prec_no=41&block_no=0331&year=&month=&day=&view=
41166,奥日光,オクニッコウ,Oku-Nikko,36.738333,139.5,1292,B,11111111,41,47690,奥日光,exact,47690,s,https://www.data.jma.go.jp/stats/etrn/view/rank_s.php?prec_no=41&block_no=47690&year=&month=&day=&view=
41172,日光東町,ニッコウヒガシマチ,Nikkohigashimachi,36.75,139.615,561,C,11112010,41,1675,日光東町,exact,1675,a,https://www.data.jma.go.jp/stats/etrn/view/rank_a.php?prec_no=41&block_no=1675&year=&month=&day=&view=
41181,塩谷,シオヤ,Shioya,36.756667,139.883333,225,C,11112010,41,1334,塩谷,exact,1334,a,https://www.data.jma.go.jp/stats/etrn/view/rank_a.php?prec_no=41&block_no=1334&year=&month=&day=&view=
41247,那須烏山,ナスカラスヤマ,Nasu-Karasuyama,36.641667,140.116667,82,C,11112010,41,1605,那須烏山,exact,1605,a,https://www.data.jma.go.jp/stats/etrn/view/rank_a.php?prec_no=41&block_no=1605&year=&month=&day=&view=
41271,鹿沼,カヌマ,Kanuma,36.591667,139.735,165,C,11112010,41,0335,鹿沼,exact,0335,a,https://www.data.jma.go.jp/stats/etrn/view/rank_a.php?prec_no=41&block_no=0335&year=&month=&day=&view=
41277,宇都宮,ウツノミヤ,Utsunomiya,36.548333,139.868333,119,A,11111111,41,47615,宇都宮,exact,47615,s,https://www.data.jma.go.jp/stats/etrn/view/rank_s.php?prec_no=41&block_no=47615&year=&month=&day=&view=
41331,真岡,モオカ,Mooka,36.476667,139.986667,91,C,11112010,41,0338,真岡,exact,0338,a,https://www.data.jma.go.jp/stats/etrn/view/rank_a.php?prec_no=41&block_no=0338&year=&month=&day=&view=
41361,佐野,サノ,Sano,36.363333,139.57,68,C,11112010,41,1018,佐野,exact,1018,a,https://www.data.jma.go.jp/stats/etrn/view/rank_a.php?prec_no=41&block_no=1018&year=&month=&day=&view=
41376,小山,オヤマ,Oyama,36.338333,139.83,44,C,11112010,41,0341,小山,exact,0341,a,https://www.data.jma.go.jp/stats/etrn/view/rank_a.php?prec_no=41&block_no=0341&year=&month=&day=&view=
42046,藤原,フジワラ,Fujiwara,36.863333,139.058333,700,C,11112110,42,1222,藤原,exact,1222,a,https://www.data.jma.go.jp/stats/etrn/view/rank_a.php?prec_no=42&block_no=1222&year=&month=&day=&view=
42091,みなかみ,ミナカミ,Minakami,36.773333,138.965,524,C,11112110,42,1019,みなかみ,exact,1019,a,https://www.data.jma.go.jp/stats/etrn/view/rank_a.php?prec_no=42&block_no=1019&year=&month=&day=&view=
42121,草津,クサツ,Kusatsu,36.616667,138.591667,1223,C,11112110,42,0343,草津,exact,0343,a,https://www.data.jma.go.jp/stats/etrn/view/rank_a.php?prec_no=42&block_no=0343&year=&month=&day=&view=
42146,沼田,ヌマタ,Numata,36.668333,139.021667,390,C,11112010,42,0346,沼田,exact,0346,a,https://www.data.jma.go.jp/stats/etrn/view/rank_a.php?prec_no=42&block_no=0346&year=&month=&day=&view=
42186,中之条,ナカノジョウ,Nakanojo,36.586667,138.85,354,C,11112010,42,1020,中之条,exact,1020,a,https://www.data.jma.go.jp/stats/etrn/view/rank_a.php?prec_no=42&block_no=1020&year=&month=&day=&view=
42221,田代,タシロ,Tashiro,36.463333,138.463333,1230,C,11112010,42,0348,田代,exact,0348,a,https://www.data.jma.go.jp/stats/etrn/view/rank_a.php?prec_no=42&block_no=0348&year=&month=&day=&view=
42251,前橋,マエバシ,Maebashi,36.405,139.06,112,A,11111111,42,47624,前橋,exact,47624,s,https://www.data.jma.go.jp/stats/etrn/view/rank_s.php?prec_no=42&block_no=47624&year=&month=&day=&view=
42266,桐生,キリュウ,Kiryu,36.41,139.325,117,C,11112010,42,0351,桐生,exact,0351,a,https://www.data.jma.go.jp/stats/etrn/view/rank_a.php?prec_no=42&block_no=0351&year=&month=&day=&view=
42286,上里見,カミサトミ,Kami-Satomi,36.376667,138.895,183,C,11112010,42,0353,上里見,exact,0353,a,https://www.data.jma.go.jp/stats/etrn/view/rank_a.php?prec_no=42&block_no=0353&year=&month=&day=&view=
42302,伊勢崎,イセサキ,Isesaki,36.331667,139.165,64,C,11112010,42,1021,伊勢崎,exact,1021,a,https://www.data.jma.go.jp/stats/etrn/view/rank_a.php?prec_no=42&block_no=1021&year=&month=&day=&view=
42326,西野牧,ニシノマキ,Nishinomaki,36.245,138.706667,375,C,11112010,42,0354,西野牧,exact,0354,a,https://www.data.jma.go.jp/stats/etrn/view/rank_a.php?prec_no=42&block_no=0354&year=&month=&day=&view=
42366,館林,タテバヤシ,Tatebayashi,36.24,139.513333,23,C,11112010,42,0356,館林,exact,0356,a,https://www.data.jma.go.jp/stats/etrn/view/rank_a.php?prec_no=42&block_no=0356&year=&month=&day=&view=
42396,神流,カンナ,Kanna,36.108333,138.896667,357,C,11112010,42,1223,神流,exact,1223,a,https://www.data.jma.go.jp/stats/etrn/view/rank_a.php?prec_no=42&block_no=1223&year=&month=&day=&view=
43051,寄居,ヨリイ,Yorii,36.105,139.183333,128,C,11112010,43,1009,寄居,exact,1009,a,https://www.data.jma.go.jp/stats/etrn/view/rank_a.php?prec_no=43&block_no=1009&year=&month=&day=&view=
43056,熊谷,クマガヤ,Kumagaya,36.15,139.38,30,A,11111111,43,47626,熊谷,exact,47626,s,https://www.data.jma.go.jp/stats/etrn/view/rank_s.php?prec_no=43&block_no=47626&year=&month=&day=&view=
43126,久喜,クキ,Kuki,36.086667,139.635,12,C,11112010,43,0359,久喜,exact,0359,a,https://www.data.jma.go.jp/stats/etrn/view/rank_a.php?prec_no=43&block_no=0359&year=&month=&day=&view=
43156,秩父,チチブ,Chichibu,35.99,139.073333,232,B,11111111,43,47641,秩父,exact,47641,s,https://www.data.jma.go.jp/stats/etrn/view/rank_s.php?prec_no=43&block_no=47641&year=&month=&day=&view=
43171,鳩山,ハトヤマ,Hatoyama,35.985,139.335,44,C,11112010,43,1232,鳩山,exact,1232,a,https://www.data.jma.go.jp/stats/etrn/view/rank_a.php?prec_no=43&block_no=1232&year=&month=&day=&view=
43241,さいたま,サイタマ,Saitama,35.875,139.586667,8,C,11112110,43,0363,さいたま,exact,0363,a,https://www.data.jma.go.jp/stats/etrn/view/rank_a.php?prec_no=43&block_no=0363&year=&month=&day=&view=
43256,越谷,コシガヤ,Koshigaya,35.883333,139.756667,3,C,11112010,43,0364,越谷,exact,0364,a,https://www.data.jma.go.jp/stats/etrn/view/rank_a.php?prec_no=43&block_no=0364&year=&month=&day=&view=
43266,所沢,トコロザワ,Tokorozawa,35.773333,139.413333,119,C,11112010,43,1070,所沢,exact,1070,a,https://www.data.jma.go.jp/stats/etrn/view/rank_a.php?prec_no=43&block_no=1070&year=&month=&day=&view=
44046,小河内,オゴウチ,Ogochi,35.791667,139.05,530,C,11112010,44,0365,小河内,exact,0365,a,https://www.data.jma.go.jp/stats/etrn/view/rank_a.php?prec_no=44&block_no=0365&year=&month=&day=&view=
44056,青梅,オウメ,Ome,35.788333,139.311667,155,C,11112010,44,1001,青梅,exact,1001,a,https://www.data.jma.go.jp/stats/etrn/view/rank_a.php?prec_no=44&block_no=1001&year=&month=&day=&view=
44071,練馬,ネリマ,Nerima,35.738333,139.591667,51,C,11112010,44,1002,練馬,exact,1002,a,https://www.data.jma.go.jp/stats/etrn/view/rank_a.php?prec_no=44&block_no=1002&year=&month=&day=&view=
44112,八王子,ハチオウジ,Hachioji,35.666667,139.316667,123,C,11112010,44,0366,八王子,exact,0366,a,https://www.data.jma.go.jp/stats/etrn/view/rank_a.php?prec_no=44&block_no=0366&year=&month=&day=&view=
44116,府中,フチュウ,Fuchu,35.683333,139.483333,59,C,11112010,44,1133,府中,exact,1133,a,https://www.data.jma.go.jp/stats/etrn/view/rank_a.php?prec_no=44&block_no=1133&year=&month=&day=&view=
44132,東京,トウキョウ,Tokyo,35.691667,139.75,25,A,11111111,44,47662,東京,exact,47662,s,https://www.data.jma.go.jp/stats/etrn/view/rank_s.php?prec_no=44&block_no=47662&year=&month=&day=&view=
44136,江戸川臨海,エドガワリンカイ,Edogawa Seaside,35.638333,139.863333,5,C,11112010,44,0370,江戸川臨海,exact,0370,a,https://www.data.jma.go.jp/stats/etrn/view/rank_a.php?prec_no=44&block_no=0370&year=&month=&day=&view=
44166,羽田,ハネダ：東京国際空港,Haneda,35.553333,139.78,6,C,11110000,44,0371,羽田,exact,0371,a,https://www.data.jma.go.jp/stats/etrn/view/rank_a.php?prec_no=44&block_no=0371&year=&month=&day=&view=
44172,大島,オオシマ,Oshima Island,34.748333,139.361667,74,B,11111011,44,47675,大島,exact,47675,s,https://www.data.jma.go.jp/stats/etrn/view/rank_s.php?prec_no=44&block_no=47675&year=&month=&day=&view=
44173,大島北ノ山,オオシマキタノヤマ：大島空港,Oshima-Kitanoyama,34.781667,139.36,38,C,11110000,44,1467,大島北ノ山,exact,1467,a,https://www.data.jma.go.jp/stats/etrn/view/rank_a.php?prec_no=44&block_no=1467&year=&month=&day=&view=
44207,新島,ニイジマ：新島空港,Niijima Island,34.368333,139.268333,29,C,11110000,44,1522,新島,multiple_selected_largest,"1134,1522",a,https://www.data.jma.go.jp/stats/etrn/view/rank_a.php?prec_no=44&block_no=1522&year=&month=&day=&view=
44216,神津島,コウヅシマ：神津島空港,Kozushima Island,34.188333,139.133333,138,C,11110000,44,1523,神津島,multiple_selected_largest,"1505,1523",a,https://www.data.jma.go.jp/stats/etrn/view/rank_a.php?prec_no=44&block_no=1523&year=&month=&day=&view=
44226,三宅島,ミヤケジマ,Miyakejima Island,34.123333,139.52,38,B,11111011,44,47677,三宅島,exact,47677,s,https://www.data.jma.go.jp/stats/etrn/view/rank_s.php?prec_no=44&block_no=47677&year=&month=&day=&view=
44228,三宅坪田,ミヤケツボタ：三宅島空港,Miyake-Tsubota,34.073333,139.56,20,C,11110000,44,1506,三宅坪田,exact,1506,a,https://www.data.jma.go.jp/stats/etrn/view/rank_a.php?prec_no=44&block_no=1506&year=&month=&day=&view=
44262,八重見ヶ原,ヤエミガハラ：八丈島空港,Yaemigahara,33.115,139.785,92,C,11110000,44,1468,八重見ヶ原,exact,1468,a,https://www.data.jma.go.jp/stats/etrn/view/rank_a.php?prec_no=44&block_no=1468&year=&month=&day=&view=
44263,八丈島,ハチジョウジマ,Hachijojima Island,33.121667,139.778333,151,B,11111011,44,47678,八丈島,exact,47678,s,https://www.data.jma.go.jp/stats/etrn/view/rank_s.php?prec_no=44&block_no=47678&year=&month=&day=&view=
44301,父島,チチジマ,Chichijima Island,27.091667,142.19,3,D,11111011,44,47971,父島,exact,47971,s,https://www.data.jma.go.jp/stats/etrn/view/rank_s.php?prec_no=44&block_no=47971&year=&month=&day=&view=
44356,南鳥島,ミナミトリシマ,Minamitorishima Island,24.288333,153.983333,7,E,11111011,44,47991,南鳥島,exact,47991,s,https://www.data.jma.go.jp/stats/etrn/view/rank_s.php?prec_no=44&block_no=47991&year=&month=&day=&view=
45061,我孫子,アビコ,Abiko,35.863333,140.11,20,C,11112010,45,0376,我孫子,exact,0376,a,https://www.data.jma.go.jp/stats/etrn/view/rank_a.php?prec_no=45&block_no=0376&year=&month=&day=&view=
45081,香取,カトリ,Katori,35.858333,140.501667,37,C,11112010,45,0375,香取,exact,0375,a,https://www.data.jma.go.jp/stats/etrn/view/rank_a.php?prec_no=45&block_no=0375&year=&month=&day=&view=
45106,船橋,フナバシ,Funabashi,35.711667,140.043333,28,C,11112010,45,1236,船橋,exact,1236,a,https://www.data.jma.go.jp/stats/etrn/view/rank_a.php?prec_no=45&block_no=1236&year=&month=&day=&view=
45116,佐倉,サクラ,Sakura,35.728333,140.211667,5,C,11112010,45,0916,佐倉,exact,0916,a,https://www.data.jma.go.jp/stats/etrn/view/rank_a.php?prec_no=45&block_no=0916&year=&month=&day=&view=
45121,成田,ナリタ：成田国際空港,Narita,35.763333,140.385,41,C,11110000,45,0378,成田,exact,0378,a,https://www.data.jma.go.jp/stats/etrn/view/rank_a.php?prec_no=45&block_no=0378&year=&month=&day=&view=
45148,銚子,チョウシ,Choshi,35.738333,140.856667,20,A,11111111,45,47648,銚子,exact,47648,s,https://www.data.jma.go.jp/stats/etrn/view/rank_s.php?prec_no=45&block_no=47648&year=&month=&day=&view=
45181,横芝光,ヨコシバヒカリ,Yokoshibahikari,35.655,140.505,5,C,11112010,45,1003,横芝光,exact,1003,a,https://www.data.jma.go.jp/stats/etrn/view/rank_a.php?prec_no=45&block_no=1003&year=&month=&day=&view=
45212,千葉,チバ,Chiba,35.601667,140.103333,3,B,11111111,45,47682,千葉,exact,47682,s,https://www.data.jma.go.jp/stats/etrn/view/rank_s.php?prec_no=45&block_no=47682&year=&month=&day=&view=
45261,茂原,モバラ,Mobara,35.436667,140.293333,11,C,11112010,45,0381,茂原,exact,0381,a,https://www.data.jma.go.jp/stats/etrn/view/rank_a.php?prec_no=45&block_no=0381&year=&month=&day=&view=
45282,木更津,キサラヅ,Kisarazu,35.361667,139.94,60,C,11112010,45,0382,木更津,exact,0382,a,https://www.data.jma.go.jp/stats/etrn/view/rank_a.php?prec_no=45&block_no=0382&year=&month=&day=&view=
45291,牛久,ウシク,Ushiku,35.396667,140.148333,30,C,11112010,45,1238,牛久,exact,1238,a,https://www.data.jma.go.jp/stats/etrn/view/rank_a.php?prec_no=45&block_no=1238&year=&month=&day=&view=
45326,坂畑,サカハタ,Sakahata,35.235,140.098333,120,C,11112010,45,1241,坂畑,exact,1241,a,https://www.data.jma.go.jp/stats/etrn/view/rank_a.php?prec_no=45&block_no=1241&year=&month=&day=&view=
45361,鴨川,カモガワ,Kamogawa,35.111667,140.1,5,C,11112010,45,0384,鴨川,exact,0384,a,https://www.data.jma.go.jp/stats/etrn/view/rank_a.php?prec_no=45&block_no=0384&year=&month=&day=&view=
45371,勝浦,カツウラ,Katsuura,35.15,140.311667,12,B,11111011,45,47674,勝浦,exact,47674,s,https://www.data.jma.go.jp/stats/etrn/view/rank_s.php?prec_no=45&block_no=47674&year=&month=&day=&view=
45401,館山,タテヤマ,Tateyama,34.986667,139.865,6,B,11111011,45,47672,館山,exact,47672,s,https://www.data.jma.go.jp/stats/etrn/view/rank_s.php?prec_no=45&block_no=47672&year=&month=&day=&view=
46091,海老名,エビナ,Ebina,35.433333,139.386667,18,C,11112010,46,0388,海老名,exact,0388,a,https://www.data.jma.go.jp/stats/etrn/view/rank_a.php?prec_no=46&block_no=0388&year=&month=&day=&view=
46106,横浜,ヨコハマ,Yokohama,35.438333,139.651667,39,A,11111111,46,47670,横浜,exact,47670,s,https://www.data.jma.go.jp/stats/etrn/view/rank_s.php?prec_no=46&block_no=47670&year=&month=&day=&view=
46141,辻堂,ツジドウ,Tsujido,35.32,139.45,5,C,11112010,46,1443,辻堂,exact,1443,a,https://www.data.jma.go.jp/stats/etrn/view/rank_a.php?prec_no=46&block_no=1443&year=&month=&day=&view=
46166,小田原,オダワラ,Odawara,35.276667,139.155,14,C,11112010,46,1008,小田原,exact,1008,a,https://www.data.jma.go.jp/stats/etrn/view/rank_a.php?prec_no=46&block_no=1008&year=&month=&day=&view=
46211,三浦,ミウラ,Miura,35.178333,139.63,42,C,11112010,46,0392,三浦,exact,0392,a,https://www.data.jma.go.jp/stats/etrn/view/rank_a.php?prec_no=46&block_no=0392&year=&month=&day=&view=
48031,野沢温泉,ノザワオンセン,Nozawa Onsen,36.911667,138.441667,576,C,11112110,48,0393,野沢温泉,exact,0393,a,https://www.data.jma.go.jp/stats/etrn/view/rank_a.php?prec_no=48&block_no=0393&year=&month=&day=&view=
48061,信濃町,シナノマチ,Shinano-Machi,36.808333,138.196667,685,C,11112110,48,0394,信濃町,exact,0394,a,https://www.data.jma.go.jp/stats/etrn/view/rank_a.php?prec_no=48&block_no=0394&year=&month=&day=&view=
48066,飯山,イイヤマ,Iiyama,36.875,138.375,313,C,11112110,48,0395,飯山,exact,0395,a,https://www.data.jma.go.jp/stats/etrn/view/rank_a.php?prec_no=48&block_no=0395&year=&month=&day=&view=
48141,白馬,ハクバ,Hakuba,36.698333,137.861667,703,C,11112110,48,0396,白馬,exact,0396,a,https://www.data.jma.go.jp/stats/etrn/view/rank_a.php?prec_no=48&block_no=0396&year=&month=&day=&view=
48156,長野,ナガノ,Nagano,36.661667,138.191667,418,A,11111111,48,47610,長野,exact,47610,s,https://www.data.jma.go.jp/stats/etrn/view/rank_s.php?prec_no=48&block_no=47610&year=&month=&day=&view=
48191,大町,オオマチ,Omachi,36.523333,137.831667,784,C,11112110,48,0399,大町,exact,0399,a,https://www.data.jma.go.jp/stats/etrn/view/rank_a.php?prec_no=48&block_no=0399&year=&month=&day=&view=
48196,信州新町,シンシュウシンマチ,Shinshu-Shinmachi,36.548333,137.996667,509,C,11112010,48,0400,信州新町,exact,0400,a,https://www.data.jma.go.jp/stats/etrn/view/rank_a.php?prec_no=48&block_no=0400&year=&month=&day=&view=
48216,菅平,スガダイラ,Sugadaira,36.531667,138.325,1253,C,11112110,48,0992,菅平,exact,0992,a,https://www.data.jma.go.jp/stats/etrn/view/rank_a.php?prec_no=48&block_no=0992&year=&month=&day=&view=
48256,上田,ウエダ,Ueda,36.4,138.265,502,C,11112010,48,0402,上田,exact,0402,a,https://www.data.jma.go.jp/stats/etrn/view/rank_a.php?prec_no=48&block_no=0402&year=&month=&day=&view=
48296,穂高,ホタカ,Hotaka,36.343333,137.881667,540,C,11112010,48,0404,穂高,exact,0404,a,https://www.data.jma.go.jp/stats/etrn/view/rank_a.php?prec_no=48&block_no=0404&year=&month=&day=&view=
48321,東御,トウミ,Tomi,36.383333,138.383333,958,C,11112010,48,0993,東御,exact,0993,a,https://www.data.jma.go.jp/stats/etrn/view/rank_a.php?prec_no=48&block_no=0993&year=&month=&day=&view=
48331,軽井沢,カルイザワ,Karuizawa,36.341667,138.546667,999,B,11111111,48,47622,軽井沢,exact,47622,s,https://www.data.jma.go.jp/stats/etrn/view/rank_s.php?prec_no=48&block_no=47622&year=&month=&day=&view=
48361,松本,マツモト,Matsumoto,36.246667,137.97,610,B,11111111,48,47618,松本,exact,47618,s,https://www.data.jma.go.jp/stats/etrn/view/rank_s.php?prec_no=48&block_no=47618&year=&month=&day=&view=
48363,松本今井,マツモトイマイ：松本空港,Matsumoto-Imai,36.166667,137.921667,658,C,11110000,48,1529,松本今井,exact,1529,a,https://www.data.jma.go.jp/stats/etrn/view/rank_a.php?prec_no=48&block_no=1529&year=&month=&day=&view=
48381,立科,タテシナ,Tateshina,36.271667,138.313333,715,C,11112010,48,1300,立科,exact,1300,a,https://www.data.jma.go.jp/stats/etrn/view/rank_a.php?prec_no=48&block_no=1300&year=&month=&day=&view=
48386,佐久,サク,Saku,36.246667,138.476667,683,C,11112010,48,0408,佐久,exact,0408,a,https://www.data.jma.go.jp/stats/etrn/view/rank_a.php?prec_no=48&block_no=0408&year=&month=&day=&view=
48466,奈川,ナガワ,Nagawa,36.088333,137.683333,1068,C,11112010,48,1312,奈川,exact,1312,a,https://www.data.jma.go.jp/stats/etrn/view/rank_a.php?prec_no=48&block_no=1312&year=&month=&day=&view=
48491,諏訪,スワ,Suwa,36.045,138.108333,760,B,11111111,48,47620,諏訪,exact,47620,s,https://www.data.jma.go.jp/stats/etrn/view/rank_s.php?prec_no=48&block_no=47620&year=&month=&day=&view=
48531,開田高原,カイダコウゲン,Kaida Highlands,35.938333,137.601667,1130,C,11112110,48,1314,開田高原,exact,1314,a,https://www.data.jma.go.jp/stats/etrn/view/rank_a.php?prec_no=48&block_no=1314&year=&month=&day=&view=
48536,木祖薮原,キソヤブハラ,Kiso-Yabuhara,35.936667,137.786667,985,C,11112010,48,1666,木祖薮原,exact,1666,a,https://www.data.jma.go.jp/stats/etrn/view/rank_a.php?prec_no=48&block_no=1666&year=&month=&day=&view=
48546,辰野,タツノ,Tatsuno,35.983333,137.983333,732,C,11112010,48,1319,辰野,exact,1319,a,https://www.data.jma.go.jp/stats/etrn/view/rank_a.php?prec_no=48&block_no=1319&year=&month=&day=&view=
48561,原村,ハラムラ,Haramura,35.97,138.22,1017,C,11112010,48,0414,原村,exact,0414,a,https://www.data.jma.go.jp/stats/etrn/view/rank_a.php?prec_no=48&block_no=0414&year=&month=&day=&view=
48571,野辺山,ノベヤマ,Nobeyama,35.948333,138.471667,1350,C,11112010,48,0415,野辺山,exact,0415,a,https://www.data.jma.go.jp/stats/etrn/view/rank_a.php?prec_no=48&block_no=0415&year=&month=&day=&view=
48606,木曽福島,キソフクシマ,Kiso-Fukushima,35.84,137.688333,750,C,11112010,48,0417,木曽福島,exact,0417,a,https://www.data.jma.go.jp/stats/etrn/view/rank_a.php?prec_no=48&block_no=0417&year=&month=&day=&view=
48621,伊那,イナ,Ina,35.825,137.955,633,C,11112010,48,1445,伊那,exact,1445,a,https://www.data.jma.go.jp/stats/etrn/view/rank_a.php?prec_no=48&block_no=1445&year=&month=&day=&view=
48717,南木曽,ナギソ,Nagiso,35.61,137.62,560,C,11112010,48,1022,南木曽,exact,1022,a,https://www.data.jma.go.jp/stats/etrn/view/rank_a.php?prec_no=48&block_no=1022&year=&month=&day=&view=
48731,飯島,イイジマ,Iijima,35.653333,137.898333,728,C,11112010,48,0424,飯島,exact,0424,a,https://www.data.jma.go.jp/stats/etrn/view/rank_a.php?prec_no=48&block_no=0424&year=&month=&day=&view=
48767,飯田,イイダ,Iida,35.523333,137.821667,516,B,11111111,48,47637,飯田,exact,47637,s,https://www.data.jma.go.jp/stats/etrn/view/rank_s.php?prec_no=48&block_no=47637&year=&month=&day=&view=
48826,浪合,ナミアイ,Namiai,35.373333,137.691667,940,C,11112010,48,1317,浪合,exact,1317,a,https://www.data.jma.go.jp/stats/etrn/view/rank_a.php?prec_no=48&block_no=1317&year=&month=&day=&view=
48841,南信濃,ミナミシナノ,Minami-Shinano,35.321667,137.931667,407,C,11112010,48,1323,南信濃,exact,1323,a,https://www.data.jma.go.jp/stats/etrn/view/rank_a.php?prec_no=48&block_no=1323&year=&month=&day=&view=
49036,大泉,オオイズミ,Oizumi,35.861667,138.386667,867,C,11112010,49,1023,大泉,exact,1023,a,https://www.data.jma.go.jp/stats/etrn/view/rank_a.php?prec_no=49&block_no=1023&year=&month=&day=&view=
49086,韮崎,ニラサキ,Nirasaki,35.693333,138.448333,341,C,11112010,49,1024,韮崎,exact,1024,a,https://www.data.jma.go.jp/stats/etrn/view/rank_a.php?prec_no=49&block_no=1024&year=&month=&day=&view=
49142,甲府,コウフ,Kofu,35.666667,138.553333,273,A,11111111,49,47638,甲府,exact,47638,s,https://www.data.jma.go.jp/stats/etrn/view/rank_s.php?prec_no=49&block_no=47638&year=&month=&day=&view=
49151,勝沼,カツヌマ,Katsunuma,35.663333,138.725,394,C,11112010,49,0433,勝沼,exact,0433,a,https://www.data.jma.go.jp/stats/etrn/view/rank_a.php?prec_no=49&block_no=0433&year=&month=&day=&view=
49161,大月,オオツキ,Otsuki,35.608333,138.938333,364,C,11112010,49,0434,大月,exact,0434,a,https://www.data.jma.go.jp/stats/etrn/view/rank_a.php?prec_no=49&block_no=0434&year=&month=&day=&view=
49196,古関,フルセキ,Furuseki,35.528333,138.615,552,C,11112010,49,0436,古関,exact,0436,a,https://www.data.jma.go.jp/stats/etrn/view/rank_a.php?prec_no=49&block_no=0436&year=&month=&day=&view=
49236,切石,キリイシ,Kiriishi,35.466667,138.441667,226,C,11112010,49,1234,切石,exact,1234,a,https://www.data.jma.go.jp/stats/etrn/view/rank_a.php?prec_no=49&block_no=1234&year=&month=&day=&view=
49251,河口湖,カワグチコ,Lake Kawaguchi,35.5,138.76,860,B,11111111,49,47640,河口湖,exact,47640,s,https://www.data.jma.go.jp/stats/etrn/view/rank_s.php?prec_no=49&block_no=47640&year=&month=&day=&view=
49256,山中,ヤマナカ,Yamanaka,35.436667,138.836667,992,C,11112010,49,0438,山中,exact,0438,a,https://www.data.jma.go.jp/stats/etrn/view/rank_a.php?prec_no=49&block_no=0438&year=&month=&day=&view=
49316,南部,ナンブ,Nanbu,35.288333,138.445,141,C,11112010,49,0439,南部,exact,0439,a,https://www.data.jma.go.jp/stats/etrn/view/rank_a.php?prec_no=49&block_no=0439&year=&month=&day=&view=
50066,富士山,フジサン,Mt. Fuji,35.36,138.726667,3775,F,10001011,50,47639,富士山,exact,47639,s,https://www.data.jma.go.jp/stats/etrn/view/rank_s.php?prec_no=50&block_no=47639&year=&month=&day=&view=
50106,井川,イカワ,Ikawa,35.216667,138.221667,755,C,11112010,50,1338,井川,exact,1338,a,https://www.data.jma.go.jp/stats/etrn/view/rank_a.php?prec_no=50&block_no=1338&year=&month=&day=&view=
50136,御殿場,ゴテンバ,Gotenba,35.305,138.926667,472,C,11112010,50,0441,御殿場,exact,0441,a,https://www.data.jma.go.jp/stats/etrn/view/rank_a.php?prec_no=50&block_no=0441&year=&month=&day=&view=
50196,富士,フジ,Fuji,35.185,138.663333,66,C,11112010,50,0442,富士,exact,0442,a,https://www.data.jma.go.jp/stats/etrn/view/rank_a.php?prec_no=50&block_no=0442&year=&month=&day=&view=
50206,三島,ミシマ,Mishima,35.113333,138.925,21,B,11111011,50,47657,三島,exact,47657,s,https://www.data.jma.go.jp/stats/etrn/view/rank_s.php?prec_no=50&block_no=47657&year=&month=&day=&view=
50226,佐久間,サクマ,Sakuma,35.056667,137.761667,150,C,11112010,50,0986,佐久間,exact,0986,a,https://www.data.jma.go.jp/stats/etrn/view/rank_a.php?prec_no=50&block_no=0986&year=&month=&day=&view=
50241,川根本町,カワネホンチョウ,Kawane-Honcho,35.101667,138.128333,290,C,11112010,50,0445,川根本町,exact,0445,a,https://www.data.jma.go.jp/stats/etrn/view/rank_a.php?prec_no=50&block_no=0445&year=&month=&day=&view=
50261,清水,シミズ,Shimizu,35.053333,138.521667,3,C,11112010,50,1243,清水,exact,1243,a,https://www.data.jma.go.jp/stats/etrn/view/rank_a.php?prec_no=50&block_no=1243&year=&month=&day=&view=
50281,網代,アジロ,Ajiro,35.045,139.091667,67,B,11111011,50,47668,網代,exact,47668,s,https://www.data.jma.go.jp/stats/etrn/view/rank_s.php?prec_no=50&block_no=47668&year=&month=&day=&view=
50331,静岡,シズオカ,Shizuoka,34.975,138.403333,14,A,11111111,50,47656,静岡,exact,47656,s,https://www.data.jma.go.jp/stats/etrn/view/rank_s.php?prec_no=50&block_no=47656&year=&month=&day=&view=
50386,天竜,テンリュウ,Tenryu,34.89,137.813333,61,C,11112010,50,0451,天竜,exact,0451,a,https://www.data.jma.go.jp/stats/etrn/view/rank_a.php?prec_no=50&block_no=0451&year=&month=&day=&view=
50456,浜松,ハママツ,Hamamatsu,34.753333,137.711667,46,B,11111011,50,47654,浜松,exact,47654,s,https://www.data.jma.go.jp/stats/etrn/view/rank_s.php?prec_no=50&block_no=47654&year=&month=&day=&view=
50476,菊川牧之原,キクガワマキノハラ,Kikugawa-Makinohara,34.785,138.138333,191,C,11112010,50,1335,菊川牧之原,exact,1335,a,https://www.data.jma.go.jp/stats/etrn/view/rank_a.php?prec_no=50&block_no=1335&year=&month=&day=&view=
50477,静岡空港,シズオカクウコウ：静岡空港,Shizuoka Airport,34.795,138.188333,132,C,11110000,50,1601,静岡空港,exact,1601,a,https://www.data.jma.go.jp/stats/etrn/view/rank_a.php?prec_no=50&block_no=1601&year=&month=&day=&view=
50491,松崎,マツザキ,Matsuzaki,34.755,138.783333,4,C,11112010,50,0456,松崎,exact,0456,a,https://www.data.jma.go.jp/stats/etrn/view/rank_a.php?prec_no=50&block_no=0456&year=&month=&day=&view=
50506,稲取,イナトリ,Inatori,34.781667,139.048333,130,C,11112010,50,0457,稲取,exact,0457,a,https://www.data.jma.go.jp/stats/etrn/view/rank_a.php?prec_no=50&block_no=0457&year=&month=&day=&view=
50536,磐田,イワタ,Iwata,34.691667,137.88,1,C,11112010,50,1244,磐田,exact,1244,a,https://www.data.jma.go.jp/stats/etrn/view/rank_a.php?prec_no=50&block_no=1244&year=&month=&day=&view=
50551,御前崎,オマエザキ,Omaezaki,34.603333,138.213333,45,B,11111011,50,47655,御前崎,exact,47655,s,https://www.data.jma.go.jp/stats/etrn/view/rank_s.php?prec_no=50&block_no=47655&year=&month=&day=&view=
50561,石廊崎,イロウザキ,Irozaki,34.603333,138.841667,52,B,11111011,50,47666,石廊崎,exact,47666,s,https://www.data.jma.go.jp/stats/etrn/view/rank_s.php?prec_no=50&block_no=47666&year=&month=&day=&view=
51031,愛西,アイサイ,Aisai,35.216667,136.698333,5,C,11112010,51,1346,愛西,exact,1346,a,https://www.data.jma.go.jp/stats/etrn/view/rank_a.php?prec_no=51&block_no=1346&year=&month=&day=&view=
51071,稲武,イナブ,Inabu,35.211667,137.506667,505,C,11112010,51,0982,稲武,exact,0982,a,https://www.data.jma.go.jp/stats/etrn/view/rank_a.php?prec_no=51&block_no=0982&year=&month=&day=&view=
51106,名古屋,ナゴヤ,Nagoya,35.166667,136.965,51,A,11111111,51,47636,名古屋,exact,47636,s,https://www.data.jma.go.jp/stats/etrn/view/rank_s.php?prec_no=51&block_no=47636&year=&month=&day=&view=
51116,豊田,トヨタ,Toyota,35.131667,137.176667,75,C,11112010,51,0464,豊田,exact,0464,a,https://www.data.jma.go.jp/stats/etrn/view/rank_a.php?prec_no=51&block_no=0464&year=&month=&day=&view=
51216,大府,オオブ,Obu,34.995,136.943333,32,C,11112010,51,1638,大府,exact,1638,a,https://www.data.jma.go.jp/stats/etrn/view/rank_a.php?prec_no=51&block_no=1638&year=&month=&day=&view=
51226,岡崎,オカザキ,Okazaki,34.918333,137.193333,47,C,11112010,51,0467,岡崎,exact,0467,a,https://www.data.jma.go.jp/stats/etrn/view/rank_a.php?prec_no=51&block_no=0467&year=&month=&day=&view=
51247,新城,シンシロ,Shinshiro,34.906667,137.518333,53,C,11112010,51,1541,新城,exact,1541,a,https://www.data.jma.go.jp/stats/etrn/view/rank_a.php?prec_no=51&block_no=1541&year=&month=&day=&view=
51261,セントレア,セントレア：中部国際空港,Centrair,34.858333,136.805,4,C,11110000,51,1555,セントレア,exact,1555,a,https://www.data.jma.go.jp/stats/etrn/view/rank_a.php?prec_no=51&block_no=1555&year=&month=&day=&view=
51281,蒲郡,ガマゴオリ,Gamagori,34.845,137.216667,55,C,11112010,51,1344,蒲郡,exact,1344,a,https://www.data.jma.go.jp/stats/etrn/view/rank_a.php?prec_no=51&block_no=1344&year=&month=&day=&view=
51311,南知多,ミナミチタ,Minamichita,34.74,136.938333,16,C,11112010,51,0984,南知多,exact,0984,a,https://www.data.jma.go.jp/stats/etrn/view/rank_a.php?prec_no=51&block_no=0984&year=&month=&day=&view=
51331,豊橋,トヨハシ,Toyohashi,34.75,137.341667,3,C,11112010,51,0470,豊橋,exact,0470,a,https://www.data.jma.go.jp/stats/etrn/view/rank_a.php?prec_no=51&block_no=0470&year=&month=&day=&view=
51346,伊良湖,イラコ,Irako,34.628333,137.093333,6,B,11111011,51,47653,伊良湖,exact,47653,s,https://www.data.jma.go.jp/stats/etrn/view/rank_s.php?prec_no=51&block_no=47653&year=&month=&day=&view=
52041,河合,カワイ,Kawai,36.305,137.1,471,C,11112110,52,1308,河合,exact,1308,a,https://www.data.jma.go.jp/stats/etrn/view/rank_a.php?prec_no=52&block_no=1308&year=&month=&day=&view=
52051,神岡,カミオカ,Kamioka,36.321667,137.308333,455,C,11112110,52,0473,神岡,exact,0473,a,https://www.data.jma.go.jp/stats/etrn/view/rank_a.php?prec_no=52&block_no=0473&year=&month=&day=&view=
52081,白川,シラカワ,Shirakawa,36.273333,136.896667,478,C,11112110,52,1306,白川,exact,1306,a,https://www.data.jma.go.jp/stats/etrn/view/rank_a.php?prec_no=52&block_no=1306&year=&month=&day=&view=
52111,栃尾,トチオ,Tochio,36.248333,137.503333,765,C,11112010,52,1061,栃尾,exact,1061,a,https://www.data.jma.go.jp/stats/etrn/view/rank_a.php?prec_no=52&block_no=1061&year=&month=&day=&view=
52146,高山,タカヤマ,Takayama,36.155,137.253333,560,B,11111111,52,47617,高山,exact,47617,s,https://www.data.jma.go.jp/stats/etrn/view/rank_s.php?prec_no=52&block_no=47617&year=&month=&day=&view=
52181,六厩,ムマヤ,Mumaya,36.06,137.035,1015,C,11112010,52,1305,六厩,exact,1305,a,https://www.data.jma.go.jp/stats/etrn/view/rank_a.php?prec_no=52&block_no=1305&year=&month=&day=&view=
52196,宮之前,ミヤノマエ,Miyanomae,36.015,137.388333,930,C,11112010,52,1311,宮之前,exact,1311,a,https://www.data.jma.go.jp/stats/etrn/view/rank_a.php?prec_no=52&block_no=1311&year=&month=&day=&view=
52221,長滝,ナガタキ,Nagataki,35.923333,136.831667,430,C,11112110,52,1299,長滝,exact,1299,a,https://www.data.jma.go.jp/stats/etrn/view/rank_a.php?prec_no=52&block_no=1299&year=&month=&day=&view=
52286,萩原,ハギワラ,Hagiwara,35.888333,137.206667,425,C,11112010,52,0483,萩原,exact,0483,a,https://www.data.jma.go.jp/stats/etrn/view/rank_a.php?prec_no=52&block_no=0483&year=&month=&day=&view=
52331,八幡,ハチマン,Hachiman,35.756667,136.978333,271,C,11112010,52,0485,八幡,exact,0485,a,https://www.data.jma.go.jp/stats/etrn/view/rank_a.php?prec_no=52&block_no=0485&year=&month=&day=&view=
52346,宮地,ミヤジ,Miyaji,35.763333,137.288333,450,C,11112010,52,1066,宮地,exact,1066,a,https://www.data.jma.go.jp/stats/etrn/view/rank_a.php?prec_no=52&block_no=1066&year=&month=&day=&view=
52381,樽見,タルミ,Tarumi,35.638333,136.601667,190,C,11112110,52,0486,樽見,exact,0486,a,https://www.data.jma.go.jp/stats/etrn/view/rank_a.php?prec_no=52&block_no=0486&year=&month=&day=&view=
52406,金山,カナヤマ,Kanayama,35.661667,137.16,233,C,11112010,52,0487,金山,exact,0487,a,https://www.data.jma.go.jp/stats/etrn/view/rank_a.php?prec_no=52&block_no=0487&year=&month=&day=&view=
52461,美濃,ミノ,Mino,35.555,136.91,68,C,11112010,52,1057,美濃,exact,1057,a,https://www.data.jma.go.jp/stats/etrn/view/rank_a.php?prec_no=52&block_no=1057&year=&month=&day=&view=
52482,黒川,クロカワ,Kurokawa,35.598333,137.318333,517,C,11112010,52,1313,黒川,exact,1313,a,https://www.data.jma.go.jp/stats/etrn/view/rank_a.php?prec_no=52&block_no=1313&year=&month=&day=&view=
52511,揖斐川,イビガワ,Ibigawa,35.485,136.566667,45,C,11112010,52,1301,揖斐川,exact,1301,a,https://www.data.jma.go.jp/stats/etrn/view/rank_a.php?prec_no=52&block_no=1301&year=&month=&day=&view=
52536,美濃加茂,ミノカモ,Minokamo,35.445,137.005,74,C,11112010,52,0491,美濃加茂,exact,0491,a,https://www.data.jma.go.jp/stats/etrn/view/rank_a.php?prec_no=52&block_no=0491&year=&month=&day=&view=
52556,恵那,エナ,Ena,35.446667,137.403333,315,C,11112010,52,0493,恵那,exact,0493,a,https://www.data.jma.go.jp/stats/etrn/view/rank_a.php?prec_no=52&block_no=0493&year=&month=&day=&view=
52557,中津川,ナカツガワ,Nakatsugawa,35.476667,137.486667,378,C,11112010,52,0494,中津川,exact,0494,a,https://www.data.jma.go.jp/stats/etrn/view/rank_a.php?prec_no=52&block_no=0494&year=&month=&day=&view=
52571,関ケ原,セキガハラ,Sekigahara,35.363333,136.466667,130,C,11112110,52,0495,関ケ原,exact,0495,a,https://www.data.jma.go.jp/stats/etrn/view/rank_a.php?prec_no=52&block_no=0495&year=&month=&day=&view=
52581,大垣,オオガキ,Ogaki,35.346667,136.62,6,C,11112010,52,0496,大垣,exact,0496,a,https://www.data.jma.go.jp/stats/etrn/view/rank_a.php?prec_no=52&block_no=0496&year=&month=&day=&view=
52586,岐阜,ギフ,Gifu,35.4,136.761667,13,A,11111111,52,47632,岐阜,exact,47632,s,https://www.data.jma.go.jp/stats/etrn/view/rank_s.php?prec_no=52&block_no=47632&year=&month=&day=&view=
52606,多治見,タジミ,Tajimi,35.346667,137.108333,120,C,11112010,52,1058,多治見,exact,1058,a,https://www.data.jma.go.jp/stats/etrn/view/rank_a.php?prec_no=52&block_no=1058&year=&month=&day=&view=
53041,桑名,クワナ,Kuwana,35.05,136.693333,3,C,11112010,53,0500,桑名,exact,0500,a,https://www.data.jma.go.jp/stats/etrn/view/rank_a.php?prec_no=53&block_no=0500&year=&month=&day=&view=
53061,四日市,ヨッカイチ,Yokkaichi,34.94,136.58,55,B,11111011,53,47684,四日市,exact,47684,s,https://www.data.jma.go.jp/stats/etrn/view/rank_s.php?prec_no=53&block_no=47684&year=&month=&day=&view=
53091,亀山,カメヤマ,Kameyama,34.87,136.453333,70,C,11112010,53,0503,亀山,exact,0503,a,https://www.data.jma.go.jp/stats/etrn/view/rank_a.php?prec_no=53&block_no=0503&year=&month=&day=&view=
53112,上野,ウエノ,Ueno,34.761667,136.141667,159,B,11111011,53,47649,上野,exact,47649,s,https://www.data.jma.go.jp/stats/etrn/view/rank_s.php?prec_no=53&block_no=47649&year=&month=&day=&view=
53133,津,ツ,Tsu,34.733333,136.518333,3,A,11111111,53,47651,津,exact,47651,s,https://www.data.jma.go.jp/stats/etrn/view/rank_s.php?prec_no=53&block_no=47651&year=&month=&day=&view=
53196,小俣,オバタ,Obata,34.528333,136.665,10,C,11112010,53,0509,小俣,exact,0509,a,https://www.data.jma.go.jp/stats/etrn/view/rank_a.php?prec_no=53&block_no=0509&year=&month=&day=&view=
53231,粥見,カユミ,Kayumi,34.448333,136.39,120,C,11112010,53,0510,粥見,exact,0510,a,https://www.data.jma.go.jp/stats/etrn/view/rank_a.php?prec_no=53&block_no=0510&year=&month=&day=&view=
53257,鳥羽,トバ,Toba,34.481667,136.825,2,C,11112010,53,1230,鳥羽,exact,1230,a,https://www.data.jma.go.jp/stats/etrn/view/rank_a.php?prec_no=53&block_no=1230&year=&month=&day=&view=
53296,南伊勢,ミナミイセ,Minami-Ise,34.345,136.681667,6,C,11112010,53,1258,南伊勢,exact,1258,a,https://www.data.jma.go.jp/stats/etrn/view/rank_a.php?prec_no=53&block_no=1258&year=&month=&day=&view=
53326,紀伊長島,キイナガシマ,Kii-Nagashima,34.208333,136.326667,3,C,11112010,53,1349,紀伊長島,exact,1349,a,https://www.data.jma.go.jp/stats/etrn/view/rank_a.php?prec_no=53&block_no=1349&year=&month=&day=&view=
53378,尾鷲,オワセ,Owase,34.068333,136.193333,15,B,11111011,53,47663,尾鷲,exact,47663,s,https://www.data.jma.go.jp/stats/etrn/view/rank_s.php?prec_no=53&block_no=47663&year=&month=&day=&view=
53401,熊野新鹿,クマノアタシカ,Kumano-Atashika,33.931667,136.138333,23,C,11112010,53,1532,熊野新鹿,exact,1532,a,https://www.data.jma.go.jp/stats/etrn/view/rank_a.php?prec_no=53&block_no=1532&year=&month=&day=&view=
54012,粟島,アワシマ,Awashima Island,38.465,139.253333,4,C,11112010,54,0995,粟島,exact,0995,a,https://www.data.jma.go.jp/stats/etrn/view/rank_a.php?prec_no=54&block_no=0995&year=&month=&day=&view=
54041,弾崎,ハジキザキ,Hajikizaki,38.33,138.511667,58,C,11112010,54,1315,弾崎,exact,1315,a,https://www.data.jma.go.jp/stats/etrn/view/rank_a.php?prec_no=54&block_no=1315&year=&month=&day=&view=
54086,村上,ムラカミ,Murakami,38.226667,139.478333,10,C,11112010,54,0515,村上,exact,0515,a,https://www.data.jma.go.jp/stats/etrn/view/rank_a.php?prec_no=54&block_no=0515&year=&month=&day=&view=
54157,相川,アイカワ,Aikawa,38.028333,138.24,6,B,11111111,54,47602,相川,exact,47602,s,https://www.data.jma.go.jp/stats/etrn/view/rank_s.php?prec_no=54&block_no=47602&year=&month=&day=&view=
54166,両津,リョウツ,Ryotsu,38.073333,138.44,2,C,11112010,54,0518,両津,exact,0518,a,https://www.data.jma.go.jp/stats/etrn/view/rank_a.php?prec_no=54&block_no=0518&year=&month=&day=&view=
54181,中条,ナカジョウ,Nakajo,38.076667,139.388333,14,C,11112010,54,1318,中条,exact,1318,a,https://www.data.jma.go.jp/stats/etrn/view/rank_a.php?prec_no=54&block_no=1318&year=&month=&day=&view=
54191,下関,シモセキ,Shimoseki,38.091667,139.563333,33,C,11112110,54,1060,下関,exact,1060,a,https://www.data.jma.go.jp/stats/etrn/view/rank_a.php?prec_no=54&block_no=1060&year=&month=&day=&view=
54232,新潟,ニイガタ,Niigata,37.893333,139.018333,4,A,11111111,54,47604,新潟,exact,47604,s,https://www.data.jma.go.jp/stats/etrn/view/rank_s.php?prec_no=54&block_no=47604&year=&month=&day=&view=
54236,松浜,マツハマ：新潟空港,Matsuhama,37.955,139.111667,1,C,11110100,54,1469,松浜,exact,1469,a,https://www.data.jma.go.jp/stats/etrn/view/rank_a.php?prec_no=54&block_no=1469&year=&month=&day=&view=
54271,羽茂,ハモチ,Hamochi,37.841667,138.313333,11,C,11112010,54,0996,羽茂,exact,0996,a,https://www.data.jma.go.jp/stats/etrn/view/rank_a.php?prec_no=54&block_no=0996&year=&month=&day=&view=
54296,新津,ニイツ,Niitsu,37.791667,139.086667,3,C,11112110,54,0521,新津,exact,0521,a,https://www.data.jma.go.jp/stats/etrn/view/rank_a.php?prec_no=54&block_no=0521&year=&month=&day=&view=
54341,巻,マキ,Maki,37.768333,138.913333,2,C,11112010,54,0522,巻,exact,0522,a,https://www.data.jma.go.jp/stats/etrn/view/rank_a.php?prec_no=54&block_no=0522&year=&month=&day=&view=
54387,寺泊,テラドマリ,Teradomari,37.64,138.766667,44,C,11112010,54,0524,寺泊,exact,0524,a,https://www.data.jma.go.jp/stats/etrn/view/rank_a.php?prec_no=54&block_no=0524&year=&month=&day=&view=
54396,三条,サンジョウ,Sanjo,37.64,138.955,9,C,11112010,54,0525,三条,exact,0525,a,https://www.data.jma.go.jp/stats/etrn/view/rank_a.php?prec_no=54&block_no=0525&year=&month=&day=&view=
54421,津川,ツガワ,Tsugawa,37.671667,139.446667,100,C,11112110,54,0527,津川,exact,0527,a,https://www.data.jma.go.jp/stats/etrn/view/rank_a.php?prec_no=54&block_no=0527&year=&month=&day=&view=
54501,長岡,ナガオカ,Nagaoka,37.45,138.823333,23,C,11112110,54,0529,長岡,exact,0529,a,https://www.data.jma.go.jp/stats/etrn/view/rank_a.php?prec_no=54&block_no=0529&year=&month=&day=&view=
54541,柏崎,カシワザキ,Kashiwazaki,37.351667,138.553333,7,C,11112110,54,0532,柏崎,exact,0532,a,https://www.data.jma.go.jp/stats/etrn/view/rank_a.php?prec_no=54&block_no=0532&year=&month=&day=&view=
54566,守門,スモン,Sumon,37.346667,139.043333,222,C,11112110,54,0997,守門,exact,0997,a,https://www.data.jma.go.jp/stats/etrn/view/rank_a.php?prec_no=54&block_no=0997&year=&month=&day=&view=
54586,大潟,オオガタ,Ogata,37.225,138.325,13,C,11112010,54,1302,大潟,exact,1302,a,https://www.data.jma.go.jp/stats/etrn/view/rank_a.php?prec_no=54&block_no=1302&year=&month=&day=&view=
54616,小出,コイデ,Koide,37.226667,138.963333,98,C,11112110,54,0534,小出,exact,0534,a,https://www.data.jma.go.jp/stats/etrn/view/rank_a.php?prec_no=54&block_no=0534&year=&month=&day=&view=
54651,高田,タカダ,Takada,37.106667,138.246667,13,B,11111111,54,47612,高田,exact,47612,s,https://www.data.jma.go.jp/stats/etrn/view/rank_s.php?prec_no=54&block_no=47612&year=&month=&day=&view=
54661,安塚,ヤスヅカ,Yasuzuka,37.106667,138.456667,126,C,11112110,54,0536,安塚,exact,0536,a,https://www.data.jma.go.jp/stats/etrn/view/rank_a.php?prec_no=54&block_no=0536&year=&month=&day=&view=
54676,十日町,トオカマチ,Tokamachi,37.143333,138.726667,170,C,11112110,54,0537,十日町,exact,0537,a,https://www.data.jma.go.jp/stats/etrn/view/rank_a.php?prec_no=54&block_no=0537&year=&month=&day=&view=
54711,糸魚川,イトイガワ,Itoigawa,37.043333,137.875,8,C,11112010,54,0539,糸魚川,exact,0539,a,https://www.data.jma.go.jp/stats/etrn/view/rank_a.php?prec_no=54&block_no=0539&year=&month=&day=&view=
54721,能生,ノウ,Nou,37.083333,138.023333,55,C,11112110,54,0540,能生,exact,0540,a,https://www.data.jma.go.jp/stats/etrn/view/rank_a.php?prec_no=54&block_no=0540&year=&month=&day=&view=
54816,関山,セキヤマ,Sekiyama,36.933333,138.221667,350,C,11112110,54,0998,関山,exact,0998,a,https://www.data.jma.go.jp/stats/etrn/view/rank_a.php?prec_no=54&block_no=0998&year=&month=&day=&view=
54836,津南,ツナン,Tsunan,36.996667,138.683333,452,C,11112110,54,0543,津南,exact,0543,a,https://www.data.jma.go.jp/stats/etrn/view/rank_a.php?prec_no=54&block_no=0543&year=&month=&day=&view=
54841,湯沢,ユザワ,Yuzawa,36.941667,138.81,340,C,11112110,54,0544,湯沢,exact,0544,a,https://www.data.jma.go.jp/stats/etrn/view/rank_a.php?prec_no=54&block_no=0544&year=&month=&day=&view=
55022,朝日,アサヒ,Asahi,36.936667,137.563333,43,C,11112110,55,0546,朝日,exact,0546,a,https://www.data.jma.go.jp/stats/etrn/view/rank_a.php?prec_no=55&block_no=0546&year=&month=&day=&view=
55041,氷見,ヒミ,Himi,36.825,136.968333,1,C,11112110,55,1309,氷見,exact,1309,a,https://www.data.jma.go.jp/stats/etrn/view/rank_a.php?prec_no=55&block_no=1309&year=&month=&day=&view=
55056,魚津,ウオヅ,Uozu,36.821667,137.428333,48,C,11112110,55,0547,魚津,exact,0547,a,https://www.data.jma.go.jp/stats/etrn/view/rank_a.php?prec_no=55&block_no=0547&year=&month=&day=&view=
55091,伏木,フシキ,Fushiki,36.791667,137.055,12,B,11111111,55,47606,伏木,exact,47606,s,https://www.data.jma.go.jp/stats/etrn/view/rank_s.php?prec_no=55&block_no=47606&year=&month=&day=&view=
55102,富山,トヤマ,Toyama,36.708333,137.201667,9,A,11111111,55,47607,富山,exact,47607,s,https://www.data.jma.go.jp/stats/etrn/view/rank_s.php?prec_no=55&block_no=47607&year=&month=&day=&view=
55141,砺波,トナミ,Tonami,36.61,136.955,69,C,11112110,55,0552,砺波,exact,0552,a,https://www.data.jma.go.jp/stats/etrn/view/rank_a.php?prec_no=55&block_no=0552&year=&month=&day=&view=
55151,秋ヶ島,アキガシマ：富山空港,Akigashima,36.648333,137.186667,24,C,11110100,55,1533,秋ヶ島,exact,1533,a,https://www.data.jma.go.jp/stats/etrn/view/rank_a.php?prec_no=55&block_no=1533&year=&month=&day=&view=
55166,上市,カミイチ,Kamiichi,36.67,137.423333,296,C,11112010,55,0553,上市,exact,0553,a,https://www.data.jma.go.jp/stats/etrn/view/rank_a.php?prec_no=55&block_no=0553&year=&month=&day=&view=
55191,南砺高宮,ナントタカミヤ,Nanto-Takamiya,36.545,136.871667,91,C,11112010,55,0554,南砺高宮,exact,0554,a,https://www.data.jma.go.jp/stats/etrn/view/rank_a.php?prec_no=55&block_no=0554&year=&month=&day=&view=
55206,八尾,ヤツオ,Yatsuo,36.57,137.158333,124,C,11112010,55,0555,八尾,exact,0555,a,https://www.data.jma.go.jp/stats/etrn/view/rank_a.php?prec_no=55&block_no=0555&year=&month=&day=&view=
56036,珠洲,スズ,Suzu,37.446667,137.286667,4,C,11112110,56,0560,珠洲,exact,0560,a,https://www.data.jma.go.jp/stats/etrn/view/rank_a.php?prec_no=56&block_no=0560&year=&month=&day=&view=
56052,輪島,ワジマ,Wajima,37.39,136.895,5,B,11111111,56,47600,輪島,exact,47600,s,https://www.data.jma.go.jp/stats/etrn/view/rank_s.php?prec_no=56&block_no=47600&year=&month=&day=&view=
56093,三井,ミイ：能登空港,Mii,37.293333,136.961667,219,C,11110000,56,1544,三井,exact,1544,a,https://www.data.jma.go.jp/stats/etrn/view/rank_a.php?prec_no=56&block_no=1544&year=&month=&day=&view=
56116,志賀,シカ,Shika,37.143333,136.725,6,C,11112010,56,0564,志賀,exact,0564,a,https://www.data.jma.go.jp/stats/etrn/view/rank_a.php?prec_no=56&block_no=0564&year=&month=&day=&view=
56146,七尾,ナナオ,Nanao,37.03,136.991667,58,C,11112110,56,0565,七尾,exact,0565,a,https://www.data.jma.go.jp/stats/etrn/view/rank_a.php?prec_no=56&block_no=0565&year=&month=&day=&view=
56176,羽咋,ハクイ,Hakui,36.893333,136.776667,15,C,11112010,56,0566,羽咋,exact,0566,a,https://www.data.jma.go.jp/stats/etrn/view/rank_a.php?prec_no=56&block_no=0566&year=&month=&day=&view=
56186,かほく,カホク,Kahoku,36.711667,136.691667,42,C,11112010,56,0567,かほく,exact,0567,a,https://www.data.jma.go.jp/stats/etrn/view/rank_a.php?prec_no=56&block_no=0567&year=&month=&day=&view=
56227,金沢,カナザワ,Kanazawa,36.588333,136.633333,6,A,11111111,56,47605,金沢,exact,47605,s,https://www.data.jma.go.jp/stats/etrn/view/rank_s.php?prec_no=56&block_no=47605&year=&month=&day=&view=
56276,小松,コマツ,Komatsu,36.381667,136.435,3,C,11112010,56,1324,小松,exact,1324,a,https://www.data.jma.go.jp/stats/etrn/view/rank_a.php?prec_no=56&block_no=1324&year=&month=&day=&view=
56286,白山河内,ハクサンカワチ,Hakusan-kawachi,36.396667,136.62,136,C,11112110,56,0973,白山河内,exact,0973,a,https://www.data.jma.go.jp/stats/etrn/view/rank_a.php?prec_no=56&block_no=0973&year=&month=&day=&view=
56301,加賀中津原,カガナカツハラ,Kaga-Nakatsuhara,36.261667,136.396667,65,C,11112110,56,0571,加賀中津原,exact,0571,a,https://www.data.jma.go.jp/stats/etrn/view/rank_a.php?prec_no=56&block_no=0571&year=&month=&day=&view=
57001,三国,ミクニ,Mikuni,36.243333,136.173333,34,C,11112010,57,1071,三国,exact,1071,a,https://www.data.jma.go.jp/stats/etrn/view/rank_a.php?prec_no=57&block_no=1071&year=&month=&day=&view=
57026,春江,ハルエ：福井空港,Harue,36.141667,136.223333,5,C,11110000,57,1537,春江,exact,1537,a,https://www.data.jma.go.jp/stats/etrn/view/rank_a.php?prec_no=57&block_no=1537&year=&month=&day=&view=
57051,越廼,コシノ,Koshino,36.011667,135.99,30,C,11112010,57,1316,越廼,exact,1316,a,https://www.data.jma.go.jp/stats/etrn/view/rank_a.php?prec_no=57&block_no=1316&year=&month=&day=&view=
57066,福井,フクイ,Fukui,36.055,136.221667,9,A,11111111,57,47616,福井,exact,47616,s,https://www.data.jma.go.jp/stats/etrn/view/rank_s.php?prec_no=57&block_no=47616&year=&month=&day=&view=
57082,勝山,カツヤマ,Katsuyama,36.038333,136.521667,196,C,11112010,57,1226,勝山,exact,1226,a,https://www.data.jma.go.jp/stats/etrn/view/rank_a.php?prec_no=57&block_no=1226&year=&month=&day=&view=
57121,大野,オオノ,Ono,35.971667,136.496667,182,C,11112110,57,0573,大野,exact,0573,a,https://www.data.jma.go.jp/stats/etrn/view/rank_a.php?prec_no=57&block_no=0573&year=&month=&day=&view=
57206,今庄,イマジョウ,Imajo,35.766667,136.2,128,C,11112110,57,0577,今庄,exact,0577,a,https://www.data.jma.go.jp/stats/etrn/view/rank_a.php?prec_no=57&block_no=0577&year=&month=&day=&view=
57248,敦賀,ツルガ,Tsuruga,35.653333,136.061667,2,B,11111111,57,47631,敦賀,exact,47631,s,https://www.data.jma.go.jp/stats/etrn/view/rank_s.php?prec_no=57&block_no=47631&year=&month=&day=&view=
57286,美浜,ミハマ,Mihama,35.6,135.916667,10,C,11112010,57,1010,美浜,exact,1010,a,https://www.data.jma.go.jp/stats/etrn/view/rank_a.php?prec_no=57&block_no=1010&year=&month=&day=&view=
57317,小浜,オバマ,Obama,35.483333,135.781667,10,C,11112110,57,0579,小浜,exact,0579,a,https://www.data.jma.go.jp/stats/etrn/view/rank_a.php?prec_no=57&block_no=0579&year=&month=&day=&view=
60051,今津,イマヅ,Imazu,35.411667,136.028333,88,C,11112110,60,0580,今津,exact,0580,a,https://www.data.jma.go.jp/stats/etrn/view/rank_a.php?prec_no=60&block_no=0580&year=&month=&day=&view=
60061,長浜,ナガハマ,Nagahama,35.423333,136.241667,95,C,11112010,60,0976,長浜,exact,0976,a,https://www.data.jma.go.jp/stats/etrn/view/rank_a.php?prec_no=60&block_no=0976&year=&month=&day=&view=
60102,米原,マイバラ,Maibara,35.383333,136.343333,147,C,11112110,60,1524,米原,exact,1524,a,https://www.data.jma.go.jp/stats/etrn/view/rank_a.php?prec_no=60&block_no=1524&year=&month=&day=&view=
60116,南小松,ミナミコマツ,Minami-Komatsu,35.235,135.956667,90,C,11112010,60,1083,南小松,exact,1083,a,https://www.data.jma.go.jp/stats/etrn/view/rank_a.php?prec_no=60&block_no=1083&year=&month=&day=&view=
60131,彦根,ヒコネ,Hikone,35.275,136.243333,87,A,11111111,60,47761,彦根,exact,47761,s,https://www.data.jma.go.jp/stats/etrn/view/rank_s.php?prec_no=60&block_no=47761&year=&month=&day=&view=
60196,東近江,ヒガシオウミ,Higashi-Omi,35.061667,136.19,128,C,11112010,60,0963,東近江,exact,0963,a,https://www.data.jma.go.jp/stats/etrn/view/rank_a.php?prec_no=60&block_no=0963&year=&month=&day=&view=
60216,大津,オオツ,Otsu,34.991667,135.911667,86,C,11112110,60,0586,大津,exact,0586,a,https://www.data.jma.go.jp/stats/etrn/view/rank_a.php?prec_no=60&block_no=0586&year=&month=&day=&view=
60226,信楽,シガラキ,Shigaraki,34.913333,136.08,265,C,11112010,60,0964,信楽,exact,0964,a,https://www.data.jma.go.jp/stats/etrn/view/rank_a.php?prec_no=60&block_no=0964&year=&month=&day=&view=
60236,土山,ツチヤマ,Tsuchiyama,34.938333,136.278333,248,C,11112010,60,0587,土山,exact,0587,a,https://www.data.jma.go.jp/stats/etrn/view/rank_a.php?prec_no=60&block_no=0587&year=&month=&day=&view=
61001,間人,タイザ,Taiza,35.736667,135.086667,42,C,11112010,61,0965,間人,exact,0965,a,https://www.data.jma.go.jp/stats/etrn/view/rank_a.php?prec_no=61&block_no=0965&year=&month=&day=&view=
61076,宮津,ミヤヅ,Miyazu,35.55,135.235,2,C,11112010,61,0589,宮津,exact,0589,a,https://www.data.jma.go.jp/stats/etrn/view/rank_a.php?prec_no=61&block_no=0589&year=&month=&day=&view=
61111,舞鶴,マイヅル,Maizuru,35.45,135.316667,2,B,11111111,61,47750,舞鶴,exact,47750,s,https://www.data.jma.go.jp/stats/etrn/view/rank_s.php?prec_no=61&block_no=47750&year=&month=&day=&view=
61187,福知山,フクチヤマ,Fukuchiyama,35.311667,135.113333,17,C,11112010,61,0593,福知山,exact,0593,a,https://www.data.jma.go.jp/stats/etrn/view/rank_a.php?prec_no=61&block_no=0593&year=&month=&day=&view=
61206,美山,ミヤマ,Miyama,35.275,135.55,200,C,11112110,61,1303,美山,exact,1303,a,https://www.data.jma.go.jp/stats/etrn/view/rank_a.php?prec_no=61&block_no=1303&year=&month=&day=&view=
61242,園部,ソノベ,Sonobe,35.108333,135.455,134,C,11112010,61,0596,園部,exact,0596,a,https://www.data.jma.go.jp/stats/etrn/view/rank_a.php?prec_no=61&block_no=0596&year=&month=&day=&view=
61286,京都,キョウト,Kyoto,35.013333,135.731667,41,A,11111111,61,47759,京都,exact,47759,s,https://www.data.jma.go.jp/stats/etrn/view/rank_s.php?prec_no=61&block_no=47759&year=&month=&day=&view=
61326,京田辺,キョウタナベ,Kyotanabe,34.83,135.76,20,C,11112010,61,0598,京田辺,exact,0598,a,https://www.data.jma.go.jp/stats/etrn/view/rank_a.php?prec_no=61&block_no=0598&year=&month=&day=&view=
62016,能勢,ノセ,Nose,34.948333,135.455,235,C,11112010,62,0600,能勢,exact,0600,a,https://www.data.jma.go.jp/stats/etrn/view/rank_a.php?prec_no=62&block_no=0600&year=&month=&day=&view=
62046,枚方,ヒラカタ,Hirakata,34.808333,135.671667,26,C,11112010,62,1065,枚方,exact,1065,a,https://www.data.jma.go.jp/stats/etrn/view/rank_a.php?prec_no=62&block_no=1065&year=&month=&day=&view=
62051,豊中,トヨナカ：大阪国際空港,Toyonaka,34.783333,135.438333,12,C,11110000,62,0602,豊中,exact,0602,a,https://www.data.jma.go.jp/stats/etrn/view/rank_a.php?prec_no=62&block_no=0602&year=&month=&day=&view=
62078,大阪,オオサカ,Osaka,34.681667,135.518333,23,A,11111111,62,47772,大阪,exact,47772,s,https://www.data.jma.go.jp/stats/etrn/view/rank_s.php?prec_no=62&block_no=47772&year=&month=&day=&view=
62081,生駒山,イコマヤマ,Mt. Ikoma,34.675,135.676667,626,C,11112010,62,0604,生駒山,exact,0604,a,https://www.data.jma.go.jp/stats/etrn/view/rank_a.php?prec_no=62&block_no=0604&year=&month=&day=&view=
62091,堺,サカイ,Sakai,34.555,135.485,20,C,11112010,62,1062,堺,exact,1062,a,https://www.data.jma.go.jp/stats/etrn/view/rank_a.php?prec_no=62&block_no=1062&year=&month=&day=&view=
62096,八尾,ヤオ：八尾空港,Yao,34.596667,135.6,10,C,11110000,62,1470,八尾,exact,1470,a,https://www.data.jma.go.jp/stats/etrn/view/rank_a.php?prec_no=62&block_no=1470&year=&month=&day=&view=
62101,関空島,カンクウジマ：関西国際空港,Kanku Island,34.433333,135.231667,5,C,11110000,62,1471,関空島,exact,1471,a,https://www.data.jma.go.jp/stats/etrn/view/rank_a.php?prec_no=62&block_no=1471&year=&month=&day=&view=
62131,熊取,クマトリ,Kumatori,34.385,135.35,68,C,11112010,62,0606,熊取,exact,0606,a,https://www.data.jma.go.jp/stats/etrn/view/rank_a.php?prec_no=62&block_no=0606&year=&month=&day=&view=
63016,香住,カスミ,Kasumi,35.625,134.626667,5,C,11112110,63,0607,香住,exact,0607,a,https://www.data.jma.go.jp/stats/etrn/view/rank_a.php?prec_no=63&block_no=0607&year=&month=&day=&view=
63051,豊岡,トヨオカ,Toyooka,35.535,134.821667,3,B,11111111,63,47747,豊岡,exact,47747,s,https://www.data.jma.go.jp/stats/etrn/view/rank_s.php?prec_no=63&block_no=47747&year=&month=&day=&view=
63071,兎和野高原,ウワノコウゲン,Uwano Highlands,35.431667,134.583333,540,C,11112110,63,0977,兎和野高原,exact,0977,a,https://www.data.jma.go.jp/stats/etrn/view/rank_a.php?prec_no=63&block_no=0977&year=&month=&day=&view=
63121,和田山,ワダヤマ,Wadayama,35.323333,134.848333,80,C,11112110,63,0612,和田山,exact,0612,a,https://www.data.jma.go.jp/stats/etrn/view/rank_a.php?prec_no=63&block_no=0612&year=&month=&day=&view=
63201,生野,イクノ,Ikuno,35.166667,134.791667,320,C,11112010,63,0613,生野,exact,0613,a,https://www.data.jma.go.jp/stats/etrn/view/rank_a.php?prec_no=63&block_no=0613&year=&month=&day=&view=
63216,柏原,カイバラ,Kaibara,35.136667,135.065,98,C,11112010,63,0614,柏原,exact,0614,a,https://www.data.jma.go.jp/stats/etrn/view/rank_a.php?prec_no=63&block_no=0614&year=&month=&day=&view=
63251,一宮,イチノミヤ,Ichinomiya,35.096667,134.585,195,C,11112010,63,0615,一宮,exact,0615,a,https://www.data.jma.go.jp/stats/etrn/view/rank_a.php?prec_no=63&block_no=0615&year=&month=&day=&view=
63321,福崎,フクサキ,Fukusaki,34.95,134.748333,72,C,11112010,63,0968,福崎,exact,0968,a,https://www.data.jma.go.jp/stats/etrn/view/rank_a.php?prec_no=63&block_no=0968&year=&month=&day=&view=
63331,西脇,ニシワキ,Nishiwaki,34.998333,134.996667,72,C,11112010,63,0956,西脇,exact,0956,a,https://www.data.jma.go.jp/stats/etrn/view/rank_a.php?prec_no=63&block_no=0956&year=&month=&day=&view=
63366,上郡,カミゴオリ,Kamigori,34.858333,134.373333,20,C,11112010,63,0619,上郡,exact,0619,a,https://www.data.jma.go.jp/stats/etrn/view/rank_a.php?prec_no=63&block_no=0619&year=&month=&day=&view=
63383,姫路,ヒメジ,Himeji,34.838333,134.67,38,B,11111011,63,47769,姫路,exact,47769,s,https://www.data.jma.go.jp/stats/etrn/view/rank_s.php?prec_no=63&block_no=47769&year=&month=&day=&view=
63411,三田,サンダ,Sanda,34.895,135.211667,150,C,11112010,63,0969,三田,exact,0969,a,https://www.data.jma.go.jp/stats/etrn/view/rank_a.php?prec_no=63&block_no=0969&year=&month=&day=&view=
63461,三木,ミキ,Miki,34.776667,135.013333,145,C,11112010,63,1227,三木,exact,1227,a,https://www.data.jma.go.jp/stats/etrn/view/rank_a.php?prec_no=63&block_no=1227&year=&month=&day=&view=
63491,家島,イエシマ,Ieshima,34.671667,134.526667,88,C,11112010,63,0624,家島,exact,0624,a,https://www.data.jma.go.jp/stats/etrn/view/rank_a.php?prec_no=63&block_no=0624&year=&month=&day=&view=
63496,明石,アカシ,Akashi,34.686667,134.876667,3,C,11112010,63,0625,明石,exact,0625,a,https://www.data.jma.go.jp/stats/etrn/view/rank_a.php?prec_no=63&block_no=0625&year=&month=&day=&view=
63517,神戸空港,コウベクウコウ：神戸空港,Kobe Airport,34.631667,135.223333,5,C,11110000,63,1587,神戸空港,exact,1587,a,https://www.data.jma.go.jp/stats/etrn/view/rank_a.php?prec_no=63&block_no=1587&year=&month=&day=&view=
63518,神戸,コウベ,Kobe,34.696667,135.211667,5,A,11111111,63,47770,神戸,exact,47770,s,https://www.data.jma.go.jp/stats/etrn/view/rank_s.php?prec_no=63&block_no=47770&year=&month=&day=&view=
63551,郡家,グンゲ,Gunge,34.466667,134.848333,5,C,11112010,63,0970,郡家,exact,0970,a,https://www.data.jma.go.jp/stats/etrn/view/rank_a.php?prec_no=63&block_no=0970&year=&month=&day=&view=
63571,洲本,スモト,Sumoto,34.31,134.848333,69,B,11111011,63,47776,洲本,exact,47776,s,https://www.data.jma.go.jp/stats/etrn/view/rank_s.php?prec_no=63&block_no=47776&year=&month=&day=&view=
63588,南淡,ナンダン,Nandan,34.218333,134.72,5,C,11112010,63,1337,南淡,exact,1337,a,https://www.data.jma.go.jp/stats/etrn/view/rank_a.php?prec_no=63&block_no=1337&year=&month=&day=&view=
64036,奈良,ナラ,Nara,34.673333,135.836667,102,A,11111111,64,47780,奈良,exact,47780,s,https://www.data.jma.go.jp/stats/etrn/view/rank_s.php?prec_no=64&block_no=47780&year=&month=&day=&view=
64041,針,ハリ,Hari,34.605,135.951667,468,C,11112010,64,0630,針,exact,0630,a,https://www.data.jma.go.jp/stats/etrn/view/rank_a.php?prec_no=64&block_no=0630&year=&month=&day=&view=
64101,大宇陀,オオウダ,Ouda,34.488333,135.931667,349,C,11112010,64,0633,大宇陀,exact,0633,a,https://www.data.jma.go.jp/stats/etrn/view/rank_a.php?prec_no=64&block_no=0633&year=&month=&day=&view=
64127,五條,ゴジョウ,Gojo,34.38,135.73,190,C,11112010,64,0635,五條,exact,0635,a,https://www.data.jma.go.jp/stats/etrn/view/rank_a.php?prec_no=64&block_no=0635&year=&month=&day=&view=
64206,上北山,カミキタヤマ,Kamikitayama,34.136667,136.005,334,C,11112010,64,0957,上北山,exact,0957,a,https://www.data.jma.go.jp/stats/etrn/view/rank_a.php?prec_no=64&block_no=0957&year=&month=&day=&view=
64227,風屋,カゼヤ,Kazeya,34.045,135.786667,301,C,11112010,64,1228,風屋,exact,1228,a,https://www.data.jma.go.jp/stats/etrn/view/rank_a.php?prec_no=64&block_no=1228&year=&month=&day=&view=
65026,かつらぎ,カツラギ,Katsuragi,34.31,135.528333,142,C,11112010,65,1342,かつらぎ,exact,1342,a,https://www.data.jma.go.jp/stats/etrn/view/rank_a.php?prec_no=65&block_no=1342&year=&month=&day=&view=
65036,友ケ島,トモガシマ,Tomogashima Island,34.28,134.998333,44,C,11112010,65,1457,友ケ島,exact,1457,a,https://www.data.jma.go.jp/stats/etrn/view/rank_a.php?prec_no=65&block_no=1457&year=&month=&day=&view=
65042,和歌山,ワカヤマ,Wakayama,34.228333,135.163333,14,A,11111111,65,47777,和歌山,exact,47777,s,https://www.data.jma.go.jp/stats/etrn/view/rank_s.php?prec_no=65&block_no=47777&year=&month=&day=&view=
65061,高野山,コウヤサン,Koyasan,34.221667,135.59,801,C,11112010,65,0645,高野山,exact,0645,a,https://www.data.jma.go.jp/stats/etrn/view/rank_a.php?prec_no=65&block_no=0645&year=&month=&day=&view=
65121,清水,シミズ,Shimizu,34.086667,135.425,240,C,11112010,65,1063,清水,exact,1063,a,https://www.data.jma.go.jp/stats/etrn/view/rank_a.php?prec_no=65&block_no=1063&year=&month=&day=&view=
65162,龍神,リュウジン,Ryujin,33.945,135.556667,410,C,11112010,65,1089,龍神,exact,1089,a,https://www.data.jma.go.jp/stats/etrn/view/rank_a.php?prec_no=65&block_no=1089&year=&month=&day=&view=
65201,川辺,カワベ,Kawabe,33.893333,135.216667,84,C,11112010,65,1485,川辺,exact,1485,a,https://www.data.jma.go.jp/stats/etrn/view/rank_a.php?prec_no=65&block_no=1485&year=&month=&day=&view=
65256,栗栖川,クリスガワ,Kurisugawa,33.791667,135.513333,160,C,11112010,65,0971,栗栖川,exact,0971,a,https://www.data.jma.go.jp/stats/etrn/view/rank_a.php?prec_no=65&block_no=0971&year=&month=&day=&view=
65276,新宮,シングウ,Shingu,33.686667,135.97,18,C,11112010,65,0649,新宮,exact,0649,a,https://www.data.jma.go.jp/stats/etrn/view/rank_a.php?prec_no=65&block_no=0649&year=&month=&day=&view=
65288,南紀白浜,ナンキシラハマ：南紀白浜空港,Nanki-Shirahama,33.661667,135.363333,89,C,11110000,65,1589,南紀白浜,exact,1589,a,https://www.data.jma.go.jp/stats/etrn/view/rank_a.php?prec_no=65&block_no=1589&year=&month=&day=&view=
65306,西川,ニシカワ,Nishikawa,33.638333,135.71,150,C,11112010,65,1347,西川,exact,1347,a,https://www.data.jma.go.jp/stats/etrn/view/rank_a.php?prec_no=65&block_no=1347&year=&month=&day=&view=
65356,潮岬,シオノミサキ,Cape Shiono,33.45,135.756667,68,B,11111011,65,47778,潮岬,exact,47778,s,https://www.data.jma.go.jp/stats/etrn/view/rank_s.php?prec_no=65&block_no=47778&year=&month=&day=&view=
66046,上長田,カミナガタ,Kaminagata,35.296667,133.725,430,C,11112110,66,1328,上長田,exact,1328,a,https://www.data.jma.go.jp/stats/etrn/view/rank_a.php?prec_no=66&block_no=1328&year=&month=&day=&view=
66091,千屋,チヤ,Chiya,35.103333,133.435,525,C,11112110,66,1330,千屋,exact,1330,a,https://www.data.jma.go.jp/stats/etrn/view/rank_a.php?prec_no=66&block_no=1330&year=&month=&day=&view=
66127,奈義,ナギ,Nagi,35.111667,134.17,212,C,11112010,66,1140,奈義,exact,1140,a,https://www.data.jma.go.jp/stats/etrn/view/rank_a.php?prec_no=66&block_no=1140&year=&month=&day=&view=
66136,今岡,イマオカ,Imaoka,35.098333,134.325,207,C,11112110,66,0655,今岡,exact,0655,a,https://www.data.jma.go.jp/stats/etrn/view/rank_a.php?prec_no=66&block_no=0655&year=&month=&day=&view=
66171,久世,クセ,Kuse,35.068333,133.753333,144,C,11112010,66,0656,久世,exact,0656,a,https://www.data.jma.go.jp/stats/etrn/view/rank_a.php?prec_no=66&block_no=0656&year=&month=&day=&view=
66186,津山,ツヤマ,Tsuyama,35.063333,134.008333,146,B,11111111,66,47756,津山,exact,47756,s,https://www.data.jma.go.jp/stats/etrn/view/rank_s.php?prec_no=66&block_no=47756&year=&month=&day=&view=
66221,新見,ニイミ,Niimi,34.943333,133.518333,393,C,11112010,66,0658,新見,exact,0658,a,https://www.data.jma.go.jp/stats/etrn/view/rank_a.php?prec_no=66&block_no=0658&year=&month=&day=&view=
66296,福渡,フクワタリ,Fukuwatari,34.866667,133.903333,63,C,11112010,66,0663,福渡,exact,0663,a,https://www.data.jma.go.jp/stats/etrn/view/rank_a.php?prec_no=66&block_no=0663&year=&month=&day=&view=
66306,和気,ワケ,Wake,34.815,134.183333,35,C,11112010,66,0664,和気,exact,0664,a,https://www.data.jma.go.jp/stats/etrn/view/rank_a.php?prec_no=66&block_no=0664&year=&month=&day=&view=
66336,高梁,タカハシ,Takahashi,34.791667,133.61,60,C,11112010,66,0930,高梁,exact,0930,a,https://www.data.jma.go.jp/stats/etrn/view/rank_a.php?prec_no=66&block_no=0930&year=&month=&day=&view=
66346,日応寺,ニチオウジ：岡山空港,Nichioji,34.756667,133.855,239,C,11110000,66,1531,日応寺,exact,1531,a,https://www.data.jma.go.jp/stats/etrn/view/rank_a.php?prec_no=66&block_no=1531&year=&month=&day=&view=
66408,岡山,オカヤマ,Okayama,34.685,133.925,5,A,11111111,66,47768,岡山,exact,47768,s,https://www.data.jma.go.jp/stats/etrn/view/rank_s.php?prec_no=66&block_no=47768&year=&month=&day=&view=
66421,虫明,ムシアゲ,Mushiage,34.681667,134.206667,10,C,11112010,66,0668,虫明,exact,0668,a,https://www.data.jma.go.jp/stats/etrn/view/rank_a.php?prec_no=66&block_no=0668&year=&month=&day=&view=
66446,倉敷,クラシキ,Kurashiki,34.59,133.768333,3,C,11112010,66,0669,倉敷,exact,0669,a,https://www.data.jma.go.jp/stats/etrn/view/rank_a.php?prec_no=66&block_no=0669&year=&month=&day=&view=
66481,笠岡,カサオカ,Kasaoka,34.501667,133.495,0,C,11112010,66,0919,笠岡,exact,0919,a,https://www.data.jma.go.jp/stats/etrn/view/rank_a.php?prec_no=66&block_no=0919&year=&month=&day=&view=
66501,玉野,タマノ,Tamano,34.486667,133.95,2,C,11112010,66,0670,玉野,exact,0670,a,https://www.data.jma.go.jp/stats/etrn/view/rank_a.php?prec_no=66&block_no=0670&year=&month=&day=&view=
67016,高野,タカノ,Takano,35.033333,132.901667,570,C,11112110,67,0947,高野,exact,0947,a,https://www.data.jma.go.jp/stats/etrn/view/rank_a.php?prec_no=67&block_no=0947&year=&month=&day=&view=
67106,三次,ミヨシ,Miyoshi,34.811667,132.85,159,C,11112010,67,0674,三次,exact,0674,a,https://www.data.jma.go.jp/stats/etrn/view/rank_a.php?prec_no=67&block_no=0674&year=&month=&day=&view=
67116,庄原,ショウバラ,Shobara,34.86,133.023333,300,C,11112010,67,0675,庄原,exact,0675,a,https://www.data.jma.go.jp/stats/etrn/view/rank_a.php?prec_no=67&block_no=0675&year=&month=&day=&view=
67151,大朝,オオアサ,Oasa,34.768333,132.463333,399,C,11112110,67,0676,大朝,exact,0676,a,https://www.data.jma.go.jp/stats/etrn/view/rank_a.php?prec_no=67&block_no=0676&year=&month=&day=&view=
67191,油木,ユキ,Yuki,34.763333,133.278333,510,C,11112010,67,1325,油木,exact,1325,a,https://www.data.jma.go.jp/stats/etrn/view/rank_a.php?prec_no=67&block_no=1325&year=&month=&day=&view=
67212,加計,カケ,Kake,34.61,132.32,210,C,11112010,67,0677,加計,exact,0677,a,https://www.data.jma.go.jp/stats/etrn/view/rank_a.php?prec_no=67&block_no=0677&year=&month=&day=&view=
67292,三入,ミイリ,Miiri,34.545,132.53,70,C,11112010,67,0950,三入,exact,0950,a,https://www.data.jma.go.jp/stats/etrn/view/rank_a.php?prec_no=67&block_no=0950&year=&month=&day=&view=
67316,世羅,セラ,Sera,34.583333,133.05,350,C,11112010,67,0681,世羅,exact,0681,a,https://www.data.jma.go.jp/stats/etrn/view/rank_a.php?prec_no=67&block_no=0681&year=&month=&day=&view=
67326,府中,フチュウ,Fuchu,34.561667,133.231667,70,C,11112010,67,0951,府中,exact,0951,a,https://www.data.jma.go.jp/stats/etrn/view/rank_a.php?prec_no=67&block_no=0951&year=&month=&day=&view=
67376,東広島,ヒガシヒロシマ,Higashi-Hiroshima,34.416667,132.7,224,C,11112010,67,0683,東広島,exact,0683,a,https://www.data.jma.go.jp/stats/etrn/view/rank_a.php?prec_no=67&block_no=0683&year=&month=&day=&view=
67386,本郷,ホンゴウ：広島空港,Hongo,34.435,132.918333,331,C,11110000,67,1472,本郷,exact,1472,a,https://www.data.jma.go.jp/stats/etrn/view/rank_a.php?prec_no=67&block_no=1472&year=&month=&day=&view=
67401,福山,フクヤマ,Fukuyama,34.446667,133.246667,2,B,11111011,67,47767,福山,exact,47767,s,https://www.data.jma.go.jp/stats/etrn/view/rank_s.php?prec_no=67&block_no=47767&year=&month=&day=&view=
67421,廿日市津田,ハツカイチツタ,Hatsukaichi-Tsuta,34.365,132.19,317,C,11112010,67,1326,廿日市津田,exact,1326,a,https://www.data.jma.go.jp/stats/etrn/view/rank_a.php?prec_no=67&block_no=1326&year=&month=&day=&view=
67437,広島,ヒロシマ,Hiroshima,34.398333,132.461667,4,A,11111111,67,47765,広島,exact,47765,s,https://www.data.jma.go.jp/stats/etrn/view/rank_s.php?prec_no=67&block_no=47765&year=&month=&day=&view=
67461,竹原,タケハラ,Takehara,34.33,132.981667,5,C,11112010,67,0686,竹原,exact,0686,a,https://www.data.jma.go.jp/stats/etrn/view/rank_a.php?prec_no=67&block_no=0686&year=&month=&day=&view=
67471,生口島,イクチジマ,Ikuchijima  Island,34.278333,133.123333,3,C,11112010,67,0687,生口島,exact,0687,a,https://www.data.jma.go.jp/stats/etrn/view/rank_a.php?prec_no=67&block_no=0687&year=&month=&day=&view=
67496,大竹,オオタケ,Otake,34.221667,132.22,1,C,11112010,67,0688,大竹,exact,0688,a,https://www.data.jma.go.jp/stats/etrn/view/rank_a.php?prec_no=67&block_no=0688&year=&month=&day=&view=
67511,呉,クレ,Kure,34.24,132.55,4,B,11111011,67,47766,呉,exact,47766,s,https://www.data.jma.go.jp/stats/etrn/view/rank_s.php?prec_no=67&block_no=47766&year=&month=&day=&view=
67576,呉市蒲刈,クレシカマガリ,"Kamagari, Kure City",34.165,132.748333,48,C,11112010,67,1606,呉市蒲刈,exact,1606,a,https://www.data.jma.go.jp/stats/etrn/view/rank_a.php?prec_no=67&block_no=1606&year=&month=&day=&view=
68022,西郷,サイゴウ,Saigo,36.203333,133.333333,27,B,11111111,68,47740,西郷,exact,47740,s,https://www.data.jma.go.jp/stats/etrn/view/rank_s.php?prec_no=68&block_no=47740&year=&month=&day=&view=
68046,西郷岬,サイゴウミサキ：隠岐空港,Cape Saigo,36.178333,133.323333,80,C,11110000,68,1473,西郷岬,exact,1473,a,https://www.data.jma.go.jp/stats/etrn/view/rank_a.php?prec_no=68&block_no=1473&year=&month=&day=&view=
68056,海士,アマ,Ama,36.096667,133.096667,3,C,11112010,68,1307,海士,exact,1307,a,https://www.data.jma.go.jp/stats/etrn/view/rank_a.php?prec_no=68&block_no=1307&year=&month=&day=&view=
68091,鹿島,カシマ,Kashima,35.52,132.983333,3,C,11112010,68,0693,鹿島,exact,0693,a,https://www.data.jma.go.jp/stats/etrn/view/rank_a.php?prec_no=68&block_no=0693&year=&month=&day=&view=
68121,斐川,ヒカワ：出雲空港,Hikawa,35.413333,132.89,2,C,11110100,68,0694,斐川,exact,0694,a,https://www.data.jma.go.jp/stats/etrn/view/rank_a.php?prec_no=68&block_no=0694&year=&month=&day=&view=
68132,松江,マツエ,Matsue,35.456667,133.065,17,A,11111111,68,47741,松江,exact,47741,s,https://www.data.jma.go.jp/stats/etrn/view/rank_s.php?prec_no=68&block_no=47741&year=&month=&day=&view=
68156,出雲,イズモ,Izumo,35.331667,132.73,20,C,11112010,68,1310,出雲,exact,1310,a,https://www.data.jma.go.jp/stats/etrn/view/rank_a.php?prec_no=68&block_no=1310&year=&month=&day=&view=
68246,大田,オオダ,Oda,35.19,132.496667,30,C,11112010,68,0697,大田,exact,0697,a,https://www.data.jma.go.jp/stats/etrn/view/rank_a.php?prec_no=68&block_no=0697&year=&month=&day=&view=
68261,掛合,カケヤ,Kakeya,35.196667,132.815,215,C,11112010,68,0698,掛合,exact,0698,a,https://www.data.jma.go.jp/stats/etrn/view/rank_a.php?prec_no=68&block_no=0698&year=&month=&day=&view=
68276,横田,ヨコタ,Yokota,35.173333,133.103333,369,C,11112110,68,0699,横田,exact,0699,a,https://www.data.jma.go.jp/stats/etrn/view/rank_a.php?prec_no=68&block_no=0699&year=&month=&day=&view=
68306,赤名,アカナ,Akana,35.001667,132.711667,444,C,11112110,68,1320,赤名,exact,1320,a,https://www.data.jma.go.jp/stats/etrn/view/rank_a.php?prec_no=68&block_no=1320&year=&month=&day=&view=
68351,川本,カワモト,Kawamoto,34.976667,132.491667,132,C,11112010,68,0701,川本,exact,0701,a,https://www.data.jma.go.jp/stats/etrn/view/rank_a.php?prec_no=68&block_no=0701&year=&month=&day=&view=
68376,浜田,ハマダ,Hamada,34.896667,132.07,19,B,11111011,68,47755,浜田,exact,47755,s,https://www.data.jma.go.jp/stats/etrn/view/rank_s.php?prec_no=68&block_no=47755&year=&month=&day=&view=
68401,瑞穂,ミズホ,Mizuho,34.853333,132.53,327,C,11112110,68,1094,瑞穂,exact,1094,a,https://www.data.jma.go.jp/stats/etrn/view/rank_a.php?prec_no=68&block_no=1094&year=&month=&day=&view=
68431,弥栄,ヤサカ,Yasaka,34.776667,132.108333,380,C,11112110,68,1321,弥栄,exact,1321,a,https://www.data.jma.go.jp/stats/etrn/view/rank_a.php?prec_no=68&block_no=1321&year=&month=&day=&view=
68456,高津,タカツ：石見空港,Takatsu,34.675,131.79,54,C,11110000,68,1474,高津,exact,1474,a,https://www.data.jma.go.jp/stats/etrn/view/rank_a.php?prec_no=68&block_no=1474&year=&month=&day=&view=
68462,益田,マスダ,Masuda,34.686667,131.85,22,C,11112010,68,0704,益田,exact,0704,a,https://www.data.jma.go.jp/stats/etrn/view/rank_a.php?prec_no=68&block_no=0704&year=&month=&day=&view=
68516,津和野,ツワノ,Tsuwano,34.461667,131.77,165,C,11112010,68,0707,津和野,exact,0707,a,https://www.data.jma.go.jp/stats/etrn/view/rank_a.php?prec_no=68&block_no=0707&year=&month=&day=&view=
68541,吉賀,ヨシカ,Yoshika,34.391667,131.893333,250,C,11112010,68,1592,吉賀,exact,1592,a,https://www.data.jma.go.jp/stats/etrn/view/rank_a.php?prec_no=68&block_no=1592&year=&month=&day=&view=
69006,境,サカイ,Sakai,35.543333,133.235,2,B,11111111,69,47742,境,exact,47742,s,https://www.data.jma.go.jp/stats/etrn/view/rank_s.php?prec_no=69&block_no=47742&year=&month=&day=&view=
69021,塩津,シオツ,Shiotsu,35.523333,133.566667,15,C,11112010,69,1231,塩津,exact,1231,a,https://www.data.jma.go.jp/stats/etrn/view/rank_a.php?prec_no=69&block_no=1231&year=&month=&day=&view=
69041,青谷,アオヤ,Aoya,35.52,133.996667,13,C,11112010,69,0709,青谷,exact,0709,a,https://www.data.jma.go.jp/stats/etrn/view/rank_a.php?prec_no=69&block_no=0709&year=&month=&day=&view=
69052,湖山,コヤマ：鳥取空港,Koyama,35.53,134.165,15,C,11110000,69,1519,湖山,exact,1519,a,https://www.data.jma.go.jp/stats/etrn/view/rank_a.php?prec_no=69&block_no=1519&year=&month=&day=&view=
69061,岩井,イワイ,Iwai,35.558333,134.36,19,C,11112010,69,0711,岩井,exact,0711,a,https://www.data.jma.go.jp/stats/etrn/view/rank_a.php?prec_no=69&block_no=0711&year=&month=&day=&view=
69076,米子,ヨナゴ,Yonago,35.433333,133.338333,7,B,11111111,69,47744,米子,exact,47744,s,https://www.data.jma.go.jp/stats/etrn/view/rank_s.php?prec_no=69&block_no=47744&year=&month=&day=&view=
69101,倉吉,クラヨシ,Kurayoshi,35.473333,133.838333,8,C,11112110,69,0713,倉吉,exact,0713,a,https://www.data.jma.go.jp/stats/etrn/view/rank_a.php?prec_no=69&block_no=0713&year=&month=&day=&view=
69122,鳥取,トットリ,Tottori,35.486667,134.238333,7,A,11111111,69,47746,鳥取,exact,47746,s,https://www.data.jma.go.jp/stats/etrn/view/rank_s.php?prec_no=69&block_no=47746&year=&month=&day=&view=
69246,智頭,チズ,Chizu,35.263333,134.24,182,C,11112110,69,0718,智頭,exact,0718,a,https://www.data.jma.go.jp/stats/etrn/view/rank_a.php?prec_no=69&block_no=0718&year=&month=&day=&view=
69271,茶屋,チャヤ,Chaya,35.186667,133.23,490,C,11112010,69,1304,茶屋,exact,1304,a,https://www.data.jma.go.jp/stats/etrn/view/rank_a.php?prec_no=69&block_no=1304&year=&month=&day=&view=
71066,池田,イケダ,Ikeda,34.023333,133.795,214,C,11112010,71,0720,池田,exact,0720,a,https://www.data.jma.go.jp/stats/etrn/view/rank_a.php?prec_no=71&block_no=0720&year=&month=&day=&view=
71087,穴吹,アナブキ,Anabuki,34.04,134.156667,160,C,11112010,71,0972,穴吹,exact,0972,a,https://www.data.jma.go.jp/stats/etrn/view/rank_a.php?prec_no=71&block_no=0972&year=&month=&day=&view=
71106,徳島,トクシマ,Tokushima,34.066667,134.573333,2,A,11111111,71,47895,徳島,exact,47895,s,https://www.data.jma.go.jp/stats/etrn/view/rank_s.php?prec_no=71&block_no=47895&year=&month=&day=&view=
71192,東祖谷,ヒガシイヤ,Higashiiya,33.87,133.978333,781,C,11112010,71,1677,東祖谷,exact,1677,a,https://www.data.jma.go.jp/stats/etrn/view/rank_a.php?prec_no=71&block_no=1677&year=&month=&day=&view=
71231,蒲生田,カモダ,Kamoda,33.836667,134.741667,10,C,11112010,71,1242,蒲生田,exact,1242,a,https://www.data.jma.go.jp/stats/etrn/view/rank_a.php?prec_no=71&block_no=1242&year=&month=&day=&view=
71251,木頭,キトウ,Kito,33.771667,134.198333,363,C,11112010,71,1352,木頭,exact,1352,a,https://www.data.jma.go.jp/stats/etrn/view/rank_a.php?prec_no=71&block_no=1352&year=&month=&day=&view=
71266,日和佐,ヒワサ,Hiwasa,33.731667,134.538333,3,C,11112010,71,0724,日和佐,exact,0724,a,https://www.data.jma.go.jp/stats/etrn/view/rank_a.php?prec_no=71&block_no=0724&year=&month=&day=&view=
71291,海陽,カイヨウ,Kaiyo,33.611667,134.355,5,C,11112010,71,1604,海陽,exact,1604,a,https://www.data.jma.go.jp/stats/etrn/view/rank_a.php?prec_no=71&block_no=1604&year=&month=&day=&view=
72061,内海,ウチノミ,Uchinomi,34.471667,134.273333,20,C,11112010,72,0726,内海,exact,0726,a,https://www.data.jma.go.jp/stats/etrn/view/rank_a.php?prec_no=72&block_no=0726&year=&month=&day=&view=
72086,高松,タカマツ,Takamatsu,34.318333,134.053333,9,A,11111111,72,47891,高松,exact,47891,s,https://www.data.jma.go.jp/stats/etrn/view/rank_s.php?prec_no=72&block_no=47891&year=&month=&day=&view=
72111,多度津,タドツ,Tadotsu,34.275,133.751667,4,B,11111011,72,47890,多度津,exact,47890,s,https://www.data.jma.go.jp/stats/etrn/view/rank_s.php?prec_no=72&block_no=47890&year=&month=&day=&view=
72121,滝宮,タキノミヤ,Takinomiya,34.236667,133.923333,60,C,11112010,72,0729,滝宮,exact,0729,a,https://www.data.jma.go.jp/stats/etrn/view/rank_a.php?prec_no=72&block_no=0729&year=&month=&day=&view=
72126,香南,コウナン：高松空港,Konan,34.213333,134.015,185,C,11110000,72,1475,香南,exact,1475,a,https://www.data.jma.go.jp/stats/etrn/view/rank_a.php?prec_no=72&block_no=1475&year=&month=&day=&view=
72146,引田,ヒケタ,Hiketa,34.213333,134.406667,12,C,11112010,72,0730,引田,exact,0730,a,https://www.data.jma.go.jp/stats/etrn/view/rank_a.php?prec_no=72&block_no=0730&year=&month=&day=&view=
72161,財田,サイタ,Saita,34.12,133.771667,65,C,11112010,72,1239,財田,exact,1239,a,https://www.data.jma.go.jp/stats/etrn/view/rank_a.php?prec_no=72&block_no=1239&year=&month=&day=&view=
73001,大三島,オオミシマ,Omishima,34.25,133.006667,9,C,11112010,73,0732,大三島,exact,0732,a,https://www.data.jma.go.jp/stats/etrn/view/rank_a.php?prec_no=73&block_no=0732&year=&month=&day=&view=
73076,今治,イマバリ,Imabari,34.053333,132.975,27,C,11112010,73,1077,今治,exact,1077,a,https://www.data.jma.go.jp/stats/etrn/view/rank_a.php?prec_no=73&block_no=1077&year=&month=&day=&view=
73126,西条,サイジョウ,Saijo,33.915,133.08,4,C,11112010,73,0958,西条,exact,0958,a,https://www.data.jma.go.jp/stats/etrn/view/rank_a.php?prec_no=73&block_no=0958&year=&month=&day=&view=
73141,新居浜,ニイハマ,Niihama,33.936667,133.338333,90,C,11112010,73,0734,新居浜,exact,0734,a,https://www.data.jma.go.jp/stats/etrn/view/rank_a.php?prec_no=73&block_no=0734&year=&month=&day=&view=
73151,四国中央,シコクチュウオウ,Shikoku-Chuo,33.981667,133.581667,75,C,11112010,73,0735,四国中央,exact,0735,a,https://www.data.jma.go.jp/stats/etrn/view/rank_a.php?prec_no=73&block_no=0735&year=&month=&day=&view=
73166,松山,マツヤマ,Matsuyama,33.843333,132.776667,32,A,11111111,73,47887,松山,exact,47887,s,https://www.data.jma.go.jp/stats/etrn/view/rank_s.php?prec_no=73&block_no=47887&year=&month=&day=&view=
73168,松山南吉田,マツヤマミナミヨシダ：松山空港,Matsuyama-Minamiyoshida,33.826667,132.698333,4,C,11110000,73,1521,松山南吉田,exact,1521,a,https://www.data.jma.go.jp/stats/etrn/view/rank_a.php?prec_no=73&block_no=1521&year=&month=&day=&view=
73256,長浜,ナガハマ,Nagahama,33.616667,132.48,4,C,11112010,73,0739,長浜,exact,0739,a,https://www.data.jma.go.jp/stats/etrn/view/rank_a.php?prec_no=73&block_no=0739&year=&month=&day=&view=
73276,久万,クマ,Kuma,33.663333,132.895,511,C,11112010,73,0741,久万,exact,0741,a,https://www.data.jma.go.jp/stats/etrn/view/rank_a.php?prec_no=73&block_no=0741&year=&month=&day=&view=
73306,大洲,オオズ,Ozu,33.508333,132.535,20,C,11112010,73,0959,大洲,exact,0959,a,https://www.data.jma.go.jp/stats/etrn/view/rank_a.php?prec_no=73&block_no=0959&year=&month=&day=&view=
73341,瀬戸,セト,Seto,33.446667,132.256667,143,C,11112010,73,1456,瀬戸,exact,1456,a,https://www.data.jma.go.jp/stats/etrn/view/rank_a.php?prec_no=73&block_no=1456&year=&month=&day=&view=
73406,宇和,ウワ,Uwa,33.366667,132.503333,200,C,11112010,73,0961,宇和,exact,0961,a,https://www.data.jma.go.jp/stats/etrn/view/rank_a.php?prec_no=73&block_no=0961&year=&month=&day=&view=
73442,宇和島,ウワジマ,Uwajima,33.226667,132.551667,2,B,11111011,73,47892,宇和島,exact,47892,s,https://www.data.jma.go.jp/stats/etrn/view/rank_s.php?prec_no=73&block_no=47892&year=&month=&day=&view=
73446,近永,チカナガ,Chikanaga,33.253333,132.675,129,C,11112010,73,1350,近永,exact,1350,a,https://www.data.jma.go.jp/stats/etrn/view/rank_a.php?prec_no=73&block_no=1350&year=&month=&day=&view=
73516,御荘,ミショウ,Misho,32.963333,132.57,12,C,11112010,73,0745,御荘,exact,0745,a,https://www.data.jma.go.jp/stats/etrn/view/rank_a.php?prec_no=73&block_no=0745&year=&month=&day=&view=
74056,本川,ホンガワ,Hongawa,33.765,133.338333,605,C,11112010,74,1351,本川,exact,1351,a,https://www.data.jma.go.jp/stats/etrn/view/rank_a.php?prec_no=74&block_no=1351&year=&month=&day=&view=
74071,本山,モトヤマ,Motoyama,33.753333,133.575,252,C,11112010,74,0746,本山,exact,0746,a,https://www.data.jma.go.jp/stats/etrn/view/rank_a.php?prec_no=74&block_no=0746&year=&month=&day=&view=
74136,大栃,オオドチ,Odochi,33.698333,133.875,210,C,11112010,74,1229,大栃,exact,1229,a,https://www.data.jma.go.jp/stats/etrn/view/rank_a.php?prec_no=74&block_no=1229&year=&month=&day=&view=
74182,高知,コウチ,Kochi,33.566667,133.548333,1,A,11111111,74,47893,高知,exact,47893,s,https://www.data.jma.go.jp/stats/etrn/view/rank_s.php?prec_no=74&block_no=47893&year=&month=&day=&view=
74187,後免,ゴメン,Gomen,33.59,133.643333,12,C,11112010,74,1249,後免,exact,1249,a,https://www.data.jma.go.jp/stats/etrn/view/rank_a.php?prec_no=74&block_no=1249&year=&month=&day=&view=
74188,南国日章,ナンコクニッショウ：高知空港,Nankoku-Nissho,33.545,133.668333,9,C,11110000,74,1476,南国日章,exact,1476,a,https://www.data.jma.go.jp/stats/etrn/view/rank_a.php?prec_no=74&block_no=1476&year=&month=&day=&view=
74271,安芸,アキ,Aki,33.488333,133.933333,6,C,11112010,74,0755,安芸,exact,0755,a,https://www.data.jma.go.jp/stats/etrn/view/rank_a.php?prec_no=74&block_no=0755&year=&month=&day=&view=
74296,梼原,ユスハラ,Yusuhara,33.39,132.921667,415,C,11112010,74,0921,梼原,exact,0921,a,https://www.data.jma.go.jp/stats/etrn/view/rank_a.php?prec_no=74&block_no=0921&year=&month=&day=&view=
74311,須崎,スサキ,Susaki,33.385,133.276667,4,C,11112010,74,0756,須崎,exact,0756,a,https://www.data.jma.go.jp/stats/etrn/view/rank_a.php?prec_no=74&block_no=0756&year=&month=&day=&view=
74361,窪川,クボカワ,Kubokawa,33.206667,133.128333,205,C,11112010,74,0758,窪川,exact,0758,a,https://www.data.jma.go.jp/stats/etrn/view/rank_a.php?prec_no=74&block_no=0758&year=&month=&day=&view=
74372,室戸岬,ムロトミサキ,Cape Muroto,33.251667,134.176667,185,B,11111011,74,47899,室戸岬,exact,47899,s,https://www.data.jma.go.jp/stats/etrn/view/rank_s.php?prec_no=74&block_no=47899&year=&month=&day=&view=
74381,江川崎,エカワサキ,Ekawasaki,33.17,132.791667,72,C,11112010,74,1235,江川崎,exact,1235,a,https://www.data.jma.go.jp/stats/etrn/view/rank_a.php?prec_no=74&block_no=1235&year=&month=&day=&view=
74436,佐賀,サガ,Saga,33.078333,133.101667,3,C,11112010,74,1233,佐賀,exact,1233,a,https://www.data.jma.go.jp/stats/etrn/view/rank_a.php?prec_no=74&block_no=1233&year=&month=&day=&view=
74447,宿毛,スクモ,Sukumo,32.905,132.716667,21,B,11111011,74,47897,宿毛,exact,47897,s,https://www.data.jma.go.jp/stats/etrn/view/rank_s.php?prec_no=74&block_no=47897&year=&month=&day=&view=
74456,中村,ナカムラ,Nakamura,32.99,132.92,8,C,11112010,74,0763,中村,exact,0763,a,https://www.data.jma.go.jp/stats/etrn/view/rank_a.php?prec_no=74&block_no=0763&year=&month=&day=&view=
74516,清水,シミズ,Shimizu,32.721667,133.01,31,B,11111011,74,47898,清水,exact,47898,s,https://www.data.jma.go.jp/stats/etrn/view/rank_s.php?prec_no=74&block_no=47898&year=&month=&day=&view=
81011,須佐,スサ,Susa,34.615,131.623333,50,C,11112010,81,0765,須佐,exact,0765,a,https://www.data.jma.go.jp/stats/etrn/view/rank_a.php?prec_no=81&block_no=0765&year=&month=&day=&view=
81071,萩,ハギ,Hagi,34.41,131.405,2,B,11111011,81,47754,萩,exact,47754,s,https://www.data.jma.go.jp/stats/etrn/view/rank_s.php?prec_no=81&block_no=47754&year=&month=&day=&view=
81116,油谷,ユヤ,Yuya,34.37,131.055,20,C,11112010,81,0939,油谷,exact,0939,a,https://www.data.jma.go.jp/stats/etrn/view/rank_a.php?prec_no=81&block_no=0939&year=&month=&day=&view=
81151,徳佐,トクサ,Tokusa,34.398333,131.725,310,C,11112010,81,0767,徳佐,exact,0767,a,https://www.data.jma.go.jp/stats/etrn/view/rank_a.php?prec_no=81&block_no=0767&year=&month=&day=&view=
81196,秋吉台,アキヨシダイ,Akiyoshidai,34.235,131.306667,240,C,11112010,81,0769,秋吉台,exact,0769,a,https://www.data.jma.go.jp/stats/etrn/view/rank_a.php?prec_no=81&block_no=0769&year=&month=&day=&view=
81231,広瀬,ヒロセ,Hirose,34.261667,131.951667,97,C,11112010,81,0771,広瀬,exact,0771,a,https://www.data.jma.go.jp/stats/etrn/view/rank_a.php?prec_no=81&block_no=0771&year=&month=&day=&view=
81266,豊田,トヨタ,Toyota,34.186667,131.076667,40,C,11112010,81,0772,豊田,exact,0772,a,https://www.data.jma.go.jp/stats/etrn/view/rank_a.php?prec_no=81&block_no=0772&year=&month=&day=&view=
81286,山口,ヤマグチ,Yamaguchi,34.161667,131.461667,18,B,11111111,81,47784,山口,exact,47784,s,https://www.data.jma.go.jp/stats/etrn/view/rank_s.php?prec_no=81&block_no=47784&year=&month=&day=&view=
81321,岩国,イワクニ,Iwakuni,34.155,132.178333,41,C,11112010,81,0940,岩国,exact,0940,a,https://www.data.jma.go.jp/stats/etrn/view/rank_a.php?prec_no=81&block_no=0940&year=&month=&day=&view=
81371,防府,ホウフ,Hofu,34.04,131.533333,4,C,11112010,81,0775,防府,exact,0775,a,https://www.data.jma.go.jp/stats/etrn/view/rank_a.php?prec_no=81&block_no=0775&year=&month=&day=&view=
81386,下松,クダマツ,Kudamatsu,34.01,131.871667,27,C,11112010,81,0776,下松,exact,0776,a,https://www.data.jma.go.jp/stats/etrn/view/rank_a.php?prec_no=81&block_no=0776&year=&month=&day=&view=
81397,玖珂,クガ,Kuga,34.095,132.075,68,C,11112010,81,0913,玖珂,exact,0913,a,https://www.data.jma.go.jp/stats/etrn/view/rank_a.php?prec_no=81&block_no=0913&year=&month=&day=&view=
81428,下関,シモノセキ,Shimonoseki,33.948333,130.925,3,A,11111111,81,47762,下関,exact,47762,s,https://www.data.jma.go.jp/stats/etrn/view/rank_s.php?prec_no=81&block_no=47762&year=&month=&day=&view=
81436,宇部,ウベ：山口宇部空港,Ube,33.93,131.278333,5,C,11110000,81,0778,宇部,exact,0778,a,https://www.data.jma.go.jp/stats/etrn/view/rank_a.php?prec_no=81&block_no=0778&year=&month=&day=&view=
81481,柳井,ヤナイ,Yanai,33.958333,132.113333,3,C,11112010,81,0942,柳井,exact,0942,a,https://www.data.jma.go.jp/stats/etrn/view/rank_a.php?prec_no=81&block_no=0942&year=&month=&day=&view=
81486,安下庄,アゲノショウ,Agenosho,33.903333,132.293333,5,C,11112010,81,0779,安下庄,exact,0779,a,https://www.data.jma.go.jp/stats/etrn/view/rank_a.php?prec_no=81&block_no=0779&year=&month=&day=&view=
82046,宗像,ムナカタ,Munakata,33.808333,130.538333,7,C,11112010,82,0943,宗像,exact,0943,a,https://www.data.jma.go.jp/stats/etrn/view/rank_a.php?prec_no=82&block_no=0943&year=&month=&day=&view=
82056,八幡,ヤハタ,Yahata,33.851667,130.743333,20,C,11112010,82,0780,八幡,exact,0780,a,https://www.data.jma.go.jp/stats/etrn/view/rank_a.php?prec_no=82&block_no=0780&year=&month=&day=&view=
82068,空港北町,クウコウキタマチ：北九州空港,Kukokitamachi,33.845,131.035,7,C,11110000,82,1590,空港北町,exact,1590,a,https://www.data.jma.go.jp/stats/etrn/view/rank_a.php?prec_no=82&block_no=1590&year=&month=&day=&view=
82101,行橋,ユクハシ,Yukuhashi,33.713333,130.975,9,C,11112010,82,0782,行橋,exact,0782,a,https://www.data.jma.go.jp/stats/etrn/view/rank_a.php?prec_no=82&block_no=0782&year=&month=&day=&view=
82136,飯塚,イイヅカ,Iizuka,33.651667,130.693333,37,B,11111011,82,47809,飯塚,exact,47809,s,https://www.data.jma.go.jp/stats/etrn/view/rank_s.php?prec_no=82&block_no=47809&year=&month=&day=&view=
82171,前原,マエバル,Maebaru,33.56,130.19,5,C,11112010,82,0785,前原,exact,0785,a,https://www.data.jma.go.jp/stats/etrn/view/rank_a.php?prec_no=82&block_no=0785&year=&month=&day=&view=
82182,福岡,フクオカ,Fukuoka,33.581667,130.375,3,A,11111111,82,47807,福岡,exact,47807,s,https://www.data.jma.go.jp/stats/etrn/view/rank_s.php?prec_no=82&block_no=47807&year=&month=&day=&view=
82186,博多,ハカタ：福岡空港,Hakata,33.583333,130.451667,9,C,11110000,82,1477,博多,exact,1477,a,https://www.data.jma.go.jp/stats/etrn/view/rank_a.php?prec_no=82&block_no=1477&year=&month=&day=&view=
82191,太宰府,ダザイフ,Dazaifu,33.496667,130.49,52,C,11112010,82,1141,太宰府,exact,1141,a,https://www.data.jma.go.jp/stats/etrn/view/rank_a.php?prec_no=82&block_no=1141&year=&month=&day=&view=
82206,添田,ソエダ,Soeda,33.558333,130.855,92,C,11112010,82,1046,添田,exact,1046,a,https://www.data.jma.go.jp/stats/etrn/view/rank_a.php?prec_no=82&block_no=1046&year=&month=&day=&view=
82261,朝倉,アサクラ,Asakura,33.406667,130.695,38,C,11112010,82,0788,朝倉,exact,0788,a,https://www.data.jma.go.jp/stats/etrn/view/rank_a.php?prec_no=82&block_no=0788&year=&month=&day=&view=
82306,久留米,クルメ,Kurume,33.303333,130.493333,7,C,11112010,82,0790,久留米,exact,0790,a,https://www.data.jma.go.jp/stats/etrn/view/rank_a.php?prec_no=82&block_no=0790&year=&month=&day=&view=
82317,黒木,クロギ,Kurogi,33.225,130.645,144,C,11112010,82,0792,黒木,exact,0792,a,https://www.data.jma.go.jp/stats/etrn/view/rank_a.php?prec_no=82&block_no=0792&year=&month=&day=&view=
82361,大牟田,オオムタ,Omuta,33.006667,130.466667,40,C,11112010,82,0793,大牟田,exact,0793,a,https://www.data.jma.go.jp/stats/etrn/view/rank_a.php?prec_no=82&block_no=0793&year=&month=&day=&view=
83021,国見,クニミ,Kunimi,33.678333,131.575,53,C,11112010,83,1137,国見,exact,1137,a,https://www.data.jma.go.jp/stats/etrn/view/rank_a.php?prec_no=83&block_no=1137&year=&month=&day=&view=
83051,中津,ナカツ,Nakatsu,33.586667,131.245,12,C,11112010,83,0794,中津,exact,0794,a,https://www.data.jma.go.jp/stats/etrn/view/rank_a.php?prec_no=83&block_no=0794&year=&month=&day=&view=
83061,豊後高田,ブンゴタカダ,Bungo-Takada,33.57,131.433333,5,C,11112010,83,0795,豊後高田,exact,0795,a,https://www.data.jma.go.jp/stats/etrn/view/rank_a.php?prec_no=83&block_no=0795&year=&month=&day=&view=
83106,院内,インナイ,Innai,33.42,131.316667,90,C,11112010,83,0931,院内,exact,0931,a,https://www.data.jma.go.jp/stats/etrn/view/rank_a.php?prec_no=83&block_no=0931&year=&month=&day=&view=
83121,杵築,キツキ,Kitsuki,33.416667,131.596667,5,C,11112010,83,1237,杵築,exact,1237,a,https://www.data.jma.go.jp/stats/etrn/view/rank_a.php?prec_no=83&block_no=1237&year=&month=&day=&view=
83126,武蔵,ムサシ：大分空港,Musashi,33.478333,131.736667,5,C,11110000,83,0796,武蔵,exact,0796,a,https://www.data.jma.go.jp/stats/etrn/view/rank_a.php?prec_no=83&block_no=0796&year=&month=&day=&view=
83137,日田,ヒタ,Hita,33.321667,130.928333,83,B,11111011,83,47814,日田,exact,47814,s,https://www.data.jma.go.jp/stats/etrn/view/rank_s.php?prec_no=83&block_no=47814&year=&month=&day=&view=
83191,玖珠,クス,Kusu,33.291667,131.155,331,C,11112010,83,0932,玖珠,exact,0932,a,https://www.data.jma.go.jp/stats/etrn/view/rank_a.php?prec_no=83&block_no=0932&year=&month=&day=&view=
83201,湯布院,ユフイン,Yufuin,33.253333,131.346667,435,C,11112010,83,0799,湯布院,exact,0799,a,https://www.data.jma.go.jp/stats/etrn/view/rank_a.php?prec_no=83&block_no=0799&year=&month=&day=&view=
83216,大分,オオイタ,Oita,33.235,131.618333,5,A,11111111,83,47815,大分,exact,47815,s,https://www.data.jma.go.jp/stats/etrn/view/rank_s.php?prec_no=83&block_no=47815&year=&month=&day=&view=
83341,犬飼,イヌカイ,Inukai,33.065,131.631667,121,C,11112010,83,0805,犬飼,exact,0805,a,https://www.data.jma.go.jp/stats/etrn/view/rank_a.php?prec_no=83&block_no=0805&year=&month=&day=&view=
83371,竹田,タケタ,Taketa,32.973333,131.398333,261,C,11112010,83,0806,竹田,exact,0806,a,https://www.data.jma.go.jp/stats/etrn/view/rank_a.php?prec_no=83&block_no=0806&year=&month=&day=&view=
83401,佐伯,サイキ,Saiki,32.95,131.901667,2,C,11112010,83,0808,佐伯,exact,0808,a,https://www.data.jma.go.jp/stats/etrn/view/rank_a.php?prec_no=83&block_no=0808&year=&month=&day=&view=
83431,宇目,ウメ,Ume,32.845,131.675,200,C,11112010,83,1142,宇目,exact,1142,a,https://www.data.jma.go.jp/stats/etrn/view/rank_a.php?prec_no=83&block_no=1142&year=&month=&day=&view=
83476,蒲江,カマエ,Kamae,32.795,131.923333,2,C,11112010,83,0810,蒲江,exact,0810,a,https://www.data.jma.go.jp/stats/etrn/view/rank_a.php?prec_no=83&block_no=0810&year=&month=&day=&view=
84012,鰐浦,ワニウラ,Waniura,34.698333,129.445,63,C,11112010,84,1453,鰐浦,exact,1453,a,https://www.data.jma.go.jp/stats/etrn/view/rank_a.php?prec_no=84&block_no=1453&year=&month=&day=&view=
84072,厳原,イヅハラ,Izuhara,34.196667,129.291667,5,B,11111011,84,47800,厳原,exact,47800,s,https://www.data.jma.go.jp/stats/etrn/view/rank_s.php?prec_no=84&block_no=47800&year=&month=&day=&view=
84076,美津島,ミツシマ：対馬空港,Mitsushima,34.285,129.33,63,C,11110000,84,1538,美津島,exact,1538,a,https://www.data.jma.go.jp/stats/etrn/view/rank_a.php?prec_no=84&block_no=1538&year=&month=&day=&view=
84121,芦辺,アシベ,Ashibe,33.8,129.721667,97,C,11112010,84,1144,芦辺,exact,1144,a,https://www.data.jma.go.jp/stats/etrn/view/rank_a.php?prec_no=84&block_no=1144&year=&month=&day=&view=
84122,石田,イシダ：壱岐空港,Ishida,33.748333,129.785,12,C,11110000,84,1478,石田,exact,1478,a,https://www.data.jma.go.jp/stats/etrn/view/rank_a.php?prec_no=84&block_no=1478&year=&month=&day=&view=
84171,平戸,ヒラド,Hirado,33.36,129.55,58,B,11111011,84,47805,平戸,exact,47805,s,https://www.data.jma.go.jp/stats/etrn/view/rank_s.php?prec_no=84&block_no=47805&year=&month=&day=&view=
84183,松浦,マツウラ,Matsuura,33.341667,129.711667,14,C,11112010,84,0814,松浦,exact,0814,a,https://www.data.jma.go.jp/stats/etrn/view/rank_a.php?prec_no=84&block_no=0814&year=&month=&day=&view=
84266,佐世保,サセボ,Sasebo,33.158333,129.726667,4,B,11111011,84,47812,佐世保,exact,47812,s,https://www.data.jma.go.jp/stats/etrn/view/rank_s.php?prec_no=84&block_no=47812&year=&month=&day=&view=
84306,西海,サイカイ,Saikai,33.013333,129.651667,18,C,11112010,84,1672,西海,exact,1672,a,https://www.data.jma.go.jp/stats/etrn/view/rank_a.php?prec_no=84&block_no=1672&year=&month=&day=&view=
84341,有川,アリカワ,Arikawa,32.981667,129.118333,11,C,11112010,84,1138,有川,multiple_selected_largest,"1080,1138",a,https://www.data.jma.go.jp/stats/etrn/view/rank_a.php?prec_no=84&block_no=1138&year=&month=&day=&view=
84371,大村,オオムラ：長崎空港,Omura,32.916667,129.913333,3,C,11110000,84,1084,大村,exact,1084,a,https://www.data.jma.go.jp/stats/etrn/view/rank_a.php?prec_no=84&block_no=1084&year=&month=&day=&view=
84496,長崎,ナガサキ,Nagasaki,32.733333,129.866667,27,A,11111111,84,47817,長崎,exact,47817,s,https://www.data.jma.go.jp/stats/etrn/view/rank_s.php?prec_no=84&block_no=47817&year=&month=&day=&view=
84519,雲仙岳,ウンゼンダケ,Mt. Unzen,32.736667,130.261667,678,B,11111011,84,47818,雲仙岳,exact,47818,s,https://www.data.jma.go.jp/stats/etrn/view/rank_s.php?prec_no=84&block_no=47818&year=&month=&day=&view=
84523,島原,シマバラ,Shimabara,32.76,130.361667,14,C,11112010,84,0962,島原,exact,0962,a,https://www.data.jma.go.jp/stats/etrn/view/rank_a.php?prec_no=84&block_no=0962&year=&month=&day=&view=
84536,福江,フクエ,Fukue,32.693333,128.826667,25,B,11111011,84,47843,福江,exact,47843,s,https://www.data.jma.go.jp/stats/etrn/view/rank_s.php?prec_no=84&block_no=47843&year=&month=&day=&view=
84537,上大津,カミオオヅ：福江空港,Kami-Ozu,32.665,128.831667,77,C,11110000,84,1479,上大津,exact,1479,a,https://www.data.jma.go.jp/stats/etrn/view/rank_a.php?prec_no=84&block_no=1479&year=&month=&day=&view=
84561,口之津,クチノツ,Kuchinotsu,32.611667,130.193333,13,C,11112010,84,0922,口之津,exact,0922,a,https://www.data.jma.go.jp/stats/etrn/view/rank_a.php?prec_no=84&block_no=0922&year=&month=&day=&view=
84597,脇岬,ワキミサキ,Wakimisaki,32.581667,129.776667,4,C,11112010,84,1670,脇岬,exact,1670,a,https://www.data.jma.go.jp/stats/etrn/view/rank_a.php?prec_no=84&block_no=1670&year=&month=&day=&view=
85033,唐津,カラツ,Karatsu,33.458333,129.955,23,C,11112010,85,1610,唐津,exact,1610,a,https://www.data.jma.go.jp/stats/etrn/view/rank_a.php?prec_no=85&block_no=1610&year=&month=&day=&view=
85116,伊万里,イマリ,Imari,33.266667,129.878333,25,C,11112010,85,1075,伊万里,exact,1075,a,https://www.data.jma.go.jp/stats/etrn/view/rank_a.php?prec_no=85&block_no=1075&year=&month=&day=&view=
85142,佐賀,サガ,Saga,33.265,130.305,6,A,11111111,85,47813,佐賀,exact,47813,s,https://www.data.jma.go.jp/stats/etrn/view/rank_s.php?prec_no=85&block_no=47813&year=&month=&day=&view=
85161,嬉野,ウレシノ,Ureshino,33.116667,129.995,81,C,11112010,85,0830,嬉野,exact,0830,a,https://www.data.jma.go.jp/stats/etrn/view/rank_a.php?prec_no=85&block_no=0830&year=&month=&day=&view=
85166,白石,シロイシ,Shiroishi,33.183333,130.148333,2,C,11112010,85,0829,白石,exact,0829,a,https://www.data.jma.go.jp/stats/etrn/view/rank_a.php?prec_no=85&block_no=0829&year=&month=&day=&view=
85176,川副,カワソエ：佐賀空港,Kawasoe,33.148333,130.301667,2,C,11110000,85,1480,川副,exact,1480,a,https://www.data.jma.go.jp/stats/etrn/view/rank_a.php?prec_no=85&block_no=1480&year=&month=&day=&view=
86006,鹿北,カホク,Kahoku,33.115,130.691667,119,C,11112010,86,0832,鹿北,exact,0832,a,https://www.data.jma.go.jp/stats/etrn/view/rank_a.php?prec_no=86&block_no=0832&year=&month=&day=&view=
86066,南小国,ミナミオグニ,Minami-Oguni,33.103333,131.066667,448,C,11112010,86,0833,南小国,exact,0833,a,https://www.data.jma.go.jp/stats/etrn/view/rank_a.php?prec_no=86&block_no=0833&year=&month=&day=&view=
86086,岱明,タイメイ,Taimei,32.915,130.511667,15,C,11112010,86,0834,岱明,exact,0834,a,https://www.data.jma.go.jp/stats/etrn/view/rank_a.php?prec_no=86&block_no=0834&year=&month=&day=&view=
86101,菊池,キクチ,Kikuchi,32.945,130.781667,83,C,11112010,86,0835,菊池,exact,0835,a,https://www.data.jma.go.jp/stats/etrn/view/rank_a.php?prec_no=86&block_no=0835&year=&month=&day=&view=
86111,阿蘇乙姫,アソオトヒメ,Aso-Otohime,32.946667,131.04,487,C,11112010,86,1240,阿蘇乙姫,exact,1240,a,https://www.data.jma.go.jp/stats/etrn/view/rank_a.php?prec_no=86&block_no=1240&year=&month=&day=&view=
86141,熊本,クマモト,Kumamoto,32.813333,130.706667,38,A,11111111,86,47819,熊本,exact,47819,s,https://www.data.jma.go.jp/stats/etrn/view/rank_s.php?prec_no=86&block_no=47819&year=&month=&day=&view=
86146,益城,マシキ：熊本空港,Mashiki,32.836667,130.855,193,C,11110000,86,0923,益城,exact,0923,a,https://www.data.jma.go.jp/stats/etrn/view/rank_a.php?prec_no=86&block_no=0923&year=&month=&day=&view=
86157,南阿蘇,ミナミアソ,Minami-Aso,32.831667,131.013333,394,C,11112110,86,1660,南阿蘇,exact,1660,a,https://www.data.jma.go.jp/stats/etrn/view/rank_a.php?prec_no=86&block_no=1660&year=&month=&day=&view=
86161,高森,タカモリ,Takamori,32.821667,131.125,555,C,11112010,86,0840,高森,exact,0840,a,https://www.data.jma.go.jp/stats/etrn/view/rank_a.php?prec_no=86&block_no=0840&year=&month=&day=&view=
86216,三角,ミスミ,Misumi,32.611667,130.478333,60,C,11112010,86,1081,三角,exact,1081,a,https://www.data.jma.go.jp/stats/etrn/view/rank_a.php?prec_no=86&block_no=1081&year=&month=&day=&view=
86236,甲佐,コウサ,Kosa,32.671667,130.816667,52,C,11112010,86,0842,甲佐,exact,0842,a,https://www.data.jma.go.jp/stats/etrn/view/rank_a.php?prec_no=86&block_no=0842&year=&month=&day=&view=
86271,松島,マツシマ,Matsushima,32.515,130.446667,2,C,11112010,86,0843,松島,exact,0843,a,https://www.data.jma.go.jp/stats/etrn/view/rank_a.php?prec_no=86&block_no=0843&year=&month=&day=&view=
86316,本渡,ホンド,Hondo,32.468333,130.18,30,C,11112010,86,0845,本渡,exact,0845,a,https://www.data.jma.go.jp/stats/etrn/view/rank_a.php?prec_no=86&block_no=0845&year=&month=&day=&view=
86336,八代,ヤツシロ,Yatsushiro,32.473333,130.606667,8,C,11112010,86,0846,八代,exact,0846,a,https://www.data.jma.go.jp/stats/etrn/view/rank_a.php?prec_no=86&block_no=0846&year=&month=&day=&view=
86451,水俣,ミナマタ,Minamata,32.205,130.406667,6,C,11112010,86,0924,水俣,exact,0924,a,https://www.data.jma.go.jp/stats/etrn/view/rank_a.php?prec_no=86&block_no=0924&year=&month=&day=&view=
86467,人吉,ヒトヨシ,Hitoyoshi,32.216667,130.755,146,B,11111011,86,47824,人吉,exact,47824,s,https://www.data.jma.go.jp/stats/etrn/view/rank_s.php?prec_no=86&block_no=47824&year=&month=&day=&view=
86477,上,ウエ,Ue,32.225,130.905,166,C,11112010,86,0926,上,exact,0926,a,https://www.data.jma.go.jp/stats/etrn/view/rank_a.php?prec_no=86&block_no=0926&year=&month=&day=&view=
86491,牛深,ウシブカ,Ushibuka,32.196667,130.026667,3,B,11111011,86,47838,牛深,exact,47838,s,https://www.data.jma.go.jp/stats/etrn/view/rank_s.php?prec_no=86&block_no=47838&year=&month=&day=&view=
87041,高千穂,タカチホ,Takachiho,32.711667,131.29,350,C,11112010,87,0852,高千穂,exact,0852,a,https://www.data.jma.go.jp/stats/etrn/view/rank_a.php?prec_no=87&block_no=0852&year=&month=&day=&view=
87066,古江,フルエ,Furue,32.711667,131.82,14,C,11112010,87,1135,古江,exact,1135,a,https://www.data.jma.go.jp/stats/etrn/view/rank_a.php?prec_no=87&block_no=1135&year=&month=&day=&view=
87071,鞍岡,クラオカ,Kuraoka,32.643333,131.156667,590,C,11112010,87,1348,鞍岡,exact,1348,a,https://www.data.jma.go.jp/stats/etrn/view/rank_a.php?prec_no=87&block_no=1348&year=&month=&day=&view=
87141,延岡,ノベオカ,Nobeoka,32.581667,131.656667,19,B,11111011,87,47822,延岡,exact,47822,s,https://www.data.jma.go.jp/stats/etrn/view/rank_s.php?prec_no=87&block_no=47822&year=&month=&day=&view=
87181,日向,ヒュウガ,Hyuga,32.408333,131.6,20,C,11112010,87,0857,日向,exact,0857,a,https://www.data.jma.go.jp/stats/etrn/view/rank_a.php?prec_no=87&block_no=0857&year=&month=&day=&view=
87206,神門,ミカド,Mikado,32.385,131.331667,250,C,11112010,87,1353,神門,exact,1353,a,https://www.data.jma.go.jp/stats/etrn/view/rank_a.php?prec_no=87&block_no=1353&year=&month=&day=&view=
87231,西米良,ニシメラ,Nishimera,32.24,131.151667,260,C,11112010,87,1345,西米良,exact,1345,a,https://www.data.jma.go.jp/stats/etrn/view/rank_a.php?prec_no=87&block_no=1345&year=&month=&day=&view=
87293,高鍋,タカナベ,Takanabe,32.123333,131.475,57,C,11112010,87,0859,高鍋,exact,0859,a,https://www.data.jma.go.jp/stats/etrn/view/rank_a.php?prec_no=87&block_no=0859&year=&month=&day=&view=
87301,加久藤,カクトウ,Kakuto,32.046667,130.81,228,C,11112010,87,0860,加久藤,exact,0860,a,https://www.data.jma.go.jp/stats/etrn/view/rank_a.php?prec_no=87&block_no=0860&year=&month=&day=&view=
87331,西都,サイト,Saito,32.063333,131.413333,8,C,11112010,87,0861,西都,exact,0861,a,https://www.data.jma.go.jp/stats/etrn/view/rank_a.php?prec_no=87&block_no=0861&year=&month=&day=&view=
87352,小林,コバヤシ,Kobayashi,32.0,130.953333,276,C,11112010,87,0863,小林,exact,0863,a,https://www.data.jma.go.jp/stats/etrn/view/rank_a.php?prec_no=87&block_no=0863&year=&month=&day=&view=
87376,宮崎,ミヤザキ,Miyazaki,31.938333,131.413333,9,A,11111111,87,47830,宮崎,exact,47830,s,https://www.data.jma.go.jp/stats/etrn/view/rank_s.php?prec_no=87&block_no=47830&year=&month=&day=&view=
87406,田野,タノ,Tano,31.843333,131.308333,134,C,11112010,87,1663,田野,exact,1663,a,https://www.data.jma.go.jp/stats/etrn/view/rank_a.php?prec_no=87&block_no=1663&year=&month=&day=&view=
87412,赤江,アカエ：宮崎空港,Akae,31.876667,131.448333,6,C,11110000,87,1481,赤江,exact,1481,a,https://www.data.jma.go.jp/stats/etrn/view/rank_a.php?prec_no=87&block_no=1481&year=&month=&day=&view=
87426,都城,ミヤコノジョウ,Miyakonojo,31.73,131.081667,154,B,11111011,87,47829,都城,exact,47829,s,https://www.data.jma.go.jp/stats/etrn/view/rank_s.php?prec_no=87&block_no=47829&year=&month=&day=&view=
87492,油津,アブラツ,Aburatsu,31.578333,131.406667,3,B,11111011,87,47835,油津,exact,47835,s,https://www.data.jma.go.jp/stats/etrn/view/rank_s.php?prec_no=87&block_no=47835&year=&month=&day=&view=
87501,串間,クシマ,Kushima,31.465,131.22,20,C,11112010,87,0872,串間,exact,0872,a,https://www.data.jma.go.jp/stats/etrn/view/rank_a.php?prec_no=87&block_no=0872&year=&month=&day=&view=
88061,阿久根,アクネ,Akune,32.026667,130.2,40,B,11111011,88,47823,阿久根,exact,47823,s,https://www.data.jma.go.jp/stats/etrn/view/rank_s.php?prec_no=88&block_no=47823&year=&month=&day=&view=
88081,大口,オオクチ,Okuchi,32.046667,130.626667,175,C,11112010,88,0875,大口,exact,0875,a,https://www.data.jma.go.jp/stats/etrn/view/rank_a.php?prec_no=88&block_no=0875&year=&month=&day=&view=
88107,さつま柏原,サツマカシワバル,Satsuma-Kashiwabaru,31.916667,130.455,59,C,11112010,88,0878,さつま柏原,exact,0878,a,https://www.data.jma.go.jp/stats/etrn/view/rank_a.php?prec_no=88&block_no=0878&year=&month=&day=&view=
88131,中甑,ナカコシキ,Nakakoshiki,31.835,129.866667,10,C,11112010,88,0879,中甑,exact,0879,a,https://www.data.jma.go.jp/stats/etrn/view/rank_a.php?prec_no=88&block_no=0879&year=&month=&day=&view=
88151,川内,センダイ,Sendai,31.833333,130.315,5,C,11112010,88,0880,川内,exact,0880,a,https://www.data.jma.go.jp/stats/etrn/view/rank_a.php?prec_no=88&block_no=0880&year=&month=&day=&view=
88166,溝辺,ミゾベ：鹿児島空港,Mizobe,31.803333,130.718333,272,C,11110000,88,0881,溝辺,exact,0881,a,https://www.data.jma.go.jp/stats/etrn/view/rank_a.php?prec_no=88&block_no=0881&year=&month=&day=&view=
88261,東市来,ヒガシイチキ,Higashi-Ichiki,31.668333,130.328333,40,C,11112010,88,0883,東市来,exact,0883,a,https://www.data.jma.go.jp/stats/etrn/view/rank_a.php?prec_no=88&block_no=0883&year=&month=&day=&view=
88286,牧之原,マキノハラ,Makinohara,31.661667,130.843333,387,C,11112010,88,0935,牧之原,exact,0935,a,https://www.data.jma.go.jp/stats/etrn/view/rank_a.php?prec_no=88&block_no=0935&year=&month=&day=&view=
88317,鹿児島,カゴシマ,Kagoshima,31.555,130.546667,4,A,11111111,88,47827,鹿児島,exact,47827,s,https://www.data.jma.go.jp/stats/etrn/view/rank_s.php?prec_no=88&block_no=47827&year=&month=&day=&view=
88331,輝北,キホク,Kihoku,31.588333,130.855,360,C,11112010,88,1146,輝北,exact,1146,a,https://www.data.jma.go.jp/stats/etrn/view/rank_a.php?prec_no=88&block_no=1146&year=&month=&day=&view=
88371,加世田,カセダ,Kaseda,31.415,130.325,9,C,11112010,88,0887,加世田,exact,0887,a,https://www.data.jma.go.jp/stats/etrn/view/rank_a.php?prec_no=88&block_no=0887&year=&month=&day=&view=
88406,志布志,シブシ,Shibushi,31.478333,131.095,70,C,11112010,88,0936,志布志,exact,0936,a,https://www.data.jma.go.jp/stats/etrn/view/rank_a.php?prec_no=88&block_no=0936&year=&month=&day=&view=
88432,喜入,キイレ,Kiire,31.386667,130.54,4,C,11112010,88,0890,喜入,exact,0890,a,https://www.data.jma.go.jp/stats/etrn/view/rank_a.php?prec_no=88&block_no=0890&year=&month=&day=&view=
88442,鹿屋,カノヤ,Kanoya,31.391667,130.863333,63,C,11112010,88,0937,鹿屋,exact,0937,a,https://www.data.jma.go.jp/stats/etrn/view/rank_a.php?prec_no=88&block_no=0937&year=&month=&day=&view=
88447,肝付前田,キモツキマエダ,Kimotsuki-Maeda,31.34,130.938333,31,C,11112010,88,1181,肝付前田,exact,1181,a,https://www.data.jma.go.jp/stats/etrn/view/rank_a.php?prec_no=88&block_no=1181&year=&month=&day=&view=
88466,枕崎,マクラザキ,Makurazaki,31.271667,130.291667,30,B,11111011,88,47831,枕崎,exact,47831,s,https://www.data.jma.go.jp/stats/etrn/view/rank_s.php?prec_no=88&block_no=47831&year=&month=&day=&view=
88486,指宿,イブスキ,Ibusuki,31.25,130.636667,5,C,11112010,88,0893,指宿,exact,0893,a,https://www.data.jma.go.jp/stats/etrn/view/rank_a.php?prec_no=88&block_no=0893&year=&month=&day=&view=
88506,内之浦,ウチノウラ,Uchinoura,31.276667,131.055,8,C,11112010,88,0895,内之浦,exact,0895,a,https://www.data.jma.go.jp/stats/etrn/view/rank_a.php?prec_no=88&block_no=0895&year=&month=&day=&view=
88536,田代,タシロ,Tashiro,31.198333,130.843333,182,C,11112010,88,1136,田代,exact,1136,a,https://www.data.jma.go.jp/stats/etrn/view/rank_a.php?prec_no=88&block_no=1136&year=&month=&day=&view=
88612,種子島,タネガシマ,Tanegashima Island,30.72,130.981667,25,B,11111011,88,47837,種子島,exact,47837,s,https://www.data.jma.go.jp/stats/etrn/view/rank_s.php?prec_no=88&block_no=47837&year=&month=&day=&view=
88621,中種子,ナカタネ：種子島空港,Nakatane,30.605,130.991667,234,C,11110000,88,0897,中種子,exact,0897,a,https://www.data.jma.go.jp/stats/etrn/view/rank_a.php?prec_no=88&block_no=0897&year=&month=&day=&view=
88666,上中,カミナカ,Kaminaka,30.406667,130.901667,150,C,11112010,88,0898,上中,exact,0898,a,https://www.data.jma.go.jp/stats/etrn/view/rank_a.php?prec_no=88&block_no=0898&year=&month=&day=&view=
88686,屋久島,ヤクシマ：屋久島空港,Yakushima Island,30.385,130.658333,37,B,11111011,88,47836,屋久島,exact,47836,s,https://www.data.jma.go.jp/stats/etrn/view/rank_s.php?prec_no=88&block_no=47836&year=&month=&day=&view=
88706,尾之間,オノアイダ,Onoaida,30.235,130.555,60,C,11112010,88,0899,尾之間,exact,0899,a,https://www.data.jma.go.jp/stats/etrn/view/rank_a.php?prec_no=88&block_no=0899&year=&month=&day=&view=
88736,中之島,ナカノシマ,Nakanoshima Island,29.84,129.866667,220,C,11112010,88,1540,中之島,exact,1540,a,https://www.data.jma.go.jp/stats/etrn/view/rank_a.php?prec_no=88&block_no=1540&year=&month=&day=&view=
88821,笠利,カサリ：奄美空港,Kasari,28.43,129.711667,4,C,11110000,88,1520,笠利,exact,1520,a,https://www.data.jma.go.jp/stats/etrn/view/rank_a.php?prec_no=88&block_no=1520&year=&month=&day=&view=
88837,名瀬,ナゼ,Naze,28.385,129.493333,3,B,11111011,88,47909,名瀬,exact,47909,s,https://www.data.jma.go.jp/stats/etrn/view/rank_s.php?prec_no=88&block_no=47909&year=&month=&day=&view=
88851,喜界島,キカイジマ：喜界空港,Kikaijima Island,28.32,129.926667,5,C,11110000,88,1296,喜界島,exact,1296,a,https://www.data.jma.go.jp/stats/etrn/view/rank_a.php?prec_no=88&block_no=1296&year=&month=&day=&view=
88901,古仁屋,コニヤ,Koniya,28.143333,129.315,2,C,11112010,88,0980,古仁屋,exact,0980,a,https://www.data.jma.go.jp/stats/etrn/view/rank_a.php?prec_no=88&block_no=0980&year=&month=&day=&view=
88931,天城,アマギ：徳之島空港,Amagi,27.835,128.88,2,C,11110000,88,1542,天城,exact,1542,a,https://www.data.jma.go.jp/stats/etrn/view/rank_a.php?prec_no=88&block_no=1542&year=&month=&day=&view=
88956,伊仙,イセン,Isen,27.676667,128.973333,44,C,11112010,88,1139,伊仙,exact,1139,a,https://www.data.jma.go.jp/stats/etrn/view/rank_a.php?prec_no=88&block_no=1139&year=&month=&day=&view=
88971,沖永良部,オキノエラブ：沖永良部空港,Okinoerabu,27.431667,128.705,27,B,11111011,88,47942,沖永良部,exact,47942,s,https://www.data.jma.go.jp/stats/etrn/view/rank_s.php?prec_no=88&block_no=47942&year=&month=&day=&view=
88986,与論島,ヨロンジマ：与論空港,Yoronjima Island,27.043333,128.401667,14,C,11110000,88,1277,与論島,exact,1277,a,https://www.data.jma.go.jp/stats/etrn/view/rank_a.php?prec_no=88&block_no=1277&year=&month=&day=&view=
91011,伊是名,イゼナ,Izena,26.948333,127.94,14,C,11112010,91,1147,伊是名,exact,1147,a,https://www.data.jma.go.jp/stats/etrn/view/rank_a.php?prec_no=91&block_no=1147&year=&month=&day=&view=
91021,奥,オク,Oku,26.835,128.271667,232,C,11112010,91,0901,奥,exact,0901,a,https://www.data.jma.go.jp/stats/etrn/view/rank_a.php?prec_no=91&block_no=0901&year=&month=&day=&view=
91107,名護,ナゴ,Nago,26.593333,127.965,6,B,11111011,91,47940,名護,exact,47940,s,https://www.data.jma.go.jp/stats/etrn/view/rank_s.php?prec_no=91&block_no=47940&year=&month=&day=&view=
91141,北原,キタハラ：久米島空港,Kitahara,26.363333,126.713333,7,C,11110000,91,1534,北原,exact,1534,a,https://www.data.jma.go.jp/stats/etrn/view/rank_a.php?prec_no=91&block_no=1534&year=&month=&day=&view=
91146,久米島,クメジマ,Kumejima Island,26.336667,126.803333,5,B,11111011,91,47929,久米島,exact,47929,s,https://www.data.jma.go.jp/stats/etrn/view/rank_s.php?prec_no=91&block_no=47929&year=&month=&day=&view=
91166,宮城島,ミヤギジマ,Miyagijima Island,26.363333,127.971667,100,C,11112010,91,1596,宮城島,exact,1596,a,https://www.data.jma.go.jp/stats/etrn/view/rank_a.php?prec_no=91&block_no=1596&year=&month=&day=&view=
91181,渡嘉敷,トカシキ,Tokashiki,26.21,127.363333,220,C,11112010,91,1152,渡嘉敷,exact,1152,a,https://www.data.jma.go.jp/stats/etrn/view/rank_a.php?prec_no=91&block_no=1152&year=&month=&day=&view=
91197,那覇,ナハ,Naha,26.206667,127.686667,28,A,11111011,91,47936,那覇,exact,47936,s,https://www.data.jma.go.jp/stats/etrn/view/rank_s.php?prec_no=91&block_no=47936&year=&month=&day=&view=
91236,安次嶺,アシミネ：那覇空港,Ashimine,26.193333,127.638333,3,C,11110000,91,1482,安次嶺,exact,1482,a,https://www.data.jma.go.jp/stats/etrn/view/rank_a.php?prec_no=91&block_no=1482&year=&month=&day=&view=
91241,糸数,イトカズ,Itokazu,26.153333,127.765,186,C,11112010,91,0909,糸数,exact,0909,a,https://www.data.jma.go.jp/stats/etrn/view/rank_a.php?prec_no=91&block_no=0909&year=&month=&day=&view=
92006,北大東,キタダイトウ：北大東空港,Kita-Daito,25.943333,131.326667,22,C,11110000,91,1517,北大東,exact,1517,a,https://www.data.jma.go.jp/stats/etrn/view/rank_a.php?prec_no=91&block_no=1517&year=&month=&day=&view=
92011,南大東,ミナミダイトウ,Minami-Daito,25.828333,131.228333,15,A,11111011,91,47945,南大東,exact,47945,s,https://www.data.jma.go.jp/stats/etrn/view/rank_a.php?prec_no=91&block_no=47945&year=&month=&day=&view=
92012,旧東,キュウトウ：南大東空港,Kyuto,25.846667,131.263333,48,C,11110000,91,1518,旧東,exact,1518,a,https://www.data.jma.go.jp/stats/etrn/view/rank_a.php?prec_no=91&block_no=1518&year=&month=&day=&view=
93012,下地島,シモジシマ：下地島空港,Shimojishima Island,24.826667,125.143333,8,C,11110000,91,1490,下地島,exact,1490,a,https://www.data.jma.go.jp/stats/etrn/view/rank_a.php?prec_no=91&block_no=1490&year=&month=&day=&view=
93041,宮古島,ミヤコジマ,Miyakojima Island,24.793333,125.278333,39,A,11111011,91,47927,宮古島,exact,47927,s,https://www.data.jma.go.jp/stats/etrn/view/rank_a.php?prec_no=91&block_no=47927&year=&month=&day=&view=
93042,鏡原,カガミハラ：宮古空港,Kagamihara,24.781667,125.295,43,C,11110000,91,1483,鏡原,exact,1483,a,https://www.data.jma.go.jp/stats/etrn/view/rank_a.php?prec_no=91&block_no=1483&year=&month=&day=&view=
93062,仲筋,ナカスジ：多良間空港,Nakasuji,24.653333,124.675,10,C,11110000,91,1491,仲筋,exact,1491,a,https://www.data.jma.go.jp/stats/etrn/view/rank_a.php?prec_no=91&block_no=1491&year=&month=&day=&view=
94001,伊原間,イバルマ,Ibaruma,24.506667,124.28,11,C,11112010,91,1145,伊原間,exact,1145,a,https://www.data.jma.go.jp/stats/etrn/view/rank_a.php?prec_no=91&block_no=1145&year=&month=&day=&view=
94011,所野,トコロノ：与那国空港,Tokorono,24.466667,122.978333,15,C,11110000,91,1493,所野,exact,1493,a,https://www.data.jma.go.jp/stats/etrn/view/rank_a.php?prec_no=91&block_no=1493&year=&month=&day=&view=
94017,与那国島,ヨナグニジマ,Yonagunijima Island,24.466667,123.01,30,B,11111011,91,47912,与那国島,exact,47912,s,https://www.data.jma.go.jp/stats/etrn/view/rank_a.php?prec_no=91&block_no=47912&year=&month=&day=&view=
94062,西表島,イリオモテジマ,Iriomotejima Island,24.426667,123.765,10,B,11111011,91,47917,西表島,exact,47917,s,https://www.data.jma.go.jp/stats/etrn/view/rank_a.php?prec_no=91&block_no=47917year=&month=&day=&view=
94081,石垣島,イシガキジマ,Ishigakijima Island,24.336667,124.163333,6,A,11111011,91,47918,石垣島,exact,47918,s,https://www.data.jma.go.jp/stats/etrn/view/rank_a.php?prec_no=91&block_no=47918&year=&month=&day=&view=
94086,盛山,モリヤマ：石垣空港,Moriyama,24.395,124.245,31,C,11110000,91,1639,盛山,exact,1639,a,https://www.data.jma.go.jp/stats/etrn/view/rank_a.php?prec_no=91&block_no=1639&year=&month=&day=&view=
94101,大原,オオハラ,Ohara,24.265,123.871667,33,C,11112010,91,1251,大原,exact,1251,a,https://www.data.jma.go.jp/stats/etrn/view/rank_a.php?prec_no=91&block_no=1251&year=&month=&day=&view=
94116,波照間,ハテルマ,Hateruma,24.055,123.766667,38,C,11112010,91,1354,波照間,exact,1354,a,https://www.data.jma.go.jp/stats/etrn/view/rank_a.php?prec_no=91&block_no=1354&year=&month=&day=&view=
